t,q1,q2,q3,q4,q5,q6
0.0,0.019942182584270718,-0.2348335846975651,0.15562719559749105,0.018407936518046064,-0.012271634025064593,-0.006903192902244726
0.005092620849609375,0.019942182584270718,-0.2348335846975651,0.15562719559749105,0.018407936518046064,-0.012271634025064593,-0.006903192902244726
0.009985685348510742,0.019942182584270718,-0.2348335846975651,0.1556233605870041,0.018407936518046064,-0.011504643631122136,-0.006903192902244726
0.014891386032104492,0.019942182584270718,-0.2348335846975651,0.1556156905660293,0.018407936518046064,-0.01073765323717879,-0.006903192902244726
0.01999187469482422,0.019942182584270718,-0.2348335846975651,0.1556156905660293,0.018407936518046064,-0.01073765323717879,-0.006903192902244726
0.024871349334716797,0.019942182584270718,-0.2348335846975651,0.1556156905660293,0.018407936518046064,-0.009970662843236333,-0.006903192902244726
0.030001163482666016,0.019942182584270718,-0.2348335846975651,0.1556156905660293,0.018407936518046064,-0.009970662843236333,-0.006903192902244726
0.03497648239135742,0.019942182584270718,-0.2348335846975651,0.1556156905660293,0.018407936518046064,-0.009970662843236333,-0.006903192902244726
0.03997325897216797,0.019942182584270718,-0.2348335846975651,0.1556156905660293,0.018407936518046064,-0.009970662843236333,-0.006903192902244726
0.04498434066772461,0.019942182584270718,-0.2348335846975651,0.1556156905660293,0.018407936518046064,-0.009203672449292988,-0.006903192902244726
0.050006866455078125,0.019942182584270718,-0.2348335846975651,0.1556156905660293,0.018407936518046064,-0.009203672449292988,-0.006903192902244726
0.05498075485229492,0.019942182584270718,-0.2348335846975651,0.1556156905660293,0.018407936518046064,-0.00843668205535053,-0.006903192902244726
0.05988168716430664,0.019942182584270718,-0.23483741970805205,0.1556156905660293,0.018407936518046064,-0.00843668205535053,-0.006903192902244726
0.06498980522155762,0.019942182584270718,-0.23483741970805205,0.1556156905660293,0.018407936518046064,-0.00843668205535053,-0.006903192902244726
0.06999015808105469,0.019942182584270718,-0.23483741970805205,0.1556118555555419,0.018407936518046064,-0.00843668205535053,-0.006903192902244726
0.07494878768920898,0.019942182584270718,-0.23483741970805205,0.1556118555555419,0.018407936518046064,-0.00843668205535053,-0.006903192902244726
0.07997560501098633,0.019942182584270718,-0.23483741970805205,0.15558884549261798,0.018407936518046064,-0.007669691661407185,-0.006903192902244726
0.08494949340820312,0.019942182584270718,-0.23483741970805205,0.15558884549261798,0.018407936518046064,-0.007669691661407185,-0.006903192902244726
0.08998417854309082,0.019942182584270718,-0.23483741970805205,0.15555433039823185,0.018407936518046064,-0.006902701267464728,-0.006903192902244726
0.09511089324951172,0.019942182584270718,-0.23483741970805205,0.15555433039823185,0.018407936518046064,-0.006902701267464728,-0.006903192902244726
0.09993767738342285,0.019942182584270718,-0.23483741970805205,0.15554666037725706,0.018407936518046064,-0.006135710873522271,-0.007670183296187183
0.10487627983093262,0.019942182584270718,-0.23483741970805205,0.15554666037725706,0.018407936518046064,-0.005368720479578926,-0.007670183296187183
0.11051440238952637,0.019942182584270718,-0.23483741970805205,0.15554666037725706,0.018407936518046064,-0.005368720479578926,-0.007670183296187183
0.11488509178161621,0.019942182584270718,-0.23483741970805205,0.15554666037725706,0.018407936518046064,-0.0046017300856364685,-0.007670183296187183
0.11989283561706543,0.019942182584270718,-0.23483741970805205,0.15554666037725706,0.018407936518046064,-0.0046017300856364685,-0.007670183296187183
0.12492132186889648,0.019942182584270718,-0.23483741970805205,0.15554666037725706,0.018407936518046064,-0.0038347396916940113,-0.007670183296187183
0.12989115715026855,0.019942182584270718,-0.23483741970805205,0.15554666037725706,0.018407936518046064,-0.0038347396916940113,-0.007670183296187183
0.1349930763244629,0.019942182584270718,-0.2348412547185399,0.15554666037725706,0.018407936518046064,-0.003067749297750666,-0.007670183296187183
0.13994503021240234,0.019942182584270718,-0.2348412547185399,0.15554666037725706,0.018407936518046064,-0.003067749297750666,-0.007670183296187183
0.14509296417236328,0.019942182584270718,-0.2348412547185399,0.15554666037725706,0.018407936518046064,-0.002300758903808209,-0.007670183296187183
0.14989423751831055,0.019942182584270718,-0.2348412547185399,0.1555428253667701,0.018407936518046064,-0.0015337685098648635,-0.007670183296187183
0.15497875213623047,0.019942182584270718,-0.2348412547185399,0.1555428253667701,0.018407936518046064,-0.0015337685098648635,-0.007670183296187183
0.15986895561218262,0.019942182584270718,-0.23484508972902685,0.15552365031433313,0.018407936518046064,-0.0015337685098648635,-0.007670183296187183
0.16497349739074707,0.019942182584270718,-0.23484508972902685,0.15552365031433313,0.018407936518046064,-0.0015337685098648635,-0.007670183296187183
0.16989850997924805,0.019942182584270718,-0.2348489247395147,0.155508310272384,0.018407936518046064,-0.0007667781159224063,-0.007670183296187183
0.17487573623657227,0.019942182584270718,-0.2348489247395147,0.155508310272384,0.018407936518046064,-0.0007667781159224063,-0.007670183296187183
0.17988967895507812,0.019942182584270718,-0.23485275975000164,0.15545462012556133,0.018407936518046064,2.1227802093903847e-07,-0.007670183296187183
0.18499493598937988,0.019942182584270718,-0.23485275975000164,0.15545462012556133,0.018407936518046064,2.1227802093903847e-07,-0.007670183296187183
0.1899106502532959,0.019942182584270718,-0.23485275975000164,0.15541627002068825,0.018407936518046064,0.0007672026719633962,-0.007670183296187183
0.19489073753356934,0.019942182584270718,-0.23486042977097643,0.15538942494727692,0.018407936518046064,0.0007672026719633962,-0.007670183296187183
0.19992804527282715,0.019942182584270718,-0.23486042977097643,0.15538942494727692,0.018407936518046064,0.0007672026719633962,-0.007670183296187183
0.2048788070678711,0.019942182584270718,-0.23486809979195122,0.15537408490532734,0.018407936518046064,0.0015341930659058534,-0.008437173690130084
0.20987582206726074,0.019942182584270718,-0.23486809979195122,0.15537408490532734,0.018407936518046064,0.0015341930659058534,-0.008437173690130084
0.2148747444152832,0.019942182584270718,-0.23488152232865644,0.1553549098528908,0.018407936518046064,0.0023011834598491987,-0.008437173690130084
0.21988153457641602,0.019942182584270718,-0.23488152232865644,0.1553549098528908,0.018407936518046064,0.0023011834598491987,-0.008437173690130084
0.22487211227416992,0.019942182584270718,-0.2348911098548747,0.155347239831916,0.018407936518046064,0.003068173853791656,-0.008437173690130084
0.22997355461120605,0.019942182584270718,-0.2348911098548747,0.155347239831916,0.018407936518046064,0.003068173853791656,-0.008437173690130084
0.23489165306091309,0.019942182584270718,-0.2349026148863369,0.15534340482142905,0.018407936518046064,0.003068173853791656,-0.008437173690130084
0.23989200592041016,0.019942182584270718,-0.2349141199177991,0.15534340482142905,0.018407936518046064,0.003835164247734113,-0.008437173690130084
0.24495387077331543,0.019942182584270718,-0.2349141199177991,0.15534340482142905,0.018407936518046064,0.003835164247734113,-0.008437173690130084
0.24986982345581055,0.019942182584270718,-0.2349352124754791,0.15532806477947947,0.018407936518046064,0.003835164247734113,-0.008437173690130084
0.25487208366394043,0.019942182584270718,-0.2349352124754791,0.15532806477947947,0.018407936518046064,0.003835164247734113,-0.008437173690130084
0.25998997688293457,0.019942182584270718,-0.23495247002267217,0.15531272473752988,0.018407936518046064,0.004602154641677458,-0.008437173690130084
0.26490283012390137,0.019942182584270718,-0.23495247002267217,0.15531272473752988,0.018407936518046064,0.004602154641677458,-0.008437173690130084
0.2698700428009033,0.019942182584270718,-0.23496397505413436,0.15529354968509335,0.018407936518046064,0.004602154641677458,-0.008437173690130084
0.27494120597839355,0.019942182584270718,-0.23496397505413436,0.15529354968509335,0.018407936518046064,0.004602154641677458,-0.008437173690130084
0.28002071380615234,0.019942182584270718,-0.23496781006462175,0.1552782096431442,0.018407936518046064,0.004602154641677458,-0.008437173690130084
0.2848684787750244,0.019942182584270718,-0.23496781006462175,0.15522451949632154,0.018407936518046064,0.004602154641677458,-0.009204164084072985
0.2898893356323242,0.019942182584270718,-0.23496781006462175,0.15522451949632154,0.018407936518046064,0.004602154641677458,-0.009204164084072985
0.2948927879333496,0.019942182584270718,-0.2349716450751087,0.15519000440193542,0.018407936518046064,0.004602154641677458,-0.009204164084072985
0.29994940757751465,0.019942182584270718,-0.2349716450751087,0.15519000440193542,0.018407936518046064,0.004602154641677458,-0.009204164084072985
0.3048703670501709,0.019942182584270718,-0.23498890262230177,0.15502893396146789,0.018407936518046064,0.004602154641677458,-0.010738144871958788
0.30988335609436035,0.019942182584270718,-0.23498890262230177,0.15502893396146789,0.018407936518046064,0.004602154641677458,-0.010738144871958788
0.3149595260620117,0.019942182584270718,-0.23501766520095657,0.15490237861538603,0.018407936518046064,0.004602154641677458,-0.013039116053787048
0.31987881660461426,0.019942182584270718,-0.23501766520095657,0.15490237861538603,0.018407936518046064,0.004602154641677458,-0.013039116053787048
0.3250153064727783,0.019942182584270718,-0.23507327285302315,0.15476431823784154,0.018407936518046064,0.004602154641677458,-0.01457309684167285
0.3298773765563965,0.019942182584270718,-0.23513271551557668,0.15466844297565885,0.018407936518046064,0.004602154641677458,-0.015340087235615307
0.33487558364868164,0.019942182584270718,-0.23513271551557668,0.15466844297565885,0.018407936518046064,0.004602154641677458,-0.015340087235615307
0.33994269371032715,0.019942182584270718,-0.235219003251542,0.15454572264006394,0.018407936518046064,0.004602154641677458,-0.015340087235615307
0.3448982238769531,0.019942182584270718,-0.235219003251542,0.15454572264006394,0.018407936518046064,0.004602154641677458,-0.015340087235615307
0.34987783432006836,0.019942182584270718,-0.2352841984298264,0.15448052746177954,0.018407936518046064,0.004602154641677458,-0.015340087235615307
0.3549067974090576,0.019942182584270718,-0.2352841984298264,0.15448052746177954,0.018407936518046064,0.004602154641677458,-0.015340087235615307
0.3599083423614502,0.019942182584270718,-0.23533405356616166,0.15443067232544427,0.018407936518046064,0.004602154641677458,-0.015340087235615307
0.3649013042449951,0.019942182584270718,-0.23533405356616166,0.15443067232544427,0.018407936518046064,0.004602154641677458,-0.015340087235615307
0.36986875534057617,0.019942182584270718,-0.23534747610286733,0.15436547714715942,0.018407936518046064,0.004602154641677458,-0.015340087235615307
0.3748741149902344,0.019942182584270718,-0.23534747610286733,0.15435780712618463,0.018407936518046064,0.004602154641677458,-0.015340087235615307
0.37992286682128906,0.019942182584270718,-0.23534747610286733,0.15435780712618463,0.018407936518046064,0.004602154641677458,-0.015340087235615307
0.38487887382507324,0.019942182584270718,-0.23534747610286733,0.15435780712618463,0.018407936518046064,0.004602154641677458,-0.015340087235615307
0.38991427421569824,0.019942182584270718,-0.23534747610286733,0.15435780712618463,0.018407936518046064,0.004602154641677458,-0.015340087235615307
0.3949143886566162,0.019942182584270718,-0.23534747610286733,0.15432712704228635,0.018407936518046064,0.004602154641677458,-0.015340087235615307
0.39987778663635254,0.019942182584270718,-0.23534747610286733,0.15432712704228635,0.018407936518046064,0.004602154641677458,-0.015340087235615307
0.4049696922302246,0.019942182584270718,-0.23534747610286733,0.15430028196887502,0.018407936518046064,0.004602154641677458,-0.015340087235615307
0.4099001884460449,0.019942182584270718,-0.23534747610286733,0.15430028196887502,0.018407936518046064,0.004602154641677458,-0.015340087235615307
0.41492176055908203,0.019942182584270718,-0.2353532286185982,0.15425426184302715,0.018407936518046064,0.004602154641677458,-0.015340087235615307
0.4198794364929199,0.019942182584270718,-0.23536856866054734,0.15423508679059017,0.018407936518046064,0.004602154641677458,-0.015340087235615307
0.42487525939941406,0.019942182584270718,-0.23536856866054734,0.15423508679059017,0.018407936518046064,0.004602154641677458,-0.015340087235615307
0.4299347400665283,0.019942182584270718,-0.23539157872347172,0.15415838658084358,0.018407936518046064,0.004602154641677458,-0.015340087235615307
0.4349653720855713,0.019942182584270718,-0.23539157872347172,0.15415838658084358,0.018407936518046064,0.004602154641677458,-0.015340087235615307
0.43992137908935547,0.019942182584270718,-0.23541267128115173,0.15412387148645745,0.018407936518046064,0.004602154641677458,-0.015340087235615307
0.44498538970947266,0.019942182584270718,-0.23541267128115173,0.15412387148645745,0.018407936518046064,0.004602154641677458,-0.015340087235615307
0.44991278648376465,0.019942182584270718,-0.23542417631261392,0.15409702641304657,0.018407936518046064,0.004602154641677458,-0.015340087235615307
0.45490097999572754,0.019942182584270718,-0.23542417631261392,0.15409702641304657,0.018407936518046064,0.004602154641677458,-0.015340087235615307
0.45995545387268066,0.019942182584270718,-0.23544718637553785,0.15409702641304657,0.018407936518046064,0.004602154641677458,-0.015340087235615307
0.4648730754852295,0.019942182584270718,-0.23545485639651265,0.15409319140255917,0.018407936518046064,0.004602154641677458,-0.015340087235615307
0.46994805335998535,0.019942182584270718,-0.23545485639651265,0.15409319140255917,0.018407936518046064,0.004602154641677458,-0.015340087235615307
0.4748702049255371,0.019942182584270718,-0.2354586914069996,0.15408935639207177,0.018407936518046064,0.004602154641677458,-0.015340087235615307
0.47986340522766113,0.019942182584270718,-0.2354586914069996,0.15408935639207177,0.018407936518046064,0.004602154641677458,-0.015340087235615307
0.48491358757019043,0.019942182584270718,-0.23548553648041093,0.15408552138158438,0.018407936518046064,0.004602154641677458,-0.015340087235615307
0.48999953269958496,0.019942182584270718,-0.23548553648041093,0.15408552138158438,0.018407936518046064,0.004602154641677458,-0.015340087235615307
0.49486684799194336,0.019942182584270718,-0.23552772159577184,0.15408552138158438,0.018407936518046064,0.004602154641677458,-0.015340087235615307
0.5000884532928467,0.019942182584270718,-0.23552772159577184,0.15408552138158438,0.018407936518046064,0.004602154641677458,-0.015340087235615307
0.5048863887786865,0.019942182584270718,-0.23557949423735103,0.15408168637109698,0.018407936518046064,0.004602154641677458,-0.01610707762955821
0.5098745822906494,0.019942182584270718,-0.2356120918264928,0.15408168637109698,0.018407936518046064,0.004602154641677458,-0.01610707762955821
0.5148746967315674,0.019942182584270718,-0.2356120918264928,0.15408168637109698,0.018407936518046064,0.004602154641677458,-0.01610707762955821
0.5198850631713867,0.019942182584270718,-0.23563701939466064,0.15407785136060959,0.018407936518046064,0.004602154641677458,-0.01610707762955821
0.5249109268188477,0.019942182584270718,-0.23563701939466064,0.15407785136060959,0.018407936518046064,0.004602154641677458,-0.01610707762955821
0.5298810005187988,0.019942182584270718,-0.2356542769418537,0.15407785136060959,0.018407936518046064,0.004602154641677458,-0.01687406802350111
0.5348896980285645,0.019942182584270718,-0.2356542769418537,0.15407785136060959,0.018407936518046064,0.004602154641677458,-0.01687406802350111
0.5399401187896729,0.019942182584270718,-0.23567345199429024,0.15407018133963524,0.018407936518046064,0.004602154641677458,-0.01687406802350111
0.544903039932251,0.019942182584270718,-0.23567345199429024,0.15407018133963524,0.018407936518046064,0.004602154641677458,-0.01687406802350111
0.5498926639556885,0.019942182584270718,-0.23569646205721462,0.15406634632914784,0.018407936518046064,0.004602154641677458,-0.01687406802350111
0.5548841953277588,0.019942182584270718,-0.23572138962538203,0.15406251131866044,0.018407936518046064,0.004602154641677458,-0.01687406802350111
0.5599637031555176,0.019942182584270718,-0.23572138962538203,0.15406251131866044,0.018407936518046064,0.004602154641677458,-0.01687406802350111
0.5648887157440186,0.019942182584270718,-0.23574056467781856,0.15406251131866044,0.018407936518046064,0.004602154641677458,-0.01610707762955821
0.5699431896209717,0.019942182584270718,-0.23574056467781856,0.15406251131866044,0.018407936518046064,0.004602154641677458,-0.01610707762955821
0.5748786926269531,0.019942182584270718,-0.23578083228793556,0.15406251131866044,0.018407936518046064,0.004602154641677458,-0.01610707762955821
0.579911470413208,0.019942182584270718,-0.23578083228793556,0.15406251131866044,0.018407936518046064,0.004602154641677458,-0.01610707762955821
0.5850167274475098,0.019942182584270718,-0.23581534738232168,0.15406251131866044,0.018407936518046064,0.004602154641677458,-0.01610707762955821
0.5900125503540039,0.019942182584270718,-0.23581534738232168,0.15406251131866044,0.018407936518046064,0.004602154641677458,-0.01610707762955821
0.5949206352233887,0.019942182584270718,-0.23585561499243823,0.15405867630817305,0.018407936518046064,0.004602154641677458,-0.01610707762955821
0.6001734733581543,0.019942182584270718,-0.23589204759206783,0.15405867630817305,0.018407936518046064,0.004602154641677458,-0.01610707762955821
0.6049411296844482,0.019942182584270718,-0.23589204759206783,0.15405867630817305,0.018407936518046064,0.004602154641677458,-0.01610707762955821
0.609950065612793,0.019942182584270718,-0.23592848019169788,0.15405867630817305,0.018407936518046064,0.004602154641677458,-0.01610707762955821
0.6150054931640625,0.019942182584270718,-0.23592848019169788,0.15405867630817305,0.018407936518046064,0.004602154641677458,-0.01610707762955821
0.619983434677124,0.019942182584270718,-0.23594190272840354,0.15405867630817305,0.018407936518046064,0.004602154641677458,-0.01610707762955821
0.6249768733978271,0.019942182584270718,-0.23594190272840354,0.15405867630817305,0.018407936518046064,0.004602154641677458,-0.01610707762955821
0.6299271583557129,0.019942182584270718,-0.23594573773889094,0.15405867630817305,0.018407936518046064,0.004602154641677458,-0.01610707762955821
0.6350059509277344,0.019942182584270718,-0.23594573773889094,0.15405867630817305,0.018407936518046064,0.004602154641677458,-0.01610707762955821
0.6399850845336914,0.019942182584270718,-0.23594573773889094,0.15405867630817305,0.018407936518046064,0.004602154641677458,-0.01610707762955821
0.6448752880096436,0.019942182584270718,-0.23594573773889094,0.15405867630817305,0.018407936518046064,0.004602154641677458,-0.01610707762955821
0.6499578952789307,0.019942182584270718,-0.23594573773889094,0.15405867630817305,0.018407936518046064,0.004602154641677458,-0.01610707762955821
0.6548805236816406,0.019942182584270718,-0.23594573773889094,0.15405867630817305,0.018407936518046064,0.004602154641677458,-0.01610707762955821
0.6599109172821045,0.019942182584270718,-0.23594573773889094,0.15405867630817305,0.018407936518046064,0.004602154641677458,-0.01610707762955821
0.6649048328399658,0.019942182584270718,-0.23594573773889094,0.1540548412976861,0.018407936518046064,0.004602154641677458,-0.01610707762955821
0.6698822975158691,0.019942182584270718,-0.23594573773889094,0.1540548412976861,0.018407936518046064,0.004602154641677458,-0.01610707762955821
0.6749532222747803,0.019942182584270718,-0.23594573773889094,0.1540548412976861,0.018407936518046064,0.004602154641677458,-0.01610707762955821
0.6799373626708984,0.019942182584270718,-0.23594573773889094,0.1540548412976861,0.018407936518046064,0.004602154641677458,-0.01610707762955821
0.6849143505096436,0.019942182584270718,-0.23594573773889094,0.15405100628719826,0.018407936518046064,0.004602154641677458,-0.01687406802350111
0.6899118423461914,0.019942182584270718,-0.23594573773889094,0.1540471712767113,0.018407936518046064,0.004602154641677458,-0.01687406802350111
0.6949441432952881,0.019942182584270718,-0.23594573773889094,0.1540471712767113,0.018407936518046064,0.004602154641677458,-0.01687406802350111
0.699866771697998,0.019942182584270718,-0.23594573773889094,0.1540395012557365,0.018407936518046064,0.004602154641677458,-0.01687406802350111
0.704866886138916,0.019942182584270718,-0.23594573773889094,0.1540395012557365,0.018407936518046064,0.004602154641677458,-0.01687406802350111
0.7098672389984131,0.019942182584270718,-0.23594573773889094,0.1540395012557365,0.018407936518046064,0.004602154641677458,-0.01687406802350111
0.7148675918579102,0.019942182584270718,-0.23594573773889094,0.1540395012557365,0.018407936518046064,0.004602154641677458,-0.01687406802350111
0.7198677062988281,0.019942182584270718,-0.23594573773889094,0.1540395012557365,0.018407936518046064,0.005369145035620804,-0.01610707762955821
0.7249641418457031,0.019942182584270718,-0.23594573773889094,0.1540395012557365,0.018407936518046064,0.005369145035620804,-0.01610707762955821
0.72987961769104,0.019942182584270718,-0.23594573773889094,0.15403566624524911,0.018407936518046064,0.006136135429563261,-0.01610707762955821
0.734874963760376,0.019942182584270718,-0.23594573773889094,0.15403566624524911,0.018407936518046064,0.006903125823505718,-0.015340087235615307
0.7399187088012695,0.019942182584270718,-0.23594573773889094,0.15403566624524911,0.018407936518046064,0.006903125823505718,-0.015340087235615307
0.7448728084564209,0.019942182584270718,-0.23594573773889094,0.15403566624524911,0.018407936518046064,0.006903125823505718,-0.015340087235615307
0.7499346733093262,0.019942182584270718,-0.23594573773889094,0.15403566624524911,0.018407936518046064,0.006903125823505718,-0.015340087235615307
0.7549824714660645,0.019942182584270718,-0.23594573773889094,0.15403566624524911,0.018407936518046064,0.006903125823505718,-0.015340087235615307
0.7599186897277832,0.019942182584270718,-0.23594573773889094,0.15403566624524911,0.018407936518046064,0.006903125823505718,-0.015340087235615307
0.7649803161621094,0.019942182584270718,-0.23594573773889094,0.15403183123476172,0.018407936518046064,0.006903125823505718,-0.015340087235615307
0.7701225280761719,0.019942182584270718,-0.23594573773889094,0.15403183123476172,0.018407936518046064,0.006903125823505718,-0.015340087235615307
0.7749876976013184,0.019942182584270718,-0.23594573773889094,0.15402799622427477,0.018407936518046064,0.007670116217449063,-0.015340087235615307
0.7798840999603271,0.019942182584270718,-0.23594573773889094,0.15402416121378693,0.018407936518046064,0.00843710661139152,-0.01610707762955821
0.7849864959716797,0.019942182584270718,-0.23594573773889094,0.15402416121378693,0.018407936518046064,0.00843710661139152,-0.01610707762955821
0.7898695468902588,0.019942182584270718,-0.23594573773889094,0.15402416121378693,0.018407936518046064,0.00843710661139152,-0.01610707762955821
0.7949564456939697,0.019942182584270718,-0.23594573773889094,0.15402416121378693,0.018407936518046064,0.00843710661139152,-0.01610707762955821
0.7999825477600098,0.019942182584270718,-0.23594957274937833,0.15402416121378693,0.018407936518046064,0.009204097005333978,-0.01610707762955821
0.8049428462982178,0.019942182584270718,-0.23594957274937833,0.15402416121378693,0.018407936518046064,0.009204097005333978,-0.01610707762955821
0.8099801540374756,0.019942182584270718,-0.23596683029657095,0.15402416121378693,0.018407936518046064,0.009971087399277323,-0.01610707762955821
0.8149945735931396,0.019942182584270718,-0.23596683029657095,0.15402416121378693,0.018407936518046064,0.009971087399277323,-0.01610707762955821
0.819955587387085,0.019942182584270718,-0.235984087843764,0.15402416121378693,0.018407936518046064,0.01073807779321978,-0.01610707762955821
0.824882984161377,0.019942182584270718,-0.2360396954958306,0.15402416121378693,0.018407936518046064,0.01073807779321978,-0.01610707762955821
0.8299307823181152,0.019942182584270718,-0.2360396954958306,0.15402416121378693,0.018407936518046064,0.01073807779321978,-0.01610707762955821
0.8348770141601562,0.019942182584270718,-0.23609146813740933,0.15402032620329997,0.018407936518046064,0.011505068187163126,-0.01610707762955821
0.8399200439453125,0.019942182584270718,-0.23609146813740933,0.15402032620329997,0.018407936518046064,0.011505068187163126,-0.01610707762955821
0.8449444770812988,0.019942182584270718,-0.23613748826325764,0.15402032620329997,0.018407936518046064,0.012272058581105583,-0.01610707762955821
0.849923849105835,0.019942182584270718,-0.23613748826325764,0.15402032620329997,0.018407936518046064,0.012272058581105583,-0.01610707762955821
0.8549206256866455,0.019942182584270718,-0.23616816834715593,0.15401649119281213,0.018407936518046064,0.012272058581105583,-0.01610707762955821
0.8599169254302979,0.019942182584270718,-0.23616816834715593,0.15401649119281213,0.018407936518046064,0.012272058581105583,-0.01610707762955821
0.8649275302886963,0.019942182584270718,-0.23620843595727292,0.15401649119281213,0.018407936518046064,0.013039048975048928,-0.01610707762955821
0.8698656558990479,0.019942182584270718,-0.2362180234834912,0.15401265618232518,0.018407936518046064,0.013039048975048928,-0.01610707762955821
0.8749151229858398,0.019942182584270718,-0.2362180234834912,0.15401265618232518,0.018407936518046064,0.013039048975048928,-0.01610707762955821
0.8798842430114746,0.019942182584270718,-0.23622761100970946,0.15401265618232518,0.018407936518046064,0.013806039368991385,-0.015340087235615307
0.8849198818206787,0.019942182584270718,-0.23622761100970946,0.15401265618232518,0.018407936518046064,0.013806039368991385,-0.015340087235615307
0.8899590969085693,0.019942182584270718,-0.23623336352544033,0.15401265618232518,0.018407936518046064,0.013806039368991385,-0.015340087235615307
0.8949313163757324,0.019942182584270718,-0.23623336352544033,0.15401265618232518,0.018407936518046064,0.013806039368991385,-0.015340087235615307
0.8999428749084473,0.019942182584270718,-0.2362506210726334,0.15401265618232518,0.018407936518046064,0.013806039368991385,-0.015340087235615307
0.9049327373504639,0.019942182584270718,-0.2362506210726334,0.15401265618232518,0.018407936518046064,0.013806039368991385,-0.015340087235615307
0.9099609851837158,0.019942182584270718,-0.23627363113555777,0.15401265618232518,0.018407936518046064,0.014573029762933842,-0.015340087235615307
0.9148693084716797,0.019942182584270718,-0.23630239371421258,0.15401265618232518,0.018407936518046064,0.014573029762933842,-0.015340087235615307
0.9199151992797852,0.019942182584270718,-0.23630239371421258,0.15401265618232518,0.018407936518046064,0.014573029762933842,-0.015340087235615307
0.9250228404998779,0.019942182584270718,-0.23635608386103524,0.15401265618232518,0.018407936518046064,0.014573029762933842,-0.015340087235615307
0.9299769401550293,0.019942182584270718,-0.23635608386103524,0.15401265618232518,0.018407936518046064,0.014573029762933842,-0.015340087235615307
0.9349236488342285,0.019942182584270718,-0.2364308665655379,0.15401265618232518,0.018407936518046064,0.015340020156877188,-0.015340087235615307
0.9399118423461914,0.019942182584270718,-0.2364308665655379,0.15401265618232518,0.018407936518046064,0.015340020156877188,-0.015340087235615307
0.9449303150177002,0.019942182584270718,-0.2365152367962593,0.15401265618232518,0.018407936518046064,0.015340020156877188,-0.015340087235615307
0.9499342441558838,0.019942182584270718,-0.2365152367962593,0.15401265618232518,0.018407936518046064,0.015340020156877188,-0.015340087235615307
0.9549107551574707,0.019942182584270718,-0.2366648022052651,0.15401265618232518,0.018407936518046064,0.016107010550819645,-0.015340087235615307
0.9598715305328369,0.019942182584270718,-0.23682779015097655,0.15401265618232518,0.018407936518046064,0.016107010550819645,-0.015340087235615307
0.9649441242218018,0.019942182584270718,-0.23682779015097655,0.15401265618232518,0.018407936518046064,0.016107010550819645,-0.015340087235615307
0.9698703289031982,0.019942182584270718,-0.23708090084314026,0.15400882117183778,0.018407936518046064,0.016107010550819645,-0.015340087235615307
0.9748833179473877,0.019942182584270718,-0.23708090084314026,0.15400882117183778,0.018407936518046064,0.016107010550819645,-0.015340087235615307
0.9798846244812012,0.019942182584270718,-0.2373033314514057,0.15400882117183778,0.018407936518046064,0.016874000944762102,-0.015340087235615307
0.9848642349243164,0.019942182584270718,-0.2373033314514057,0.15400882117183778,0.018407936518046064,0.016874000944762102,-0.015340087235615307
0.9899044036865234,0.019942182584270718,-0.23766382243721473,0.15400882117183778,0.018407936518046064,0.017640991338705447,-0.015340087235615307
0.9949386119842529,0.019942182584270718,-0.23766382243721473,0.15400882117183778,0.018407936518046064,0.017640991338705447,-0.015340087235615307
0.9998667240142822,0.019942182584270718,-0.23795528323425152,0.15400882117183778,0.018407936518046064,0.018407981732648793,-0.015340087235615307
1.0049448013305664,0.019942182584270718,-0.23850752474442727,0.15400882117183778,0.018407936518046064,0.018407981732648793,-0.015340087235615307
1.0099139213562012,0.019942182584270718,-0.23850752474442727,0.15400882117183778,0.018407936518046064,0.018407981732648793,-0.015340087235615307
1.0148820877075195,0.019942182584270718,-0.23911345640142567,0.1540049861613504,0.018407936518046064,0.018407981732648793,-0.015340087235615307
1.0199475288391113,0.019942182584270718,-0.23911345640142567,0.1540049861613504,0.018407936518046064,0.018407981732648793,-0.015340087235615307
1.024918556213379,0.019942182584270718,-0.24019301185360886,0.1540049861613504,0.018407936518046064,0.01917497212659125,-0.015340087235615307
1.0299806594848633,0.019942182584270718,-0.24019301185360886,0.1540049861613504,0.018407936518046064,0.01917497212659125,-0.015340087235615307
1.0349197387695312,0.019942182584270718,-0.2408181185630438,0.1540049861613504,0.018407936518046064,0.019941962520533707,-0.015340087235615307
1.0399277210235596,0.019942182584270718,-0.2408181185630438,0.1540049861613504,0.018407936518046064,0.019941962520533707,-0.015340087235615307
1.0449163913726807,0.019942182584270718,-0.24144514277772222,0.1540049861613504,0.018407936518046064,0.020708952914477052,-0.015340087235615307
1.0498669147491455,0.019942182584270718,-0.24170208848037333,0.1540049861613504,0.018407936518046064,0.020708952914477052,-0.015340087235615307
1.054922342300415,0.019942182584270718,-0.24170208848037333,0.1540049861613504,0.018407936518046064,0.020708952914477052,-0.015340087235615307
1.0599889755249023,0.019942182584270718,-0.24172893355378466,0.1540049861613504,0.018407936518046064,0.02147594330841951,-0.015340087235615307
1.0649125576019287,0.019942182584270718,-0.24172893355378466,0.1540049861613504,0.018407936518046064,0.02147594330841951,-0.015340087235615307
1.0699183940887451,0.019942182584270718,-0.24162922328111414,0.1540049861613504,0.018407936518046064,0.022242933702361967,-0.015340087235615307
1.0749602317810059,0.019942182584270718,-0.24162922328111414,0.1540049861613504,0.018407936518046064,0.022242933702361967,-0.015340087235615307
1.0799381732940674,0.019942182584270718,-0.24154101803990535,0.1540049861613504,0.018407936518046064,0.02377691449024777,-0.015340087235615307
1.0849149227142334,0.019942182584270718,-0.24154101803990535,0.1540049861613504,0.018407936518046064,0.02377691449024777,-0.015340087235615307
1.0899567604064941,0.019942182584270718,-0.24154868806088015,0.1540049861613504,0.018407936518046064,0.024543904884191114,-0.015340087235615307
1.0948643684387207,0.019942182584270718,-0.24159662569197193,0.1540049861613504,0.018407936518046064,0.024543904884191114,-0.015340087235615307
1.099886417388916,0.019942182584270718,-0.24159662569197193,0.1540049861613504,0.018407936518046064,0.024543904884191114,-0.015340087235615307
1.1048946380615234,0.019942182584270718,-0.2416023782077028,0.1540049861613504,0.018407936518046064,0.02531089527813357,-0.015340087235615307
1.1098804473876953,0.019942182584270718,-0.2416023782077028,0.1540049861613504,0.018407936518046064,0.02531089527813357,-0.015340087235615307
1.115006446838379,0.019942182584270718,-0.241594708186728,0.1539973161403756,0.018407936518046064,0.026077885672076917,-0.015340087235615307
1.1199138164520264,0.019942182584270718,-0.241594708186728,0.1539973161403756,0.018407936518046064,0.026077885672076917,-0.015340087235615307
1.1249420642852783,0.019942182584270718,-0.24160046070245933,0.1539973161403756,0.018407936518046064,0.026844876066019374,-0.015340087235615307
1.1299524307250977,0.019942182584270718,-0.24160046070245933,0.1539973161403756,0.018407936518046064,0.026844876066019374,-0.015340087235615307
1.1348717212677002,0.019942182584270718,-0.24161388323916455,0.15399348112988864,0.018407936518046064,0.02761186645996183,-0.015340087235615307
1.1398987770080566,0.019942182584270718,-0.24161388323916455,0.15399348112988864,0.018407936518046064,0.028378856853905177,-0.015340087235615307
1.1449496746063232,0.019942182584270718,-0.24161388323916455,0.15399348112988864,0.018407936518046064,0.028378856853905177,-0.015340087235615307
1.1498808860778809,0.019942182584270718,-0.2416177182496524,0.15399348112988864,0.018407936518046064,0.02991283764179009,-0.015340087235615307
1.1549556255340576,0.019942182584270718,-0.2416177182496524,0.15399348112988864,0.018407936518046064,0.02991283764179009,-0.015340087235615307
1.1599056720733643,0.019942182584270718,-0.2416177182496524,0.15399348112988864,0.018407936518046064,0.030679828035733436,-0.01457309684167285
1.1649270057678223,0.019942182584270718,-0.2416177182496524,0.15399348112988864,0.018407936518046064,0.030679828035733436,-0.01457309684167285
1.1698830127716064,0.019942182584270718,-0.24162538827062674,0.15399348112988864,0.018407936518046064,0.03144681842967589,-0.01457309684167285
1.1749706268310547,0.019942182584270718,-0.24162538827062674,0.15399348112988864,0.018407936518046064,0.03144681842967589,-0.01457309684167285
1.1799371242523193,0.019942182584270718,-0.24162922328111414,0.15399348112988864,0.018407936518046064,0.03221380882361924,-0.01457309684167285
1.1849067211151123,0.019942182584270718,-0.241634975796845,0.15399348112988864,0.018407936518046064,0.032980799217561696,-0.01457309684167285
1.1899704933166504,0.019942182584270718,-0.241634975796845,0.15399348112988864,0.018407936518046064,0.032980799217561696,-0.01457309684167285
1.1948835849761963,0.019942182584270718,-0.24163689330208893,0.15399348112988864,0.018407936518046064,0.03374778961150504,-0.01457309684167285
1.1999092102050781,0.019942182584270718,-0.24163689330208893,0.15399348112988864,0.018407936518046064,0.03374778961150504,-0.01457309684167285
1.2049188613891602,0.019942182584270718,-0.24163689330208893,0.15399348112988864,0.018407936518046064,0.0345147800054475,-0.01457309684167285
1.2099225521087646,0.019942182584270718,-0.24163689330208893,0.15399348112988864,0.018407936518046064,0.0345147800054475,-0.01457309684167285
1.2149181365966797,0.019942182584270718,-0.24163689330208893,0.15399348112988864,0.018407936518046064,0.0360487607933333,-0.01457309684167285
1.2200005054473877,0.019942182584270718,-0.24163689330208893,0.15399348112988864,0.018407936518046064,0.0360487607933333,-0.01457309684167285
1.2249197959899902,0.019942182584270718,-0.24163689330208893,0.15399348112988864,0.018407936518046064,0.03681575118727576,-0.01457309684167285
1.2298681735992432,0.019942182584270718,-0.24163689330208893,0.15399348112988864,0.018407936518046064,0.037582741581218215,-0.01457309684167285
1.2349977493286133,0.019942182584270718,-0.24163689330208893,0.15399348112988864,0.018407936518046064,0.037582741581218215,-0.01457309684167285
1.2398791313171387,0.019942182584270718,-0.24163689330208893,0.15399348112988864,0.018407936518046064,0.03834973197516156,-0.01457309684167285
1.2449119091033936,0.019942182584270718,-0.24163689330208893,0.15399348112988864,0.018407936518046064,0.03834973197516156,-0.01457309684167285
1.2499971389770508,0.019942182584270718,-0.24163689330208893,0.15399348112988864,0.018407936518046064,0.039116722369104906,-0.01457309684167285
1.2549850940704346,0.019942182584270718,-0.24163689330208893,0.15399348112988864,0.018407936518046064,0.039116722369104906,-0.01457309684167285
1.2599937915802002,0.019942182584270718,-0.24163689330208893,0.15399348112988864,0.018407936518046064,0.03988371276304736,-0.01457309684167285
1.2650022506713867,0.019942182584270718,-0.24163689330208893,0.15399348112988864,0.018407936518046064,0.03988371276304736,-0.01457309684167285
1.269944190979004,0.019942182584270718,-0.24163689330208893,0.15399348112988864,0.018407936518046064,0.041417693550933166,-0.01457309684167285
1.2748897075653076,0.019942182584270718,-0.24163689330208893,0.15399348112988864,0.018407936518046064,0.04218468394487562,-0.01457309684167285
1.2800464630126953,0.019942182584270718,-0.24163689330208893,0.15399348112988864,0.018407936518046064,0.04218468394487562,-0.01457309684167285
1.2849512100219727,0.019942182584270718,-0.24163689330208893,0.1539973161403756,0.018407936518046064,0.043718664732761425,-0.01457309684167285
1.2899713516235352,0.019942182584270718,-0.24163689330208893,0.1539973161403756,0.018407936518046064,0.043718664732761425,-0.01457309684167285
1.2949926853179932,0.019942182584270718,-0.24163689330208893,0.1539973161403756,0.018407936518046064,0.04448565512670388,-0.01457309684167285
1.300349473953247,0.019942182584270718,-0.24163689330208893,0.1539973161403756,0.018407936518046064,0.04448565512670388,-0.01457309684167285
1.3049113750457764,0.019942182584270718,-0.24163689330208893,0.1539973161403756,0.018407936518046064,0.04525264552064723,-0.01457309684167285
1.3099050521850586,0.019942182584270718,-0.24163689330208893,0.1539973161403756,0.018407936518046064,0.04525264552064723,-0.01457309684167285
1.3148698806762695,0.019942182584270718,-0.24163689330208893,0.1539973161403756,0.018407936518046064,0.046019635914589685,-0.01457309684167285
1.3199124336242676,0.019942182584270718,-0.24163689330208893,0.1539973161403756,0.018407936518046064,0.04755361670247549,-0.013806106447729949
1.3249890804290771,0.019942182584270718,-0.24163689330208893,0.1539973161403756,0.018407936518046064,0.04755361670247549,-0.013806106447729949
1.3298676013946533,0.019942182584270718,-0.24163689330208893,0.1539973161403756,0.018407936518046064,0.048320607096417945,-0.013039116053787048
1.3349661827087402,0.019942182584270718,-0.24163689330208893,0.1539973161403756,0.018407936518046064,0.048320607096417945,-0.013039116053787048
1.3400051593780518,0.019942182584270718,-0.24163689330208893,0.15400115115086344,0.018407936518046064,0.04985458788430375,-0.013039116053787048
1.344975471496582,0.019942182584270718,-0.24163689330208893,0.15400115115086344,0.018407936518046064,0.04985458788430375,-0.013039116053787048
1.3499798774719238,0.019942182584270718,-0.24163689330208893,0.15400115115086344,0.018407936518046064,0.05138856867218955,-0.013039116053787048
1.3549597263336182,0.019942182584270718,-0.24163689330208893,0.15400115115086344,0.018407936518046064,0.05138856867218955,-0.013039116053787048
1.3599810600280762,0.019942182584270718,-0.24163689330208893,0.1540049861613504,0.018407936518046064,0.052155559066132895,-0.013039116053787048
1.3648850917816162,0.019942182584270718,-0.24163689330208893,0.1540049861613504,0.018407936518046064,0.05368953985401781,-0.012272125659844146
1.3698928356170654,0.019942182584270718,-0.24163689330208893,0.1540049861613504,0.018407936518046064,0.05368953985401781,-0.012272125659844146
1.374866008758545,0.019942182584270718,-0.24163689330208893,0.1540049861613504,0.018407936518046064,0.054456530247961155,-0.011505135265901245
1.3799784183502197,0.019942182584270718,-0.24163689330208893,0.1540049861613504,0.018407936518046064,0.054456530247961155,-0.011505135265901245
1.3849799633026123,0.019942182584270718,-0.24163689330208893,0.1540049861613504,0.018407936518046064,0.05599051103584607,-0.009204164084072985
1.3899810314178467,0.019942182584270718,-0.24163689330208893,0.1540049861613504,0.018407936518046064,0.05599051103584607,-0.009204164084072985
1.3949830532073975,0.019942182584270718,-0.24163689330208893,0.1540049861613504,0.018407936518046064,0.05752449182373187,-0.006903192902244726
1.4000937938690186,0.019942182584270718,-0.24163689330208893,0.1540049861613504,0.018407936518046064,0.05752449182373187,-0.006903192902244726
1.4049808979034424,0.019942182584270718,-0.24163689330208893,0.1540049861613504,0.018407936518046064,0.059058472611617674,-0.0061362025083013805
1.4098784923553467,0.019942182584270718,-0.24163689330208893,0.15400882117183778,0.018407936518046064,0.05982546300556102,-0.0061362025083013805
1.4150614738464355,0.019942182584270718,-0.24163689330208893,0.15400882117183778,0.018407936518046064,0.05982546300556102,-0.0061362025083013805
1.4198684692382812,0.019942182584270718,-0.24163689330208893,0.15400882117183778,0.018407936518046064,0.060592453399503476,-0.005369212114358923
1.424943208694458,0.019942182584270718,-0.24163689330208893,0.15400882117183778,0.018407936518046064,0.060592453399503476,-0.005369212114358923
1.4300005435943604,0.019942182584270718,-0.24163689330208893,0.15400882117183778,0.018407936518046064,0.06289342458133174,-0.003835231326473121
1.4349853992462158,0.019942182584270718,-0.24163689330208893,0.15400882117183778,0.018407936518046064,0.06289342458133174,-0.003835231326473121
1.4399783611297607,0.019942182584270718,-0.24163689330208893,0.15400882117183778,0.018407936518046064,0.06442740536921754,-0.0023012505385873183
1.4450230598449707,0.019942182584270718,-0.24163689330208893,0.15400882117183778,0.018407936518046064,0.06442740536921754,-0.0023012505385873183
1.4499781131744385,0.019942182584270718,-0.24163689330208893,0.15401265618232518,0.018407936518046064,0.06596138615710334,-2.7935675905865764e-07
1.4548780918121338,0.019942182584270718,-0.24163689330208893,0.15401265618232518,0.018407936518046064,0.0667283765510458,0.0007667110371838426
1.4599881172180176,0.019942182584270718,-0.24163689330208893,0.15401265618232518,0.018407936518046064,0.0667283765510458,0.0007667110371838426
1.4649231433868408,0.019942182584270718,-0.24163689330208893,0.15401265618232518,0.018407936518046064,0.0682623573389316,0.0015337014311267438
1.4699909687042236,0.019942182584270718,-0.24163689330208893,0.15401265618232518,0.018407936518046064,0.0682623573389316,0.0015337014311267438
1.4749886989593506,0.019942182584270718,-0.24163689330208893,0.15401265618232518,0.018407936518046064,0.0697963381268174,0.0015337014311267438
1.4799768924713135,0.019942182584270718,-0.24163689330208893,0.15401265618232518,0.018407936518046064,0.0697963381268174,0.0015337014311267438
1.4849867820739746,0.019942182584270718,-0.24163689330208893,0.15401649119281213,0.018407936518046064,0.07133031891470232,0.002300691825069201
1.4900033473968506,0.019942182584270718,-0.24163689330208893,0.15401649119281213,0.018407936518046064,0.07133031891470232,0.002300691825069201
1.4949803352355957,0.019942182584270718,-0.24163689330208893,0.15401649119281213,0.018407936518046064,0.07286429970258901,0.002300691825069201
1.4998815059661865,0.019942182584270718,-0.24163689330208893,0.15401649119281213,0.018407936518046064,0.07363129009653147,0.002300691825069201
1.5049610137939453,0.019942182584270718,-0.24163689330208893,0.15401649119281213,0.018407936518046064,0.07363129009653147,0.002300691825069201
1.509876012802124,0.019942182584270718,-0.24163689330208893,0.15401649119281213,0.018407936518046064,0.07516527088441727,0.002300691825069201
1.514988899230957,0.019942182584270718,-0.24163689330208893,0.15401649119281213,0.018407936518046064,0.07516527088441727,0.002300691825069201
1.519918441772461,0.019942182584270718,-0.24163689330208893,0.15401649119281213,0.018407936518046064,0.07669925167230218,0.002300691825069201
1.524998426437378,0.019942182584270718,-0.24163689330208893,0.15401649119281213,0.018407936518046064,0.07669925167230218,0.002300691825069201
1.529975175857544,0.019942182584270718,-0.24163689330208893,0.15402032620329997,0.018407936518046064,0.07823323246018798,0.0030676822190121023
1.5350444316864014,0.019942182584270718,-0.24163689330208893,0.15402032620329997,0.018407936518046064,0.07823323246018798,0.0030676822190121023
1.5399973392486572,0.019942182584270718,-0.24163689330208893,0.15402032620329997,0.018407936518046064,0.07900022285413133,0.0038346726129550035
1.5448906421661377,0.019942182584270718,-0.24163689330208893,0.15402032620329997,0.018407936518046064,0.08053420364201713,0.005368653400840806
1.5499815940856934,0.019942182584270718,-0.24163689330208893,0.15402032620329997,0.018407936518046064,0.08053420364201713,0.005368653400840806
1.554870367050171,0.019942182584270718,-0.24163689330208893,0.15402224370854345,0.018407936518046064,0.08206818442990205,0.0069026341887266085
1.5599884986877441,0.019942182584270718,-0.24163689330208893,0.15402224370854345,0.018407936518046064,0.08206818442990205,0.0069026341887266085
1.565579891204834,0.019942182584270718,-0.24163689330208893,0.15402416121378693,0.018407936518046064,0.08360216521778785,0.007669624582669066
1.570021629333496,0.019942182584270718,-0.24163689330208893,0.15402416121378693,0.018407936518046064,0.08360216521778785,0.007669624582669066
1.5749833583831787,0.019942182584270718,-0.24163689330208893,0.15402416121378693,0.018407936518046064,0.0843691556117303,0.008436614976611967
1.5800437927246094,0.019942182584270718,-0.24163689330208893,0.15402416121378693,0.018407936518046064,0.0843691556117303,0.008436614976611967
1.584907054901123,0.019942182584270718,-0.24163689330208893,0.15402416121378693,0.018407936518046064,0.085903136399617,0.008436614976611967
1.589881420135498,0.019942182584270718,-0.24163689330208893,0.15402416121378693,0.018407936518046064,0.08667012679355945,0.008436614976611967
1.5949783325195312,0.019942182584270718,-0.24163689330208893,0.15402416121378693,0.018407936518046064,0.08667012679355945,0.008436614976611967
1.5998764038085938,0.019942182584270718,-0.24163689330208893,0.15402416121378693,0.018407936518046064,0.08743711718750191,0.008436614976611967
1.6049869060516357,0.019942182584270718,-0.24163689330208893,0.15402416121378693,0.018407936518046064,0.08743711718750191,0.008436614976611967
1.6099867820739746,0.019942182584270718,-0.24163689330208893,0.15402416121378693,0.018407936518046064,0.08897109797538771,0.008436614976611967
1.6150188446044922,0.019942182584270718,-0.24163689330208893,0.15402416121378693,0.018407936518046064,0.08897109797538771,0.008436614976611967
1.6198704242706299,0.019942182584270718,-0.24163689330208893,0.15402799622427477,0.018407936518046064,0.08973808836933017,0.008436614976611967
1.6249923706054688,0.019942182584270718,-0.24163689330208893,0.15402799622427477,0.018407936518046064,0.08973808836933017,0.008436614976611967
1.6299183368682861,0.019942182584270718,-0.24163689330208893,0.15403183123476172,0.018407936518046064,0.09050507876327352,0.008436614976611967
1.6348793506622314,0.019942182584270718,-0.24163689330208893,0.15403183123476172,0.018407936518046064,0.09203905955115932,0.008436614976611967
1.639932632446289,0.019942182584270718,-0.24163689330208893,0.15403183123476172,0.018407936518046064,0.09203905955115932,0.008436614976611967
1.6448686122894287,0.019942182584270718,-0.24163689330208893,0.15403183123476172,0.018407936518046064,0.09280604994510178,0.008436614976611967
1.6499834060668945,0.019942182584270718,-0.24163689330208893,0.15403183123476172,0.018407936518046064,0.09280604994510178,0.008436614976611967
1.65498685836792,0.019942182584270718,-0.24163689330208893,0.15403183123476172,0.018407936518046064,0.09357304033904512,0.008436614976611967
1.659904956817627,0.019942182584270718,-0.24163689330208893,0.15403183123476172,0.018407936518046064,0.09357304033904512,0.008436614976611967
1.6649327278137207,0.019942182584270718,-0.24163689330208893,0.15403183123476172,0.018407936518046064,0.09434003073298758,0.008436614976611967
1.6699855327606201,0.019942182584270718,-0.24163689330208893,0.15403183123476172,0.018407936518046064,0.09434003073298758,0.008436614976611967
1.6749694347381592,0.019942182584270718,-0.24163689330208893,0.15403183123476172,0.018407936518046064,0.09587401152087338,0.008436614976611967
1.6799085140228271,0.019942182584270718,-0.24163689330208893,0.15403566624524911,0.018407936518046064,0.0974079923087583,0.008436614976611967
1.6850190162658691,0.019942182584270718,-0.24163689330208893,0.15403566624524911,0.018407936518046064,0.0974079923087583,0.008436614976611967
1.68996262550354,0.019942182584270718,-0.24163689330208893,0.15403566624524911,0.018407936518046064,0.0989419730966441,0.008436614976611967
1.6950011253356934,0.019942182584270718,-0.24163689330208893,0.15403566624524911,0.018407936518046064,0.0989419730966441,0.008436614976611967
1.6999540328979492,0.019942182584270718,-0.24163689330208893,0.15403566624524911,0.018407936518046064,0.09970896349058744,0.008436614976611967
1.705064296722412,0.019942182584270718,-0.24163689330208893,0.15403566624524911,0.018407936518046064,0.09970896349058744,0.008436614976611967
1.7100677490234375,0.019942182584270718,-0.24163689330208893,0.15403566624524911,0.018407936518046064,0.1004759538845299,0.008436614976611967
1.7149620056152344,0.019942182584270718,-0.24163689330208893,0.15403566624524911,0.018407936518046064,0.1004759538845299,0.008436614976611967
1.7200071811676025,0.019942182584270718,-0.24163689330208893,0.15403566624524911,0.018407936518046064,0.1020099346724157,0.008436614976611967
1.724912166595459,0.019942182584270718,-0.24163689330208893,0.15403566624524911,0.018407936518046064,0.1035439154603015,0.008436614976611967
1.729984998703003,0.019942182584270718,-0.24163689330208893,0.15403566624524911,0.018407936518046064,0.1035439154603015,0.008436614976611967
1.7348718643188477,0.019942182584270718,-0.24163689330208893,0.15403566624524911,0.018407936518046064,0.10507789624818642,0.008436614976611967
1.7398815155029297,0.019942182584270718,-0.24163689330208893,0.15403566624524911,0.018407936518046064,0.10507789624818642,0.008436614976611967
1.74491548538208,0.019942182584270718,-0.24163689330208893,0.15403566624524911,0.018407936518046064,0.10584488664212977,0.008436614976611967
1.7499489784240723,0.019942182584270718,-0.24163689330208893,0.15403566624524911,0.018407936518046064,0.10584488664212977,0.008436614976611967
1.7548739910125732,0.019942182584270718,-0.24163689330208893,0.15403566624524911,0.018407936518046064,0.10737886743001557,0.007669624582669066
1.75994873046875,0.019942182584270718,-0.24163689330208893,0.15403566624524911,0.018407936518046064,0.10737886743001557,0.007669624582669066
1.7648801803588867,0.019942182584270718,-0.24163689330208893,0.15403566624524911,0.018407936518046064,0.10891284821790137,0.007669624582669066
1.7698664665222168,0.019942182584270718,-0.24163689330208893,0.15403566624524911,0.018407936518046064,0.11044682900578628,0.007669624582669066
1.7749865055084229,0.019942182584270718,-0.24163689330208893,0.15403566624524911,0.018407936518046064,0.11044682900578628,0.007669624582669066
1.779904842376709,0.019942182584270718,-0.24163689330208893,0.15403566624524911,0.018407936518046064,0.11198080979367209,0.007669624582669066
1.78486967086792,0.019942182584270718,-0.24163689330208893,0.15403566624524911,0.018407936518046064,0.11198080979367209,0.007669624582669066
1.7899799346923828,0.019942182584270718,-0.24163689330208893,0.15403566624524911,0.018407936518046064,0.11274780018761543,0.007669624582669066
1.794908046722412,0.019942182584270718,-0.24163689330208893,0.15403566624524911,0.018407936518046064,0.11274780018761543,0.007669624582669066
1.7998735904693604,0.019942182584270718,-0.24163689330208893,0.15403566624524911,0.018407936518046064,0.11428178097550123,0.007669624582669066
1.8050312995910645,0.019942182584270718,-0.24163689330208893,0.15403566624524911,0.018407936518046064,0.11428178097550123,0.007669624582669066
1.8099236488342285,0.019942182584270718,-0.24163689330208893,0.15403566624524911,0.018407936518046064,0.1165827521573295,0.007669624582669066
1.8148972988128662,0.019942182584270718,-0.24163689330208893,0.1540395012557365,0.018407936518046064,0.11734974255127195,0.007669624582669066
1.8198857307434082,0.019942182584270718,-0.24163689330208893,0.1540395012557365,0.018407936518046064,0.11734974255127195,0.007669624582669066
1.824873685836792,0.019942182584270718,-0.24163689330208893,0.1540395012557365,0.018407936518046064,0.11888372333915775,0.007669624582669066
1.8298757076263428,0.019942182584270718,-0.24163689330208893,0.1540395012557365,0.018407936518046064,0.11888372333915775,0.007669624582669066
1.8348743915557861,0.019942182584270718,-0.24163689330208893,0.1540395012557365,0.018407936518046064,0.12041770412704356,0.007669624582669066
1.8398730754852295,0.019942182584270718,-0.24163689330208893,0.1540395012557365,0.018407936518046064,0.12041770412704356,0.007669624582669066
1.8448708057403564,0.019942182584270718,-0.24163689330208893,0.1540395012557365,0.018407936518046064,0.12271867530887182,0.007669624582669066
1.8500125408172607,0.019942182584270718,-0.24163689330208893,0.1540395012557365,0.018407936518046064,0.12271867530887182,0.007669624582669066
1.854872226715088,0.019942182584270718,-0.24163689330208893,0.1540395012557365,0.018407936518046064,0.12425265609675762,0.007669624582669066
1.8598709106445312,0.019942182584270718,-0.24163689330208893,0.1540395012557365,0.018407936518046064,0.12578663688464342,0.008436614976611967
1.8649892807006836,0.019942182584270718,-0.24163689330208893,0.1540395012557365,0.018407936518046064,0.12578663688464342,0.008436614976611967
1.8698675632476807,0.019942182584270718,-0.24163689330208893,0.1540395012557365,0.018407936518046064,0.12732061767252922,0.008436614976611967
1.8749427795410156,0.019942182584270718,-0.24163689330208893,0.1540395012557365,0.018407936518046064,0.12732061767252922,0.008436614976611967
1.8799784183502197,0.019942182584270718,-0.24163689330208893,0.1540395012557365,0.018407936518046064,0.12962158885435748,0.008436614976611967
1.885303020477295,0.019942182584270718,-0.24163689330208893,0.1540395012557365,0.018407936518046064,0.12962158885435748,0.008436614976611967
1.8899915218353271,0.019942182584270718,-0.24163689330208893,0.1540395012557365,0.018407936518046064,0.1311555696422424,0.008436614976611967
1.894981861114502,0.019942182584270718,-0.24163689330208893,0.1540395012557365,0.018407936518046064,0.1311555696422424,0.008436614976611967
1.899914026260376,0.019942182584270718,-0.24163689330208893,0.15404141876098,0.018407936518046064,0.1326895504301282,0.008436614976611967
1.9048893451690674,0.019942182584270718,-0.24163689330208893,0.15404141876098,0.018407936518046064,0.134223531218014,0.008436614976611967
1.910003900527954,0.019942182584270718,-0.24163689330208893,0.15404141876098,0.018407936518046064,0.134223531218014,0.008436614976611967
1.9148707389831543,0.019942182584270718,-0.24164072831257588,0.15404141876098,0.018407936518046064,0.1357575120058998,0.008436614976611967
1.9198806285858154,0.019942182584270718,-0.24164072831257588,0.15404141876098,0.018407936518046064,0.1357575120058998,0.008436614976611967
1.9249331951141357,0.019942182584270718,-0.24164072831257588,0.15404141876098,0.018407936518046064,0.13805848318772806,0.008436614976611967
1.929879903793335,0.019942182584270718,-0.24164072831257588,0.15404141876098,0.018407936518046064,0.13805848318772806,0.008436614976611967
1.9348797798156738,0.019942182584270718,-0.24164072831257588,0.15404333626622346,0.018407936518046064,0.13959246397561387,0.008436614976611967
1.9399547576904297,0.019942182584270718,-0.24164072831257588,0.15404333626622346,0.018407936518046064,0.13959246397561387,0.008436614976611967
1.9449725151062012,0.019942182584270718,-0.24164072831257588,0.15404333626622346,0.018407936518046064,0.14112644476349967,0.008436614976611967
1.9498803615570068,0.019942182584270718,-0.24164072831257588,0.15404333626622346,0.018407936518046064,0.14342741594532793,0.008436614976611967
1.9549226760864258,0.019942182584270718,-0.24164072831257588,0.15404333626622346,0.018407936518046064,0.14342741594532793,0.008436614976611967
1.9598684310913086,0.019942182584270718,-0.24164072831257588,0.15404333626622346,0.018407936518046064,0.14496139673321373,0.008436614976611967
1.964928150177002,0.019942182584270718,-0.24164072831257588,0.15404333626622346,0.018407936518046064,0.14496139673321373,0.008436614976611967
1.9699866771697998,0.019942182584270718,-0.24164072831257588,0.15404333626622346,0.018407936518046064,0.14649537752109953,0.008436614976611967
1.974994421005249,0.019942182584270718,-0.24164072831257588,0.15404333626622346,0.018407936518046064,0.14649537752109953,0.008436614976611967
1.9799251556396484,0.019942182584270718,-0.24164072831257588,0.15404333626622346,0.018407936518046064,0.1487963487029278,0.008436614976611967
1.9849300384521484,0.019942182584270718,-0.24164072831257588,0.15404333626622346,0.018407936518046064,0.1487963487029278,0.008436614976611967
1.9898850917816162,0.019942182584270718,-0.24164072831257588,0.15404333626622346,0.018407936518046064,0.1503303294908136,0.008436614976611967
1.9948792457580566,0.019942182584270718,-0.24164456332306372,0.15404333626622346,0.018407936518046064,0.1518643102786985,0.008436614976611967
1.9999480247497559,0.019942182584270718,-0.24164456332306372,0.15404333626622346,0.018407936518046064,0.1518643102786985,0.008436614976611967
2.0048694610595703,0.019942182584270718,-0.24164456332306372,0.15404333626622346,0.018407936518046064,0.15416528146052766,0.008436614976611967
2.0099148750305176,0.019942182584270718,-0.24164456332306372,0.15404333626622346,0.018407936518046064,0.15416528146052766,0.008436614976611967
2.014965534210205,0.019942182584270718,-0.24164456332306372,0.15404333626622346,0.018407936518046064,0.15569926224841346,0.008436614976611967
2.01987624168396,0.019942182584270718,-0.24164456332306372,0.15404333626622346,0.018407936518046064,0.15569926224841346,0.008436614976611967
2.0248754024505615,0.019942182584270718,-0.24164839833355067,0.15404333626622346,0.018407936518046064,0.15800023343024172,0.008436614976611967
2.0299384593963623,0.019942182584270718,-0.24164839833355067,0.15404333626622346,0.018407936518046064,0.15800023343024172,0.008436614976611967
2.034884214401245,0.019942182584270718,-0.24165223334403807,0.15404333626622346,0.018407936518046064,0.15953421421812752,0.008436614976611967
2.040635108947754,0.019942182584270718,-0.24165606835452547,0.15404333626622346,0.018407936518046064,0.16183518539995578,0.008436614976611967
2.0448966026306152,0.019942182584270718,-0.24165606835452547,0.15404333626622346,0.018407936518046064,0.16183518539995578,0.008436614976611967
2.0498790740966797,0.019942182584270718,-0.24165990336501242,0.15404333626622346,0.018407936518046064,0.16336916618784159,0.008436614976611967
2.0558109283447266,0.019942182584270718,-0.24165990336501242,0.15404333626622346,0.018407936518046064,0.16336916618784159,0.008436614976611967
2.0599184036254883,0.019942182584270718,-0.24166373837550026,0.15404333626622346,0.018407936518046064,0.1649031469757265,0.008436614976611967
2.0649209022521973,0.019942182584270718,-0.24166373837550026,0.15404333626622346,0.018407936518046064,0.1649031469757265,0.008436614976611967
2.069934129714966,0.019942182584270718,-0.2416675733859872,0.15404333626622346,0.018407936518046064,0.16720411815755565,0.008436614976611967
2.074944019317627,0.019942182584270718,-0.2416675733859872,0.15404333626622346,0.018407936518046064,0.16720411815755565,0.008436614976611967
2.0799922943115234,0.019942182584270718,-0.2416675733859872,0.15404333626622346,0.018407936518046064,0.16873809894544145,0.007669624582669066
2.084874391555786,0.019942182584270718,-0.2416675733859872,0.15404333626622346,0.018407936518046064,0.17027207973332636,0.007669624582669066
2.089914560317993,0.019942182584270718,-0.2416675733859872,0.15404333626622346,0.018407936518046064,0.17027207973332636,0.007669624582669066
2.094884157180786,0.019942182584270718,-0.2416675733859872,0.15404333626622346,0.018407936518046064,0.17180606052121217,0.007669624582669066
2.1000113487243652,0.019942182584270718,-0.2416675733859872,0.15404333626622346,0.018407936518046064,0.17180606052121217,0.007669624582669066
2.1050946712493896,0.019942182584270718,-0.2416675733859872,0.15404333626622346,0.018407936518046064,0.17334004130909797,0.007669624582669066
2.1099722385406494,0.019942182584270718,-0.2416675733859872,0.15404333626622346,0.018407936518046064,0.17334004130909797,0.007669624582669066
2.1150879859924316,0.019942182584270718,-0.2416675733859872,0.15404333626622346,0.018407936518046064,0.17564101249092623,0.007669624582669066
2.1199710369110107,0.019942182584270718,-0.2416675733859872,0.15404333626622346,0.018407936518046064,0.17564101249092623,0.007669624582669066
2.1249778270721436,0.019942182584270718,-0.24166949089123113,0.15404333626622346,0.018407936518046064,0.17717499327881203,0.007669624582669066
2.1298906803131104,0.019942182584270718,-0.2416790784174494,0.15404333626622346,0.018407936518046064,0.17870897406669783,0.0069026341887266085
2.1349833011627197,0.019942182584270718,-0.2416790784174494,0.15404333626622346,0.018407936518046064,0.17870897406669783,0.0069026341887266085
2.1399221420288086,0.019942182584270718,-0.24169250095415507,0.15404333626622346,0.018407936518046064,0.1794759644606403,0.0069026341887266085
2.1448655128479004,0.019942182584270718,-0.24169250095415507,0.15404333626622346,0.018407936518046064,0.1794759644606403,0.0069026341887266085
2.1499998569488525,0.019942182584270718,-0.24171359351183552,0.15404333626622346,0.018407936518046064,0.18177693564246944,0.0069026341887266085
2.1548635959625244,0.019942182584270718,-0.24171359351183552,0.15404333626622346,0.018407936518046064,0.18177693564246944,0.0069026341887266085
2.1599814891815186,0.019942182584270718,-0.24173852108000293,0.15404333626622346,0.018407936518046064,0.18331091643035435,0.0069026341887266085
2.165022850036621,0.019942182584270718,-0.24173852108000293,0.15404333626622346,0.018407936518046064,0.18331091643035435,0.0069026341887266085
2.170165538787842,0.019942182584270718,-0.24176920116390166,0.15404333626622346,0.018407936518046064,0.1840779068242977,0.0069026341887266085
2.1748852729797363,0.019942182584270718,-0.24180563376353126,0.15404333626622346,0.018407936518046064,0.1856118876121826,0.0069026341887266085
2.17997145652771,0.019942182584270718,-0.24180563376353126,0.15404333626622346,0.018407936518046064,0.1856118876121826,0.0069026341887266085
2.1848678588867188,0.019942182584270718,-0.24193218910961356,0.15404333626622346,0.018407936518046064,0.1871458684000693,0.0069026341887266085
2.1900506019592285,0.019942182584270718,-0.24193218910961356,0.15404333626622346,0.018407936518046064,0.1871458684000693,0.0069026341887266085
2.1949825286865234,0.019942182584270718,-0.24210668208678676,0.15404333626622346,0.018407936518046064,0.18867984918795422,0.0069026341887266085
2.1998977661132812,0.019942182584270718,-0.24210668208678676,0.15404333626622346,0.018407936518046064,0.18867984918795422,0.0069026341887266085
2.20489239692688,0.019942182584270718,-0.24241348292577314,0.1540471712767113,0.018407936518046064,0.19021382997584002,0.0069026341887266085
2.2098827362060547,0.019942182584270718,-0.24241348292577314,0.1540471712767113,0.018407936518046064,0.19021382997584002,0.0069026341887266085
2.214930534362793,0.019942182584270718,-0.24330320535883398,0.1540471712767113,0.018407936518046064,0.19098082036978248,0.0069026341887266085
2.21987247467041,0.019942182584270718,-0.24389954948961368,0.1540471712767113,0.018407936518046064,0.19251480115766828,0.006135643794783263
2.2249226570129395,0.019942182584270718,-0.24389954948961368,0.1540471712767113,0.018407936518046064,0.19251480115766828,0.006135643794783263
2.2299258708953857,0.019942182584270718,-0.24535877098004288,0.1540471712767113,0.018407936518046064,0.19404878194555408,0.006135643794783263
2.234919548034668,0.019942182584270718,-0.24535877098004288,0.1540471712767113,0.018407936518046064,0.19404878194555408,0.006135643794783263
2.2398834228515625,0.019942182584270718,-0.24635779121199253,0.1540471712767113,0.018407936518046064,0.19558276273343989,0.006135643794783263
2.244964122772217,0.019942182584270718,-0.24635779121199253,0.1540471712767113,0.018407936518046064,0.19558276273343989,0.006135643794783263
2.249912977218628,0.019942182584270718,-0.24734147140199259,0.1540471712767113,0.018407936518046064,0.19634975312738234,0.006135643794783263
2.2549259662628174,0.019942182584270718,-0.24734147140199259,0.1540471712767113,0.018407936518046064,0.19634975312738234,0.006135643794783263
2.2599635124206543,0.019942182584270718,-0.2487891878609596,0.1540471712767113,0.018407936518046064,0.1971167435213257,0.006135643794783263
2.2648727893829346,0.019942182584270718,-0.25045358241246074,0.1540471712767113,0.018407936518046064,0.1986507243092106,0.004601663006897905
2.269916534423828,0.019942182584270718,-0.25045358241246074,0.1540471712767113,0.018407936518046064,0.1986507243092106,0.004601663006897905
2.2748701572418213,0.019942182584270718,-0.2514372626024608,0.1540471712767113,0.018407936518046064,0.2001847050970964,0.0038346726129550035
2.2798662185668945,0.019942182584270718,-0.2514372626024608,0.1540471712767113,0.018407936518046064,0.2001847050970964,0.0038346726129550035
2.284972906112671,0.019942182584270718,-0.2534698181607462,0.1540471712767113,0.018407936518046064,0.20095169549103975,0.0015337014311267438
2.2899158000946045,0.019942182584270718,-0.2534698181607462,0.1540471712767113,0.018407936518046064,0.20095169549103975,0.0015337014311267438
2.294922351837158,0.019942182584270718,-0.2548580919571597,0.1540471712767113,0.018407936518046064,0.20248567627892555,-2.7935675905865764e-07
2.2999484539031982,0.019942182584270718,-0.2548580919571597,0.1540471712767113,0.018407936518046064,0.20248567627892555,-2.7935675905865764e-07
2.3049187660217285,0.019942182584270718,-0.25659726921316395,0.1540471712767113,0.018407936518046064,0.203252666672868,-2.7935675905865764e-07
2.309868097305298,0.019942182584270718,-0.2580238931144505,0.1540471712767113,0.018407936518046064,0.20401965706681047,-2.7935675905865764e-07
2.3149192333221436,0.019942182584270718,-0.2580238931144505,0.1540471712767113,0.018407936518046064,0.20401965706681047,-2.7935675905865764e-07
2.3198814392089844,0.019942182584270718,-0.2598416880854453,0.1540471712767113,0.018407936518046064,0.2047866474607538,-2.7935675905865764e-07
2.324899435043335,0.019942182584270718,-0.2598416880854453,0.1540471712767113,0.018407936518046064,0.2047866474607538,-2.7935675905865764e-07
2.329951286315918,0.019942182584270718,-0.26089631596946106,0.1540471712767113,0.018407936518046064,0.20555363785469627,-2.7935675905865764e-07
2.3349857330322266,0.019942182584270718,-0.26089631596946106,0.1540471712767113,0.018407936518046064,0.20555363785469627,-2.7935675905865764e-07
2.339921236038208,0.019942182584270718,-0.2623766300175703,0.1540471712767113,0.018407936518046064,0.20555363785469627,-0.0007672697507019599
2.344935178756714,0.019942182584270718,-0.2623766300175703,0.1540471712767113,0.018407936518046064,0.20555363785469627,-0.0007672697507019599
2.3499226570129395,0.019942182584270718,-0.2644590407121905,0.1540471712767113,0.018407936518046064,0.20632062824863961,-0.0007672697507019599
2.3548672199249268,0.019942182584270718,-0.2661886304419765,0.1540471712767113,0.018407936518046064,0.20708761864258207,-0.0007672697507019599
2.3599443435668945,0.019942182584270718,-0.2661886304419765,0.1540471712767113,0.018407936518046064,0.20708761864258207,-0.0007672697507019599
2.364891767501831,0.019942182584270718,-0.2676325118904561,0.1540471712767113,0.018407936518046064,0.20708761864258207,-0.0007672697507019599
2.3699700832366943,0.019942182584270718,-0.2676325118904561,0.1540471712767113,0.018407936518046064,0.20708761864258207,-0.0007672697507019599
2.3748931884765625,0.019942182584270718,-0.2686641297115484,0.1540471712767113,0.018407936518046064,0.20708761864258207,-0.0007672697507019599
2.379884719848633,0.019942182584270718,-0.2686641297115484,0.1540471712767113,0.018407936518046064,0.20708761864258207,-0.0007672697507019599
2.384965658187866,0.019942182584270718,-0.2707772204900669,0.1540471712767113,0.018407936518046064,0.20785460903652542,-0.0007672697507019599
2.3899621963500977,0.019942182584270718,-0.2707772204900669,0.1540471712767113,0.018407936518046064,0.20785460903652542,-0.0007672697507019599
2.39492130279541,0.019942182584270718,-0.27224986451720223,0.1540471712767113,0.018407936518046064,0.20708761864258207,-0.0007672697507019599
2.399892807006836,0.019942182584270718,-0.27399671179418084,0.1540471712767113,0.018407936518046064,0.20708761864258207,-0.0007672697507019599
2.4048967361450195,0.019942182584270718,-0.27399671179418084,0.1540471712767113,0.018407936518046064,0.20708761864258207,-0.0007672697507019599
2.409846782684326,0.019942182584270718,-0.2758202592809065,0.1540471712767113,0.018407936518046064,0.20708761864258207,-0.0007672697507019599
2.4149186611175537,0.019942182584270718,-0.2758202592809065,0.1540471712767113,0.018407936518046064,0.20708761864258207,-0.0007672697507019599
2.41990065574646,0.019942182584270718,-0.2773427584443766,0.1540471712767113,0.018407936518046064,0.20708761864258207,-0.0007672697507019599
2.4249258041381836,0.019942182584270718,-0.2773427584443766,0.1540471712767113,0.018407936518046064,0.20708761864258207,-0.0007672697507019599
2.429877519607544,0.019942182584270718,-0.279177810962564,0.1540471712767113,0.018407936518046064,0.20708761864258207,-0.0007672697507019599
2.4349422454833984,0.019942182584270718,-0.279177810962564,0.1540471712767113,0.018407936518046064,0.20708761864258207,-0.0007672697507019599
2.4399173259735107,0.019942182584270718,-0.2803513241716873,0.1540471712767113,0.018407936518046064,0.20708761864258207,-0.0007672697507019599
2.4448726177215576,0.019942182584270718,-0.2826925980742021,0.1540471712767113,0.018407936518046064,0.20708761864258207,-0.0007672697507019599
2.4499101638793945,0.019942182584270718,-0.2826925980742021,0.1540471712767113,0.018407936518046064,0.20708761864258207,-0.0007672697507019599
2.454897403717041,0.019942182584270718,-0.284226602269134,0.1540471712767113,0.018407936518046064,0.20708761864258207,-0.0007672697507019599
2.459991693496704,0.019942182584270718,-0.284226602269134,0.1540471712767113,0.018407936518046064,0.20708761864258207,-0.0007672697507019599
2.464876413345337,0.019942182584270718,-0.2863224355004599,0.1540471712767113,0.018407936518046064,0.20708761864258207,-0.0007672697507019599
2.4698681831359863,0.019942182584270718,-0.2863224355004599,0.1540471712767113,0.018407936518046064,0.20708761864258207,-0.0007672697507019599
2.474869728088379,0.019942182584270718,-0.2880366851882967,0.1540471712767113,0.018407936518046064,0.20708761864258207,-0.0007672697507019599
2.479895830154419,0.019942182584270718,-0.2880366851882967,0.1540471712767113,0.018407936518046064,0.20708761864258207,-0.0007672697507019599
2.484884023666382,0.019942182584270718,-0.29021688865034356,0.1540471712767113,0.018407936518046064,0.20708761864258207,-0.0007672697507019599
2.4906859397888184,0.019942182584270718,-0.29192922083293693,0.1540471712767113,0.018407936518046064,0.20708761864258207,-0.0007672697507019599
2.49489164352417,0.019942182584270718,-0.29192922083293693,0.1540471712767113,0.018407936518046064,0.20708761864258207,-0.0007672697507019599
2.499887466430664,0.019942182584270718,-0.2942072170624108,0.1540471712767113,0.018407936518046064,0.20632062824863961,-2.7935675905865764e-07
2.504971504211426,0.019942182584270718,-0.2942072170624108,0.1540471712767113,0.018407936518046064,0.20632062824863961,-2.7935675905865764e-07
2.5098886489868164,0.019942182584270718,-0.2957488912783175,0.1540471712767113,0.018407936518046064,0.20632062824863961,-2.7935675905865764e-07
2.5148768424987793,0.019942182584270718,-0.2957488912783175,0.1540471712767113,0.018407936518046064,0.20632062824863961,-2.7935675905865764e-07
2.519981861114502,0.019942182584270718,-0.2980077124553553,0.1540471712767113,0.018407936518046064,0.20632062824863961,-2.7935675905865764e-07
2.524914503097534,0.019942182584270718,-0.2980077124553553,0.1540471712767113,0.018407936518046064,0.20632062824863961,-2.7935675905865764e-07
2.5299994945526123,0.019942182584270718,-0.3003892539679871,0.1540471712767113,0.018407936518046064,0.20632062824863961,-2.7935675905865764e-07
2.534883975982666,0.019942182584270718,-0.3017928678063502,0.1540471712767113,0.018407936518046064,0.20632062824863961,-2.7935675905865764e-07
2.5399868488311768,0.019942182584270718,-0.3017928678063502,0.1540471712767113,0.018407936518046064,0.20632062824863961,-2.7935675905865764e-07
2.544908046722412,0.019942182584270718,-0.30419550187666244,0.1540471712767113,0.018407936518046064,0.20555363785469627,-2.7935675905865764e-07
2.550011157989502,0.019942182584270718,-0.30419550187666244,0.1540471712767113,0.018407936518046064,0.20555363785469627,-2.7935675905865764e-07
2.554980516433716,0.019942182584270718,-0.30694328689083417,0.1540471712767113,0.018407936518046064,0.20555363785469627,-2.7935675905865764e-07
2.559941053390503,0.019942182584270718,-0.30694328689083417,0.1540471712767113,0.018407936518046064,0.20555363785469627,-2.7935675905865764e-07
2.5650017261505127,0.019942182584270718,-0.3088416170820629,0.1540471712767113,0.018407936518046064,0.20401965706681047,-2.7935675905865764e-07
2.5699989795684814,0.019942182584270718,-0.3088416170820629,0.1540471712767113,0.018407936518046064,0.20401965706681047,-2.7935675905865764e-07
2.5750184059143066,0.019942182584270718,-0.31103716058605935,0.1540471712767113,0.017640946124103607,0.20401965706681047,-2.7935675905865764e-07
2.5798707008361816,0.019942182584270718,-0.312820440462668,0.1540471712767113,0.017640946124103607,0.20248567627892555,-2.7935675905865764e-07
2.584913492202759,0.019942182584270718,-0.312820440462668,0.1540471712767113,0.017640946124103607,0.20248567627892555,-2.7935675905865764e-07
2.5899617671966553,0.019942182584270718,-0.31505049906105054,0.1540471712767113,0.017640946124103607,0.2017186858849822,-2.7935675905865764e-07
2.5949792861938477,0.019942182584270718,-0.31505049906105054,0.1540471712767113,0.017640946124103607,0.2017186858849822,-2.7935675905865764e-07
2.599987745285034,0.019942182584270718,-0.3167858413065674,0.1540471712767113,0.017640946124103607,0.2001847050970964,-2.7935675905865764e-07
2.604943037033081,0.019942182584270718,-0.3167858413065674,0.1540471712767113,0.017640946124103607,0.2001847050970964,-2.7935675905865764e-07
2.609975814819336,0.019942182584270718,-0.31892002464276636,0.1540471712767113,0.017640946124103607,0.19941771470315395,-2.7935675905865764e-07
2.615002155303955,0.019942182584270718,-0.31892002464276636,0.1540471712767113,0.017640946124103607,0.19941771470315395,-2.7935675905865764e-07
2.620048999786377,0.019942182584270718,-0.3206323568253593,0.1540471712767113,0.017640946124103607,0.19788373391526815,-2.7935675905865764e-07
2.624887466430664,0.019942182584270718,-0.322833652845087,0.1540471712767113,0.017640946124103607,0.1971167435213257,-2.7935675905865764e-07
2.629974842071533,0.019942182584270718,-0.322833652845087,0.1540471712767113,0.017640946124103607,0.1971167435213257,-2.7935675905865764e-07
2.6348655223846436,0.019942182584270718,-0.32457091259584736,0.1540471712767113,0.017640946124103607,0.19558276273343989,-2.7935675905865764e-07
2.6399731636047363,0.019942182584270718,-0.32457091259584736,0.1540471712767113,0.017640946124103607,0.19558276273343989,-2.7935675905865764e-07
2.6448848247528076,0.019942182584270718,-0.3268278162676417,0.1540471712767113,0.017640946124103607,0.19404878194555408,-2.7935675905865764e-07
2.650244951248169,0.019942182584270718,-0.3268278162676417,0.1540471712767113,0.017640946124103607,0.19404878194555408,-2.7935675905865764e-07
2.6548757553100586,0.019942182584270718,-0.3286628687858286,0.1540471712767113,0.017640946124103607,0.19251480115766828,-2.7935675905865764e-07
2.659895420074463,0.019942182584270718,-0.3286628687858286,0.1540471712767113,0.017640946124103607,0.19251480115766828,-2.7935675905865764e-07
2.6649680137634277,0.019942182584270718,-0.3305669514927887,0.1540471712767113,0.017640946124103607,0.19174781076372582,-2.7935675905865764e-07
2.6698803901672363,0.019942182584270718,-0.33300793566797404,0.1540471712767113,0.017640946124103607,0.19021382997584002,-2.7935675905865764e-07
2.674990177154541,0.019942182584270718,-0.33300793566797404,0.1540471712767113,0.017640946124103607,0.19021382997584002,-2.7935675905865764e-07
2.6798737049102783,0.019942182584270718,-0.33565025789374436,0.1540471712767113,0.017640946124103607,0.18867984918795422,-2.7935675905865764e-07
2.6849794387817383,0.019942182584270718,-0.33565025789374436,0.1540471712767113,0.017640946124103607,0.18867984918795422,-2.7935675905865764e-07
2.6907503604888916,0.019942182584270718,-0.3377518436408016,0.1540471712767113,0.017640946124103607,0.1871458684000693,-2.7935675905865764e-07
2.694988250732422,0.019942182584270718,-0.3377518436408016,0.1540471712767113,0.017640946124103607,0.1871458684000693,-2.7935675905865764e-07
2.699981451034546,0.019942182584270718,-0.3405552363070399,0.15404333626622346,0.017640946124103607,0.18637887800612596,-2.7935675905865764e-07
2.7049083709716797,0.019942182584270718,-0.3405552363070399,0.15404333626622346,0.017640946124103607,0.18637887800612596,-2.7935675905865764e-07
2.709993600845337,0.019942182584270718,-0.34287350014663076,0.15404333626622346,0.017640946124103607,0.1856118876121826,-2.7935675905865764e-07
2.714881658554077,0.019942182584270718,-0.34584179826382444,0.15404333626622346,0.017640946124103607,0.18484489721824016,-2.7935675905865764e-07
2.719984292984009,0.019942182584270718,-0.34584179826382444,0.15404333626622346,0.017640946124103607,0.18484489721824016,-2.7935675905865764e-07
2.7248849868774414,0.019942182584270718,-0.34835756514351335,0.15404333626622346,0.017640946124103607,0.18331091643035435,-2.7935675905865764e-07
2.729987859725952,0.019942182584270718,-0.34835756514351335,0.15404333626622346,0.017640946124103607,0.18331091643035435,-2.7935675905865764e-07
2.734985589981079,0.019942182584270718,-0.3515387063427533,0.15404333626622346,0.017640946124103607,0.18177693564246944,-2.7935675905865764e-07
2.739973783493042,0.019942182584270718,-0.3515387063427533,0.15404333626622346,0.017640946124103607,0.18177693564246944,-2.7935675905865764e-07
2.7451047897338867,0.019942182584270718,-0.35418294607376755,0.15404333626622346,0.017640946124103607,0.1810099452485261,-2.7935675905865764e-07
2.7500851154327393,0.019942182584270718,-0.35418294607376755,0.15404333626622346,0.017640946124103607,0.1810099452485261,-2.7935675905865764e-07
2.755000591278076,0.019942182584270718,-0.3575251577134759,0.15404333626622346,0.017640946124103607,0.18024295485458364,-2.7935675905865764e-07
2.7598836421966553,0.019942182584270718,-0.36033430289544555,0.15404333626622346,0.017640946124103607,0.1794759644606403,-2.7935675905865764e-07
2.765014886856079,0.019942182584270718,-0.36033430289544555,0.15404333626622346,0.017640946124103607,0.1794759644606403,-2.7935675905865764e-07
2.7698705196380615,0.019942182584270718,-0.36380306988123534,0.15404333626622346,0.017640946124103607,0.1779419836727545,-2.7935675905865764e-07
2.7749829292297363,0.019942182584270718,-0.36380306988123534,0.15404333626622346,0.017640946124103607,0.1779419836727545,-2.7935675905865764e-07
2.7799324989318848,0.019942182584270718,-0.3665796174740623,0.15404333626622346,0.017640946124103607,0.17640800288486957,-2.7935675905865764e-07
2.784986972808838,0.019942182584270718,-0.3665796174740623,0.15404333626622346,0.017640946124103607,0.17640800288486957,-2.7935675905865764e-07
2.7899882793426514,0.019942182584270718,-0.36926795982568095,0.15404333626622346,0.017640946124103607,0.17487402209698377,-2.7935675905865764e-07
2.795008420944214,0.019942182584270718,-0.36926795982568095,0.15404333626622346,0.017640946124103607,0.17487402209698377,-2.7935675905865764e-07
2.799987316131592,0.019942182584270718,-0.3727271392852529,0.15404333626622346,0.017640946124103607,0.17334004130909797,-2.7935675905865764e-07
2.8048791885375977,0.019942182584270718,-0.3754269866683333,0.15404333626622346,0.017640946124103607,0.17257305091515462,-2.7935675905865764e-07
2.809983015060425,0.019942182584270718,-0.3754269866683333,0.15404333626622346,0.017640946124103607,0.17257305091515462,-2.7935675905865764e-07
2.8148748874664307,0.019942182584270718,-0.3781268340514137,0.15404333626622346,0.017640946124103607,0.1710390701272697,-2.7935675905865764e-07
2.81998872756958,0.019942182584270718,-0.3781268340514137,0.15404333626622346,0.017640946124103607,0.1710390701272697,-2.7935675905865764e-07
2.824932336807251,0.019942182584270718,-0.38209990491628787,0.15404333626622346,0.017640946124103607,0.1695050893393839,-2.7935675905865764e-07
2.8299918174743652,0.019942182584270718,-0.38209990491628787,0.15404333626622346,0.017640946124103607,0.1695050893393839,-2.7935675905865764e-07
2.8349802494049072,0.019942182584270718,-0.38479208227839345,0.15404333626622346,0.017640946124103607,0.16720411815755565,-2.7935675905865764e-07
2.8400614261627197,0.019942182584270718,-0.38479208227839345,0.15404333626622346,0.017640946124103607,0.16720411815755565,-2.7935675905865764e-07
2.844999313354492,0.019942182584270718,-0.3879559659304408,0.15404333626622346,0.017640946124103607,0.1664371277636123,-2.7935675905865764e-07
2.8499512672424316,0.019942182584270718,-0.3904678977996423,0.15404333626622346,0.017640946124103607,0.1649031469757265,-2.7935675905865764e-07
2.854929208755493,0.019942182584270718,-0.3904678977996423,0.15404333626622346,0.017640946124103607,0.1649031469757265,-2.7935675905865764e-07
2.859896421432495,0.019942182584270718,-0.3935052261056078,0.15404333626622346,0.017640946124103607,0.16336916618784159,-2.7935675905865764e-07
2.8650150299072266,0.019942182584270718,-0.3935052261056078,0.15404333626622346,0.017640946124103607,0.16336916618784159,-2.7935675905865764e-07
2.869884967803955,0.019942182584270718,-0.39586951007104654,0.15404333626622346,0.017640946124103607,0.16106819500601333,-2.7935675905865764e-07
2.874918222427368,0.019942182584270718,-0.39586951007104654,0.15404333626622346,0.017640946124103607,0.16106819500601333,-2.7935675905865764e-07
2.8798909187316895,0.019942182584270718,-0.39814558879527695,0.15404333626622346,0.017640946124103607,0.15953421421812752,-2.7935675905865764e-07
2.8849480152130127,0.019942182584270718,-0.39814558879527695,0.15404333626622346,0.017640946124103607,0.15953421421812752,-2.7935675905865764e-07
2.889946937561035,0.019942182584270718,-0.40092213638810437,0.15404333626622346,0.017640946124103607,0.15723324303629838,-2.7935675905865764e-07
2.894869327545166,0.019942182584270718,-0.4030735772714964,0.15404333626622346,0.017640946124103607,0.15493227185447012,-2.7935675905865764e-07
2.8999125957489014,0.019942182584270718,-0.4030735772714964,0.15404333626622346,0.017640946124103607,0.15493227185447012,-2.7935675905865764e-07
2.90488600730896,0.019942182584270718,-0.4057158994972667,0.15404333626622346,0.017640946124103607,0.15263130067264186,-2.7935675905865764e-07
2.909919261932373,0.019942182584270718,-0.4057158994972667,0.15404333626622346,0.017640946124103607,0.15263130067264186,-2.7935675905865764e-07
2.9149622917175293,0.019942182584270718,-0.40841382937510406,0.15404333626622346,0.017640946124103607,0.15109731988475605,-2.7935675905865764e-07
2.9199204444885254,0.019942182584270718,-0.40841382937510406,0.15404333626622346,0.017640946124103607,0.15109731988475605,-2.7935675905865764e-07
2.925053119659424,0.019942182584270718,-0.41057869279520176,0.15404333626622346,0.017640946124103607,0.1487963487029278,-2.7935675905865764e-07
2.929973602294922,0.019942182584270718,-0.41057869279520176,0.15404333626622346,0.017640946124103607,0.1487963487029278,-2.7935675905865764e-07
2.9349186420440674,0.019942182584270718,-0.4128260089407769,0.15404333626622346,0.017640946124103607,0.147262367915042,-2.7935675905865764e-07
2.939866781234741,0.019942182584270718,-0.4157252768691988,0.15404333626622346,0.017640946124103607,0.14496139673321373,-2.7935675905865764e-07
2.944880485534668,0.019942182584270718,-0.4157252768691988,0.15404333626622346,0.017640946124103607,0.14496139673321373,-2.7935675905865764e-07
2.9498703479766846,0.019942182584270718,-0.4187089150283416,0.15404333626622346,0.017640946124103607,0.14342741594532793,-2.7935675905865764e-07
2.9549386501312256,0.019942182584270718,-0.4187089150283416,0.15404333626622346,0.017640946124103607,0.14342741594532793,-2.7935675905865764e-07
2.9600236415863037,0.019942182584270718,-0.42131480465448234,0.15404333626622346,0.017640946124103607,0.14112644476349967,-2.7935675905865764e-07
2.9649860858917236,0.019942182584270718,-0.42131480465448234,0.15404333626622346,0.017640946124103607,0.14112644476349967,-2.7935675905865764e-07
2.9699292182922363,0.019942182584270718,-0.4239475393540344,0.15404333626622346,0.017640946124103607,0.13959246397561387,-2.7935675905865764e-07
2.9750006198883057,0.019942182584270718,-0.4239475393540344,0.15404333626622346,0.017640946124103607,0.13959246397561387,-2.7935675905865764e-07
2.97991943359375,0.019942182584270718,-0.4272571534046006,0.15404333626622346,0.017640946124103607,0.1372914927937856,-2.7935675905865764e-07
2.98494291305542,0.019942182584270718,-0.43066839523308076,0.15404333626622346,0.017640946124103607,0.1357575120058998,-2.7935675905865764e-07
2.9899866580963135,0.019942182584270718,-0.43066839523308076,0.15404333626622346,0.017640946124103607,0.1357575120058998,-2.7935675905865764e-07
2.9949588775634766,0.019942182584270718,-0.4333049649431202,0.15404333626622346,0.017640946124103607,0.13345654082407155,-2.7935675905865764e-07
3.0000829696655273,0.019942182584270718,-0.4333049649431202,0.15404333626622346,0.017640946124103607,0.13345654082407155,-2.7935675905865764e-07
3.0049562454223633,0.019942182584270718,-0.435887844506337,0.15404333626622346,0.017640946124103607,0.1326895504301282,-2.7935675905865764e-07
3.0099291801452637,0.019942182584270718,-0.435887844506337,0.15404333626622346,0.017640946124103607,0.1326895504301282,-2.7935675905865764e-07
3.0149199962615967,0.019942182584270718,-0.4390996657894761,0.15404333626622346,0.017640946124103607,0.13038857924829994,-2.7935675905865764e-07
3.0199108123779297,0.019942182584270718,-0.4390996657894761,0.15404333626622346,0.017640946124103607,0.13038857924829994,-2.7935675905865764e-07
3.0249760150909424,0.019942182584270718,-0.4422443743890869,0.15404333626622346,0.017640946124103607,0.12885459846041414,-2.7935675905865764e-07
3.0298802852630615,0.019942182584270718,-0.4447141211429275,0.15404333626622346,0.017640946124103607,0.12655362727858588,-2.7935675905865764e-07
3.03499174118042,0.019942182584270718,-0.4447141211429275,0.15404333626622346,0.017640946124103607,0.12655362727858588,-2.7935675905865764e-07
3.039959669113159,0.019942182584270718,-0.44776103697511127,0.15404333626622346,0.017640946124103607,0.12501964649070008,-2.7935675905865764e-07
3.044975519180298,0.019942182584270718,-0.44776103697511127,0.15404333626622346,0.017640946124103607,0.12501964649070008,-2.7935675905865764e-07
3.050076723098755,0.019942182584270718,-0.4495539043779382,0.15404333626622346,0.017640946124103607,0.12348566570281427,-2.7935675905865764e-07
3.0549674034118652,0.019942182584270718,-0.4495539043779382,0.15404333626622346,0.017640946124103607,0.12348566570281427,-2.7935675905865764e-07
3.0599780082702637,0.019942182584270718,-0.45296898121690576,0.15404333626622346,0.017640946124103607,0.12118469452098601,-2.7935675905865764e-07
3.065197229385376,0.019942182584270718,-0.45296898121690576,0.15404333626622346,0.017640946124103607,0.12118469452098601,-2.7935675905865764e-07
3.0699281692504883,0.019942182584270718,-0.45529683258271536,0.15404333626622346,0.017640946124103607,0.11888372333915775,-2.7935675905865764e-07
3.0748867988586426,0.019942182584270718,-0.4571740702162632,0.15404333626622346,0.017640946124103607,0.11734974255127195,-2.7935675905865764e-07
3.0798733234405518,0.019942182584270718,-0.4571740702162632,0.15404333626622346,0.017640946124103607,0.11734974255127195,-2.7935675905865764e-07
3.08489727973938,0.019942182584270718,-0.46033028384733576,0.15404333626622346,0.017640946124103607,0.11504877136944369,-2.7935675905865764e-07
3.089904546737671,0.019942182584270718,-0.46033028384733576,0.15404333626622346,0.017640946124103607,0.11504877136944369,-2.7935675905865764e-07
3.0949714183807373,0.019942182584270718,-0.4629860286098122,0.15404333626622346,0.017640946124103607,0.11351479058155789,-2.7935675905865764e-07
3.0999863147735596,0.019942182584270718,-0.4629860286098122,0.15404333626622346,0.017640946124103607,0.11351479058155789,-2.7935675905865764e-07
3.1049346923828125,0.019942182584270718,-0.46514705701942294,0.15404333626622346,0.017640946124103607,0.11121381939972963,-2.7935675905865764e-07
3.1100611686706543,0.019942182584270718,-0.46514705701942294,0.15404333626622346,0.017640946124103607,0.11121381939972963,-2.7935675905865764e-07
3.114915609359741,0.019942182584270718,-0.46778554423470586,0.15404333626622346,0.017640946124103607,0.10967983861184383,-2.7935675905865764e-07
3.119884729385376,0.019942182584270718,-0.46935789853451126,0.15404333626622346,0.017640946124103607,0.10737886743001557,-2.7935675905865764e-07
3.1248741149902344,0.019942182584270718,-0.46935789853451126,0.15404333626622346,0.017640946124103607,0.10737886743001557,-2.7935675905865764e-07
3.129887819290161,0.019942182584270718,-0.47140962914523277,0.15404333626622346,0.017640946124103607,0.10584488664212977,-2.7935675905865764e-07
3.1349191665649414,0.019942182584270718,-0.47140962914523277,0.15404333626622346,0.017640946124103607,0.10584488664212977,-2.7935675905865764e-07
3.13987398147583,0.019942182584270718,-0.4744469574511987,0.15404333626622346,0.017640946124103607,0.1035439154603015,-2.7935675905865764e-07
3.1449837684631348,0.019942182584270718,-0.4744469574511987,0.15404333626622346,0.017640946124103607,0.1035439154603015,-2.7935675905865764e-07
3.1498732566833496,0.019942182584270718,-0.4769377967627193,0.15404333626622346,0.017640946124103607,0.10124294427847325,-2.7935675905865764e-07
3.1548759937286377,0.019942182584270718,-0.4769377967627193,0.15404333626622346,0.017640946124103607,0.10124294427847325,-2.7935675905865764e-07
3.159973382949829,0.019942182584270718,-0.4784775534733825,0.15404333626622346,0.017640946124103607,0.0989419730966441,-2.7935675905865764e-07
3.1648898124694824,0.019942182584270718,-0.4814899542111801,0.15404333626622346,0.017640946124103607,0.0974079923087583,-2.7935675905865764e-07
3.1698975563049316,0.019942182584270718,-0.4814899542111801,0.15404333626622346,0.017640946124103607,0.0974079923087583,-2.7935675905865764e-07
3.1748955249786377,0.019942182584270718,-0.48358195243201907,0.15404333626622346,0.017640946124103607,0.09510702112693004,-2.7935675905865764e-07
3.179870367050171,0.019942182584270718,-0.48358195243201907,0.15404333626622346,0.017640946124103607,0.09510702112693004,-2.7935675905865764e-07
3.184903383255005,0.019942182584270718,-0.48620893461584025,0.15404333626622346,0.017640946124103607,0.09357304033904512,-2.7935675905865764e-07
3.189880132675171,0.019942182584270718,-0.48620893461584025,0.15404333626622346,0.017640946124103607,0.09357304033904512,-2.7935675905865764e-07
3.195195198059082,0.019942182584270718,-0.4883239428996027,0.15404333626622346,0.017640946124103607,0.09127206915721597,-2.7935675905865764e-07
3.199934720993042,0.019942182584270718,-0.4883239428996027,0.15404333626622346,0.017640946124103607,0.09127206915721597,-2.7935675905865764e-07
3.2048757076263428,0.019942182584270718,-0.48934980820496365,0.15404333626622346,0.017640946124103607,0.08897109797538771,-2.7935675905865764e-07
3.2099645137786865,0.019942182584270718,-0.4925309494042036,0.15404333626622346,0.017640946124103607,0.08743711718750191,-2.7935675905865764e-07
3.214914560317993,0.019942182584270718,-0.4925309494042036,0.15404333626622346,0.017640946124103607,0.08743711718750191,-2.7935675905865764e-07
3.219869375228882,0.019942182584270718,-0.4955471851524891,0.15404333626622346,0.017640946124103607,0.08513614600567365,0.0007667110371838426
3.2249889373779297,0.019942182584270718,-0.4955471851524891,0.15404333626622346,0.017640946124103607,0.08513614600567365,0.0007667110371838426
3.22998046875,0.019942182584270718,-0.49744551534371784,0.15404333626622346,0.017640946124103607,0.08206818442990205,0.0007667110371838426
3.2350802421569824,0.019942182584270718,-0.49744551534371784,0.15404333626622346,0.017640946124103607,0.08206818442990205,0.0007667110371838426
3.2399327754974365,0.019942182584270718,-0.4998002117829383,0.15404333626622346,0.017640946124103607,0.08053420364201713,0.0007667110371838426
3.244877815246582,0.019942182584270718,-0.4998002117829383,0.15404333626622346,0.017640946124103607,0.08053420364201713,0.0007667110371838426
3.2499775886535645,0.019942182584270718,-0.5017464796052584,0.15404333626622346,0.017640946124103607,0.07746624206624553,0.0007667110371838426
3.2548863887786865,0.019942182584270718,-0.5041280211178902,0.1540471712767113,0.017640946124103607,0.07593226127835973,0.0007667110371838426
3.2598695755004883,0.019942182584270718,-0.5041280211178902,0.1540471712767113,0.017640946124103607,0.07593226127835973,0.0007667110371838426
3.2648696899414062,0.019942182584270718,-0.5060934639926469,0.1540471712767113,0.017640946124103607,0.07286429970258901,0.0007667110371838426
3.2698752880096436,0.019942182584270718,-0.5060934639926469,0.1540471712767113,0.017640946124103607,0.07286429970258901,0.0007667110371838426
3.2748959064483643,0.019942182584270718,-0.50755460298832,0.1540471712767113,0.017640946124103607,0.07056332852075986,0.0007667110371838426
3.2799947261810303,0.019942182584270718,-0.50755460298832,0.1540471712767113,0.017640946124103607,0.07056332852075986,0.0007667110371838426
3.284992218017578,0.019942182584270718,-0.5106398689253773,0.1540471712767113,0.017640946124103607,0.0682623573389316,0.0007667110371838426
3.2900166511535645,0.019942182584270718,-0.5106398689253773,0.1540471712767113,0.017640946124103607,0.0682623573389316,0.0007667110371838426
3.294964551925659,0.019942182584270718,-0.5132400060357867,0.1540471712767113,0.017640946124103607,0.06596138615710334,0.0007667110371838426
3.2999825477600098,0.019942182584270718,-0.5153646018457678,0.1540471712767113,0.017640946124103607,0.0636604149752742,0.0007667110371838426
3.3049917221069336,0.019942182584270718,-0.5153646018457678,0.1540471712767113,0.017640946124103607,0.0636604149752742,0.0007667110371838426
3.309948205947876,0.019942182584270718,-0.5183022198790628,0.1540471712767113,0.017640946124103607,0.061359443793445934,0.0007667110371838426
3.3149466514587402,0.019942182584270718,-0.5183022198790628,0.1540471712767113,0.017640946124103607,0.061359443793445934,0.0007667110371838426
3.3199827671051025,0.019942182584270718,-0.5207412865490051,0.1540471712767113,0.017640946124103607,0.05982546300556102,0.0007667110371838426
3.3249452114105225,0.019942182584270718,-0.5207412865490051,0.1540471712767113,0.017640946124103607,0.05982546300556102,0.0007667110371838426
3.329984188079834,0.019942182584270718,-0.5232110333028452,0.1540471712767113,0.017640946124103607,0.05752449182373187,0.0007667110371838426
3.3349461555480957,0.019942182584270718,-0.5232110333028452,0.1540471712767113,0.017640946124103607,0.05752449182373187,0.0007667110371838426
3.3399600982666016,0.019942182584270718,-0.5263423193657504,0.1540471712767113,0.017640946124103607,0.054456530247961155,0.0007667110371838426
3.3448774814605713,0.019942182584270718,-0.5288561687401954,0.1540471712767113,0.017640946124103607,0.05292254946007535,0.0007667110371838426
3.349879741668701,0.019942182584270718,-0.5288561687401954,0.1540471712767113,0.017640946124103607,0.05292254946007535,0.0007667110371838426
3.354890823364258,0.019942182584270718,-0.5318628169622621,0.1540471712767113,0.017640946124103607,0.04985458788430375,0.0007667110371838426
3.359978199005127,0.019942182584270718,-0.5318628169622621,0.1540471712767113,0.017640946124103607,0.04985458788430375,0.0007667110371838426
3.3650031089782715,0.019942182584270718,-0.5348138575322627,0.1540471712767113,0.017640946124103607,0.048320607096417945,0.0007667110371838426
3.3700475692749023,0.019942182584270718,-0.5348138575322627,0.1540471712767113,0.017640946124103607,0.048320607096417945,0.0007667110371838426
3.3749539852142334,0.019942182584270718,-0.5370611736778383,0.1540471712767113,0.017640946124103607,0.046019635914589685,0.0007667110371838426
3.3799526691436768,0.019942182584270718,-0.5370611736778383,0.1540471712767113,0.017640946124103607,0.046019635914589685,0.0007667110371838426
3.3849823474884033,0.019942182584270718,-0.5398933289227319,0.1540471712767113,0.017640946124103607,0.043718664732761425,0.0007667110371838426
3.3898837566375732,0.019942182584270718,-0.5420562748375861,0.1540471712767113,0.017640946124103607,0.04065070315698982,0.0007667110371838426
3.395042896270752,0.019942182584270718,-0.5420562748375861,0.1540471712767113,0.017640946124103607,0.04065070315698982,0.0007667110371838426
3.3998687267303467,0.019942182584270718,-0.5447292771472552,0.1540471712767113,0.017640946124103607,0.03834973197516156,0.0007667110371838426
3.4049789905548096,0.019942182584270718,-0.5447292771472552,0.1540471712767113,0.017640946124103607,0.03834973197516156,0.0007667110371838426
3.410022020339966,0.019942182584270718,-0.5468711305044289,0.1540471712767113,0.017640946124103607,0.035281770399389956,0.0007667110371838426
3.414987564086914,0.019942182584270718,-0.5468711305044289,0.1540471712767113,0.017640946124103607,0.035281770399389956,0.0007667110371838426
3.4199867248535156,0.019942182584270718,-0.549601657971408,0.15405100628719826,0.017640946124103607,0.032980799217561696,0.0007667110371838426
3.424931764602661,0.019942182584270718,-0.549601657971408,0.15405100628719826,0.017640946124103607,0.032980799217561696,0.0007667110371838426
3.429987907409668,0.019942182584270718,-0.551776108917724,0.1540548412976861,0.017640946124103607,0.02991283764179009,0.0007667110371838426
3.434890031814575,0.019942182584270718,-0.5544644512693426,0.15405867630817305,0.017640946124103607,0.02761186645996183,0.0007667110371838426
3.4399731159210205,0.019942182584270718,-0.5544644512693426,0.15405867630817305,0.017640946124103607,0.02761186645996183,0.0007667110371838426
3.4448935985565186,0.019942182584270718,-0.5566024696160294,0.15405867630817305,0.017640946124103607,0.024543904884191114,0.0007667110371838426
3.449880599975586,0.019942182584270718,-0.5566024696160294,0.15405867630817305,0.017640946124103607,0.024543904884191114,0.0007667110371838426
3.4549577236175537,0.019942182584270718,-0.5587002203525988,0.15405867630817305,0.017640946124103607,0.022242933702361967,0.0007667110371838426
3.4599132537841797,0.019942182584270718,-0.5587002203525988,0.15405867630817305,0.017640946124103607,0.022242933702361967,0.0007667110371838426
3.4649362564086914,0.019942182584270718,-0.5612581723476482,0.15405867630817305,0.017640946124103607,0.01917497212659125,0.0007667110371838426
3.4699885845184326,0.019942182584270718,-0.5612581723476482,0.15405867630817305,0.017640946124103607,0.01917497212659125,0.0007667110371838426
3.4749531745910645,0.019942182584270718,-0.5633214079898319,0.15405867630817305,0.017640946124103607,0.016874000944762102,0.0007667110371838426
3.4799087047576904,0.019942182584270718,-0.5659407201526783,0.15405867630817305,0.017640946124103607,0.014573029762933842,0.0007667110371838426
3.4849746227264404,0.019942182584270718,-0.5659407201526783,0.15405867630817305,0.017640946124103607,0.014573029762933842,0.0007667110371838426
3.489961862564087,0.019942182584270718,-0.5685389397578446,0.15406059381341652,0.017640946124103607,0.012272058581105583,0.0007667110371838426
3.494964122772217,0.019942182584270718,-0.5685389397578446,0.15406059381341652,0.017640946124103607,0.012272058581105583,0.0007667110371838426
3.500016450881958,0.019942182584270718,-0.5705791653371044,0.15406251131866044,0.017640946124103607,0.009204097005333978,0.0007667110371838426
3.505086898803711,0.019942182584270718,-0.5705791653371044,0.15406251131866044,0.017640946124103607,0.009204097005333978,0.0007667110371838426
3.5100157260894775,0.019942182584270718,-0.5731812199527577,0.15406251131866044,0.017640946124103607,0.006903125823505718,0.0007667110371838426
3.515021562576294,0.019942182584270718,-0.5731812199527577,0.15406251131866044,0.017640946124103607,0.006903125823505718,0.0007667110371838426
3.519951581954956,0.019942182584270718,-0.5753345783413937,0.15406251131866044,0.017640946124103607,0.003835164247734113,0.0007667110371838426
3.5249030590057373,0.019942182584270718,-0.5777774800218229,0.15406251131866044,0.017640946124103607,0.0015341930659058534,0.0007667110371838426
3.5300862789154053,0.019942182584270718,-0.5777774800218229,0.15406251131866044,0.017640946124103607,0.0015341930659058534,0.0007667110371838426
3.5349626541137695,0.019942182584270718,-0.5797007377812191,0.15406251131866044,0.017640946124103607,2.1227802093903847e-07,0.0007667110371838426
3.5400891304016113,0.019942182584270718,-0.5797007377812191,0.15406251131866044,0.017640946124103607,2.1227802093903847e-07,0.0007667110371838426
3.545102119445801,0.019942182584270718,-0.5822241746818824,0.15406634632914784,0.017640946124103607,-0.003067749297750666,0.0007667110371838426
3.5499813556671143,0.019942182584270718,-0.5822241746818824,0.15406634632914784,0.017640946124103607,-0.003067749297750666,0.0007667110371838426
3.5549941062927246,0.019942182584270718,-0.5837965289816878,0.15406634632914784,0.017640946124103607,-0.006135710873522271,0.0007667110371838426
3.5598907470703125,0.019942182584270718,-0.5837965289816878,0.15406634632914784,0.017640946124103607,-0.006135710873522271,0.0007667110371838426
3.5649116039276123,0.019942182584270718,-0.5866727868471853,0.15406634632914784,0.017640946124103607,-0.00843668205535053,0.0007667110371838426
3.569884777069092,0.019942182584270718,-0.5884618192395248,0.15406634632914784,0.017640946124103607,-0.011504643631122136,0.0007667110371838426
3.5748660564422607,0.019942182584270718,-0.5884618192395248,0.15406634632914784,0.017640946124103607,-0.011504643631122136,0.0007667110371838426
3.5798707008361816,0.019942182584270718,-0.5907743305633848,0.15406634632914784,0.017640946124103607,-0.01303862441900705,0.0007667110371838426
3.584869384765625,0.019942182584270718,-0.5907743305633848,0.15406634632914784,0.017640946124103607,-0.01303862441900705,0.0007667110371838426
3.5898690223693848,0.019942182584270718,-0.5925921255343791,0.15407018133963524,0.017640946124103607,-0.016106585994778655,0.0007667110371838426
3.594965934753418,0.019942182584270718,-0.5925921255343791,0.15407018133963524,0.017640946124103607,-0.016106585994778655,0.0007667110371838426
3.5998752117156982,0.019942182584270718,-0.5943523953480638,0.15407018133963524,0.017640946124103607,-0.01917454757055026,0.0007667110371838426
3.6048688888549805,0.019942182584270718,-0.5943523953480638,0.15407018133963524,0.017640946124103607,-0.01917454757055026,0.0007667110371838426
3.6099345684051514,0.019942182584270718,-0.5965057537366998,0.15407018133963524,0.017640946124103607,-0.02147551875237852,0.0007667110371838426
3.6148884296417236,0.019942182584270718,-0.5981778183091757,0.15407018133963524,0.017640946124103607,-0.02377648993420678,0.0007667110371838426
3.6198911666870117,0.019942182584270718,-0.5981778183091757,0.15407018133963524,0.017640946124103607,-0.02377648993420678,0.0007667110371838426
3.624870777130127,0.019942182584270718,-0.6000301283745566,0.15407018133963524,0.017640946124103607,-0.026844451509978384,0.0007667110371838426
3.6298716068267822,0.019942182584270718,-0.6000301283745566,0.15407018133963524,0.017640946124103607,-0.026844451509978384,0.0007667110371838426
3.634976625442505,0.019942182584270718,-0.6027453157995861,0.15407401635012263,0.017640946124103607,-0.029145422691806644,0.0007667110371838426
3.639875888824463,0.019942182584270718,-0.6027453157995861,0.15407401635012263,0.017640946124103607,-0.029145422691806644,0.0007667110371838426
3.644988775253296,0.019942182584270718,-0.6041201670592939,0.15407401635012263,0.017640946124103607,-0.031446393873634904,0.0015337014311267438
3.6499438285827637,0.019942182584270718,-0.6041201670592939,0.15407401635012263,0.017640946124103607,-0.031446393873634904,0.0015337014311267438
3.6549441814422607,0.019942182584270718,-0.6068986321573648,0.15407401635012263,0.017640946124103607,-0.03374736505546316,0.0015337014311267438
3.6598496437072754,0.019942182584270718,-0.6088698275478523,0.15407401635012263,0.017640946124103607,-0.03681532663123477,0.0015337014311267438
3.665031671524048,0.019942182584270718,-0.6088698275478523,0.15407401635012263,0.017640946124103607,-0.03681532663123477,0.0015337014311267438
3.6699726581573486,0.019942182584270718,-0.6113683368803478,0.15407785136060959,0.017640946124103607,-0.03834930741912057,0.002300691825069201
3.675004720687866,0.019942182584270718,-0.6113683368803478,0.15407785136060959,0.017640946124103607,-0.03834930741912057,0.002300691825069201
3.6799776554107666,0.019942182584270718,-0.6133989749333892,0.15407785136060959,0.017640946124103607,-0.04141726899489129,0.002300691825069201
3.684973955154419,0.019942182584270718,-0.6133989749333892,0.15407785136060959,0.017640946124103607,-0.04141726899489129,0.002300691825069201
3.6899118423461914,0.019942182584270718,-0.6158111965299198,0.15408168637109698,0.017640946124103607,-0.043718240176720435,0.002300691825069201
3.6949589252471924,0.019942182584270718,-0.6158111965299198,0.15408168637109698,0.017640946124103607,-0.043718240176720435,0.002300691825069201
3.6999154090881348,0.019942182584270718,-0.6172761705360799,0.15408552138158438,0.017640946124103607,-0.046019211358548695,0.002300691825069201
3.7048707008361816,0.019942182584270718,-0.6183097058624156,0.15408552138158438,0.017640946124103607,-0.048320182540376955,0.002300691825069201
3.7099218368530273,0.019942182584270718,-0.6183097058624156,0.15408552138158438,0.017640946124103607,-0.048320182540376955,0.002300691825069201
3.7148799896240234,0.019942182584270718,-0.6220028209617148,0.15408552138158438,0.017640946124103607,-0.05138814411614856,0.002300691825069201
3.72001051902771,0.019942182584270718,-0.6220028209617148,0.15408552138158438,0.017640946124103607,-0.05138814411614856,0.002300691825069201
3.7249205112457275,0.019942182584270718,-0.6241638493713251,0.15408552138158438,0.017640946124103607,-0.05368911529797682,0.0015337014311267438
3.7299206256866455,0.019942182584270718,-0.6241638493713251,0.15408552138158438,0.017640946124103607,-0.05368911529797682,0.0015337014311267438
3.7349860668182373,0.019942182584270718,-0.6258876865853802,0.15408552138158438,0.017640946124103607,-0.05599008647980508,0.0015337014311267438
3.7399935722351074,0.019942182584270718,-0.6258876865853802,0.15408552138158438,0.017640946124103607,-0.05599008647980508,0.0015337014311267438
3.7450568675994873,0.019942182584270718,-0.6281311677204684,0.15408552138158438,0.017640946124103607,-0.05829105766163423,0.0015337014311267438
3.749880075454712,0.019942182584270718,-0.6294887614329832,0.15408552138158438,0.017640946124103607,-0.060592028843462487,0.0015337014311267438
3.7548773288726807,0.019942182584270718,-0.6294887614329832,0.15408552138158438,0.017640946124103607,-0.060592028843462487,0.0015337014311267438
3.7598788738250732,0.019942182584270718,-0.6321445061954591,0.15408552138158438,0.017640946124103607,-0.06289300002529075,0.0015337014311267438
3.7648744583129883,0.019942182584270718,-0.6321445061954591,0.15408552138158438,0.017640946124103607,-0.06289300002529075,0.0015337014311267438
3.769869565963745,0.019942182584270718,-0.6339181985458495,0.15408552138158438,0.017640946124103607,-0.065193971207119,0.0015337014311267438
3.7749061584472656,0.019942182584270718,-0.6339181985458495,0.15408552138158438,0.017640946124103607,-0.065193971207119,0.0015337014311267438
3.779916763305664,0.019942182584270718,-0.6362633074588517,0.15408552138158438,0.017640946124103607,-0.06749494238894727,0.0015337014311267438
3.784958600997925,0.019942182584270718,-0.6362633074588517,0.15408552138158438,0.017640946124103607,-0.06749494238894727,0.0015337014311267438
3.7899181842803955,0.019942182584270718,-0.638180812702517,0.15408552138158438,0.017640946124103607,-0.06979591357077641,0.0015337014311267438
3.7948696613311768,0.019942182584270718,-0.6405834467728293,0.15408743888682785,0.017640946124103607,-0.07132989435866222,0.0015337014311267438
3.79994535446167,0.019942182584270718,-0.6405834467728293,0.15408743888682785,0.017640946124103607,-0.07132989435866222,0.0015337014311267438
3.804868221282959,0.019942182584270718,-0.6419928131269232,0.15408935639207177,0.017640946124103607,-0.07439785593443293,0.0015337014311267438
3.8099539279937744,0.019942182584270718,-0.6419928131269232,0.15408935639207177,0.017640946124103607,-0.07439785593443293,0.0015337014311267438
3.814885377883911,0.019942182584270718,-0.6444989924803934,0.15408935639207177,0.017640946124103607,-0.07593183672231874,0.0015337014311267438
3.8199236392974854,0.019942182584270718,-0.6444989924803934,0.15408935639207177,0.017640946124103607,-0.07593183672231874,0.0015337014311267438
3.8249263763427734,0.019942182584270718,-0.6469495641817975,0.15408935639207177,0.017640946124103607,-0.078232807904147,0.0015337014311267438
3.8299355506896973,0.019942182584270718,-0.6469495641817975,0.15408935639207177,0.017640946124103607,-0.078232807904147,0.0015337014311267438
3.8349173069000244,0.019942182584270718,-0.6494768360929477,0.15409894391829004,0.017640946124103607,-0.0797667886920328,0.0015337014311267438
3.8398685455322266,0.019942182584270718,-0.6513329811688156,0.15410469643402092,0.017640946124103607,-0.08206775987386106,0.0015337014311267438
3.8449130058288574,0.019942182584270718,-0.6513329811688156,0.15410469643402092,0.017640946124103607,-0.08206775987386106,0.0015337014311267438
3.849881887435913,0.019942182584270718,-0.6537336977338843,0.1541162014654831,0.017640946124103607,-0.0843687310556902,0.0015337014311267438
3.8550100326538086,0.019942182584270718,-0.6537336977338843,0.1541162014654831,0.017640946124103607,-0.0843687310556902,0.0015337014311267438
3.8598921298980713,0.019942182584270718,-0.6546464302298691,0.1541162014654831,0.017640946124103607,-0.08666970223751846,0.0015337014311267438
3.8648555278778076,0.019942182584270718,-0.6546464302298691,0.1541162014654831,0.017640946124103607,-0.08666970223751846,0.0015337014311267438
3.8698997497558594,0.019942182584270718,-0.6576549959571798,0.1541277064969453,0.017640946124103607,-0.08820368302540338,0.0015337014311267438
3.874880313873291,0.019942182584270718,-0.6576549959571798,0.1541277064969453,0.017640946124103607,-0.08820368302540338,0.0015337014311267438
3.8798742294311523,0.019942182584270718,-0.6592522778251526,0.15413154150743225,0.017640946124103607,-0.09050465420723253,0.0015337014311267438
3.8848965167999268,0.019942182584270718,-0.6611486905111374,0.15413921152840704,0.017640946124103607,-0.09280562538906079,0.0015337014311267438
3.889937400817871,0.019942182584270718,-0.6611486905111374,0.15413921152840704,0.017640946124103607,-0.09280562538906079,0.0015337014311267438
3.8948843479156494,0.019942182584270718,-0.6627344673476485,0.15416605660181837,0.017640946124103607,-0.09510659657088905,0.0015337014311267438
3.900355100631714,0.019942182584270718,-0.6627344673476485,0.15416605660181837,0.017640946124103607,-0.09510659657088905,0.0015337014311267438
3.9049181938171387,0.019942182584270718,-0.6642492964901439,0.15417372662279316,0.017640946124103607,-0.09664057735877485,0.002300691825069201
3.9099197387695312,0.019942182584270718,-0.6642492964901439,0.15417372662279316,0.017640946124103607,-0.09664057735877485,0.002300691825069201
3.9149441719055176,0.019942182584270718,-0.666195564312464,0.15421974674864103,0.017640946124103607,-0.09894154854060311,0.002300691825069201
3.9199447631835938,0.019942182584270718,-0.666195564312464,0.15421974674864103,0.017640946124103607,-0.09894154854060311,0.002300691825069201
3.924923896789551,0.019942182584270718,-0.6680632144197935,0.15426768437973237,0.017640946124103607,-0.10124251972243137,0.0030676822190121023
3.9298713207244873,0.019942182584270718,-0.6695262709207102,0.15429261194790023,0.017640946124103607,-0.10354349090426052,0.0030676822190121023
3.934868097305298,0.019942182584270718,-0.6695262709207102,0.15429261194790023,0.017640946124103607,-0.10354349090426052,0.0030676822190121023
3.9399921894073486,0.019942182584270718,-0.671484043774492,0.15432137452655503,0.017640946124103607,-0.10584446208608878,0.0038346726129550035
3.945085048675537,0.019942182584270718,-0.671484043774492,0.15432137452655503,0.017640946124103607,-0.10584446208608878,0.0038346726129550035
3.9500889778137207,0.019942182584270718,-0.6730276354956426,0.1543463020947229,0.017640946124103607,-0.10814543326791703,0.0038346726129550035
3.955021858215332,0.019942182584270718,-0.6730276354956426,0.1543463020947229,0.017640946124103607,-0.10814543326791703,0.0038346726129550035
3.9599413871765137,0.019942182584270718,-0.6749988308861301,0.15438465219959596,0.017640946124103607,-0.10967941405580284,0.0038346726129550035
3.96494722366333,0.019942182584270718,-0.6749988308861301,0.15438465219959596,0.017640946124103607,-0.10967941405580284,0.0038346726129550035
3.9699759483337402,0.019942182584270718,-0.6758271931513935,0.15444601236739341,0.017640946124103607,-0.1119803852376311,0.0038346726129550035
3.9749066829681396,0.019942182584270718,-0.6784100727146107,0.1544901149879978,0.017640946124103607,-0.11428135641945936,0.0038346726129550035
3.980109214782715,0.019942182584270718,-0.6784100727146107,0.1544901149879978,0.017640946124103607,-0.11428135641945936,0.0038346726129550035
3.984910011291504,0.019942182584270718,-0.6800111895930709,0.15454955765055134,0.017640946124103607,-0.1165823276012885,0.0038346726129550035
3.9899260997772217,0.019942182584270718,-0.6800111895930709,0.15454955765055134,0.017640946124103607,-0.1165823276012885,0.0038346726129550035
3.994910478591919,0.019942182584270718,-0.6815547813142215,0.1545668151977444,0.017640946124103607,-0.11888329878311676,0.0038346726129550035
3.9999308586120605,0.019942182584270718,-0.6815547813142215,0.1545668151977444,0.017640946124103607,-0.11888329878311676,0.0038346726129550035
4.00493597984314,0.019942182584270718,-0.6834224314215511,0.15458407274493746,0.017640946124103607,-0.12118426996494502,0.0038346726129550035
4.0099945068359375,0.019942182584270718,-0.6834224314215511,0.15458407274493746,0.017640946124103607,-0.12118426996494502,0.0038346726129550035
4.014920473098755,0.019942182584270718,-0.6838251075227206,0.15460133029213008,0.017640946124103607,-0.12271825075283083,0.0038346726129550035
4.019888401031494,0.019942182584270718,-0.6868144981975948,0.15463009287078533,0.017640946124103607,-0.12501922193465909,0.004601663006897905
4.0250020027160645,0.019942182584270718,-0.6868144981975948,0.15463009287078533,0.017640946124103607,-0.12501922193465909,0.004601663006897905
4.029913425445557,0.019942182584270718,-0.6886725607787061,0.1546799480071206,0.017640946124103607,-0.1265532027225449,0.005368653400840806
4.0349555015563965,0.019942182584270718,-0.6886725607787061,0.1546799480071206,0.017640946124103607,-0.1265532027225449,0.005368653400840806
4.039957046508789,0.019942182584270718,-0.6902123174893693,0.15471829811199367,0.017640946124103607,-0.12885417390437315,0.006135643794783263
4.044984817504883,0.019942182584270718,-0.6902123174893693,0.15471829811199367,0.017640946124103607,-0.12885417390437315,0.006135643794783263
4.050081253051758,0.019942182584270718,-0.6921029776596228,0.1547815757850346,0.017640946124103607,-0.13038815469225895,0.006135643794783263
4.055113792419434,0.019942182584270718,-0.6921029776596228,0.1547815757850346,0.017640946124103607,-0.13038815469225895,0.006135643794783263
4.060088634490967,0.019942182584270718,-0.6935756216867577,0.1548391009423451,0.017640946124103607,-0.1326891258740872,0.006135643794783263
4.06492280960083,0.019942182584270718,-0.6953761591105594,0.1549733263094013,0.017640946124103607,-0.134223106661973,0.006135643794783263
4.069935083389282,0.019942182584270718,-0.6953761591105594,0.1549733263094013,0.017640946124103607,-0.134223106661973,0.006135643794783263
4.074885606765747,0.01917519219032826,-0.6968008655066025,0.15511330419218883,0.017640946124103607,-0.13575708744985882,0.006135643794783263
4.079911708831787,0.01917519219032826,-0.6968008655066025,0.15511330419218883,0.017640946124103607,-0.13575708744985882,0.006135643794783263
4.084942817687988,0.01917519219032826,-0.6985956504146729,0.15533381729521034,0.017640946124103607,-0.13729106823774462,0.006135643794783263
4.089953422546387,0.01917519219032826,-0.6985956504146729,0.15533381729521034,0.017640946124103607,-0.13729106823774462,0.006135643794783263
4.094915390014648,0.01917519219032826,-0.6989542238952384,0.15555241289298838,0.017640946124103607,-0.13882504902563042,0.006135643794783263
4.099940538406372,0.01917519219032826,-0.6989542238952384,0.15555241289298838,0.017640946124103607,-0.13882504902563042,0.006135643794783263
4.10491943359375,0.01917519219032826,-0.7016751638359988,0.1557575859540603,0.017640946124103607,-0.14035902981351533,0.006135643794783263
4.109947204589844,0.01917519219032826,-0.702332868134576,0.15599152159378749,0.017640946124103607,-0.14189301060140114,0.005368653400840806
4.115082263946533,0.01917519219032826,-0.702332868134576,0.15599152159378749,0.017640946124103607,-0.14189301060140114,0.005368653400840806
4.119895696640015,0.01917519219032826,-0.7044363713868771,0.1563251675061852,0.017640946124103607,-0.1426600009953436,0.004601663006897905
4.12491512298584,0.01917519219032826,-0.7044363713868771,0.1563251675061852,0.017640946124103607,-0.1426600009953436,0.004601663006897905
4.129923105239868,0.01917519219032826,-0.7054104640506589,0.15675852369125343,0.017640946124103607,-0.1441939817832294,0.0038346726129550035
4.13491678237915,0.01917519219032826,-0.7054104640506589,0.15675852369125343,0.017640946124103607,-0.1441939817832294,0.0038346726129550035
4.139924049377441,0.01917519219032826,-0.7072512690845771,0.1576060610089538,0.017640946124103607,-0.1457279625711152,0.0015337014311267438
4.144890069961548,0.01917519219032826,-0.7072512690845771,0.1576060610089538,0.017640946124103607,-0.1457279625711152,0.0015337014311267438
4.149877309799194,0.01917519219032826,-0.7085034000086905,0.1584919484315268,0.017640946124103607,-0.147261943359001,0.0007667110371838426
4.15489387512207,0.01917519219032826,-0.7101275269500746,0.15962327652528918,0.017640946124103607,-0.14802893375294346,0.0007667110371838426
4.159898042678833,0.01917519219032826,-0.7101275269500746,0.15962327652528918,0.017640946124103607,-0.14802893375294346,0.0007667110371838426
4.1648805141448975,0.018408201796384915,-0.7115253882727064,0.1604324637381156,0.017640946124103607,-0.14802893375294346,0.0007667110371838426
4.169971466064453,0.018408201796384915,-0.7115253882727064,0.1604324637381156,0.017640946124103607,-0.14802893375294346,0.0007667110371838426
4.174868583679199,0.018408201796384915,-0.7131591027403092,0.16146983407493876,0.017640946124103607,-0.14956291454082926,0.0007667110371838426
4.179864883422852,0.018408201796384915,-0.7131591027403092,0.16146983407493876,0.017640946124103607,-0.14956291454082926,0.0007667110371838426
4.184936046600342,0.0168742210085,-0.7144304087168591,0.1625378844956602,0.017640946124103607,-0.1503299049347726,-2.7935675905865764e-07
4.189870834350586,0.0168742210085,-0.7144304087168591,0.1625378844956602,0.017640946124103607,-0.1503299049347726,-2.7935675905865764e-07
4.194881916046143,0.0168742210085,-0.7161945135410313,0.16399902349133288,0.017640946124103607,-0.15109689532871506,-0.0007672697507019599
4.199873685836792,0.0168742210085,-0.7175655297902517,0.1648619008509824,0.017640946124103607,-0.1518638857226584,-0.0007672697507019599
4.204920291900635,0.0168742210085,-0.7175655297902517,0.1648619008509824,0.017640946124103607,-0.1518638857226584,-0.0007672697507019599
4.209892988204956,0.0168742210085,-0.7192030792683415,0.16665860326429627,0.017640946124103607,-0.15263087611660087,-0.0007672697507019599
4.2149412631988525,0.0168742210085,-0.7192030792683415,0.16665860326429627,0.017640946124103607,-0.15263087611660087,-0.0007672697507019599
4.219918251037598,0.0168742210085,-0.7205549204651254,0.16810056720753241,0.017640946124103607,-0.15339786651054332,-0.0007672697507019599
4.2249720096588135,0.0168742210085,-0.7205549204651254,0.16810056720753241,0.017640946124103607,-0.15339786651054332,-0.0007672697507019599
4.229917049407959,0.0168742210085,-0.7221675423750478,0.1698800120736541,0.017640946124103607,-0.15339786651054332,-0.0007672697507019599
4.234918832778931,0.0168742210085,-0.7221675423750478,0.1698800120736541,0.017640946124103607,-0.15339786651054332,-0.0007672697507019599
4.239981651306152,0.0168742210085,-0.7230956149129817,0.17137950117419987,0.017640946124103607,-0.15416485690448667,-0.0007672697507019599
4.244868993759155,0.0168742210085,-0.7250648927982257,0.1735750446781963,0.017640946124103607,-0.15493184729842913,-0.0007672697507019599
4.249958753585815,0.0168742210085,-0.7250648927982257,0.1735750446781963,0.017640946124103607,-0.15493184729842913,-0.0007672697507019599
4.254926443099976,0.0168742210085,-0.7263918064268422,0.174915380843518,0.017640946124103607,-0.15493184729842913,-0.0007672697507019599
4.2598936557769775,0.0168742210085,-0.7263918064268422,0.174915380843518,0.017640946124103607,-0.15493184729842913,-0.0007672697507019599
4.2648844718933105,0.016107230614556656,-0.7280446959468811,0.1779143590446104,0.017640946124103607,-0.15569883769237158,-0.0007672697507019599
4.269919157028198,0.016107230614556656,-0.7280446959468811,0.1779143590446104,0.017640946124103607,-0.15569883769237158,-0.0007672697507019599
4.274943828582764,0.016107230614556656,-0.7293217544391624,0.179417683155644,0.017640946124103607,-0.15569883769237158,-0.0007672697507019599
4.279978513717651,0.016107230614556656,-0.7293217544391624,0.179417683155644,0.017640946124103607,-0.15569883769237158,-0.0007672697507019599
4.284916877746582,0.016107230614556656,-0.7309075312756734,0.18263717445975747,0.017640946124103607,-0.15646582808631493,-0.0015342601446448612
4.2898924350738525,0.016107230614556656,-0.7321615797050303,0.18478861534314994,0.017640946124103607,-0.15646582808631493,-0.0015342601446448612
4.294872045516968,0.016107230614556656,-0.7321615797050303,0.18478861534314994,0.017640946124103607,-0.15646582808631493,-0.0015342601446448612
4.299882888793945,0.016107230614556656,-0.7338854169190854,0.18753256534683427,0.017640946124103607,-0.15646582808631493,-0.0023012505385873183
4.30492901802063,0.016107230614556656,-0.7338854169190854,0.18753256534683427,0.017640946124103607,-0.15646582808631493,-0.0023012505385873183
4.309927225112915,0.016107230614556656,-0.7352660206945241,0.18912792970956405,0.017640946124103607,-0.15646582808631493,-0.0030682409325306637
4.3149144649505615,0.016107230614556656,-0.7352660206945241,0.18912792970956405,0.017640946124103607,-0.15646582808631493,-0.0030682409325306637
4.3207316398620605,0.01534024022061331,-0.7371049082231989,0.19237810109757625,0.017640946124103607,-0.15646582808631493,-0.005369212114358923
4.324981927871704,0.01534024022061331,-0.7371049082231989,0.19237810109757625,0.017640946124103607,-0.15646582808631493,-0.005369212114358923
4.329984426498413,0.014573249826671741,-0.7386178198604507,0.1945237894652374,0.017640946124103607,-0.15723281848025739,-0.006903192902244726
4.334937572479248,0.014573249826671741,-0.7403704196531606,0.1961153188174798,0.017640946124103607,-0.15723281848025739,-0.007670183296187183
4.339876890182495,0.014573249826671741,-0.7403704196531606,0.1961153188174798,0.017640946124103607,-0.15723281848025739,-0.007670183296187183
4.344873428344727,0.014573249826671741,-0.7417011682922641,0.19930413003769454,0.017640946124103607,-0.15799980887420073,-0.008437173690130084
4.3499627113342285,0.014573249826671741,-0.7417011682922641,0.19930413003769454,0.017640946124103607,-0.15799980887420073,-0.008437173690130084
4.354896783828735,0.014573249826671741,-0.7434211704958318,0.20183331945408867,0.017640946124103607,-0.15799980887420073,-0.008437173690130084
4.359899044036865,0.014573249826671741,-0.7434211704958318,0.20183331945408867,0.017640946124103607,-0.15799980887420073,-0.008437173690130084
4.365629196166992,0.014573249826671741,-0.7443319854865726,0.20383327742323143,0.017640946124103607,-0.15799980887420073,-0.008437173690130084
4.370097398757935,0.014573249826671741,-0.7443319854865726,0.20383327742323143,0.017640946124103607,-0.15799980887420073,-0.008437173690130084
4.374983787536621,0.014573249826671741,-0.7450932350683077,0.20629151914561028,0.017640946124103607,-0.1587667992681432,-0.008437173690130084
4.379928112030029,0.013806259432728396,-0.7469052775235712,0.20832599220913917,0.017640946124103607,-0.1587667992681432,-0.008437173690130084
4.384878158569336,0.013806259432728396,-0.7469052775235712,0.20832599220913917,0.017640946124103607,-0.1587667992681432,-0.008437173690130084
4.38986873626709,0.013806259432728396,-0.7476205069794584,0.21075930636335016,0.017640946124103607,-0.1587667992681432,-0.007670183296187183
4.3950018882751465,0.013806259432728396,-0.7476205069794584,0.21075930636335016,0.017640946124103607,-0.1587667992681432,-0.007670183296187183
4.3998682498931885,0.013806259432728396,-0.748721154989322,0.2128781496576,0.017640946124103607,-0.1587667992681432,-0.007670183296187183
4.404865264892578,0.013806259432728396,-0.748721154989322,0.2128781496576,0.017640946124103607,-0.1587667992681432,-0.007670183296187183
4.40995454788208,0.013806259432728396,-0.749282984025716,0.21543801915789285,0.017640946124103607,-0.15953378966208653,-0.007670183296187183
4.41489839553833,0.013806259432728396,-0.749282984025716,0.21543801915789285,0.017640946124103607,-0.15953378966208653,-0.007670183296187183
4.419919013977051,0.013806259432728396,-0.7495974548856772,0.21760096507274707,0.017640946124103607,-0.15953378966208653,-0.007670183296187183
4.424969911575317,0.013806259432728396,-0.7495974548856772,0.21760096507274707,0.017640946124103607,-0.15953378966208653,-0.007670183296187183
4.429894208908081,0.013806259432728396,-0.7499502758505114,0.22026821486668524,0.017640946124103607,-0.15953378966208653,-0.007670183296187183
4.434865474700928,0.013806259432728396,-0.7503491169411936,0.22252128352799172,0.017640946124103607,-0.15953378966208653,-0.007670183296187183
4.439926862716675,0.013806259432728396,-0.7503491169411936,0.22252128352799172,0.017640946124103607,-0.15953378966208653,-0.007670183296187183
4.444903612136841,0.013806259432728396,-0.751033666313182,0.22531317116276783,0.017640946124103607,-0.15953378966208653,-0.007670183296187183
4.449939727783203,0.013806259432728396,-0.751033666313182,0.22531317116276783,0.017640946124103607,-0.15953378966208653,-0.007670183296187183
4.454890012741089,0.013806259432728396,-0.7516012478653069,0.22759116739224172,0.017640946124103607,-0.15953378966208653,-0.007670183296187183
4.459884166717529,0.013806259432728396,-0.7516012478653069,0.22759116739224172,0.017640946124103607,-0.15953378966208653,-0.007670183296187183
4.464873552322388,0.013806259432728396,-0.7522704571953462,0.23043099265811007,0.017640946124103607,-0.15953378966208653,-0.007670183296187183
4.469865798950195,0.013806259432728396,-0.7526808033174905,0.23216633490362693,0.017640946124103607,-0.15953378966208653,-0.007670183296187183
4.474875211715698,0.013806259432728396,-0.7526808033174905,0.23216633490362693,0.017640946124103607,-0.15953378966208653,-0.007670183296187183
4.47985315322876,0.013806259432728396,-0.7530412943032996,0.2356868745309959,0.017640946124103607,-0.15953378966208653,-0.007670183296187183
4.485027074813843,0.013806259432728396,-0.7530412943032996,0.2356868745309959,0.017640946124103607,-0.15953378966208653,-0.007670183296187183
4.4898521900177,0.013806259432728396,-0.7531908597123054,0.23819880640019742,0.017640946124103607,-0.15953378966208653,-0.007670183296187183
4.494880437850952,0.013806259432728396,-0.7531908597123054,0.23819880640019742,0.017640946124103607,-0.15953378966208653,-0.007670183296187183
4.4999120235443115,0.013806259432728396,-0.7532215397962041,0.24140871017809262,0.017640946124103607,-0.1587667992681432,-0.007670183296187183
4.504907846450806,0.013806259432728396,-0.7532215397962041,0.24140871017809262,0.017640946124103607,-0.1587667992681432,-0.007670183296187183
4.509877681732178,0.013806259432728396,-0.7532061997542545,0.2441373201398278,0.017640946124103607,-0.1587667992681432,-0.007670183296187183
4.5148539543151855,0.013806259432728396,-0.7532061997542545,0.24698289792142702,0.017640946124103607,-0.1587667992681432,-0.007670183296187183
4.520050048828125,0.013806259432728396,-0.7532061997542545,0.24698289792142702,0.017640946124103607,-0.1587667992681432,-0.007670183296187183
4.524890422821045,0.013806259432728396,-0.7532061997542545,0.25055329268513127,0.017640946124103607,-0.15799980887420073,-0.007670183296187183
4.529950380325317,0.013806259432728396,-0.7532061997542545,0.25055329268513127,0.017640946124103607,-0.15799980887420073,-0.007670183296187183
4.534844398498535,0.013806259432728396,-0.7532061997542545,0.2542943454155222,0.017640946124103607,-0.15799980887420073,-0.008437173690130084
4.539848566055298,0.013806259432728396,-0.7532061997542545,0.2542943454155222,0.017640946124103607,-0.15799980887420073,-0.008437173690130084
4.544941425323486,0.013806259432728396,-0.7532061997542545,0.2565224865086613,0.017640946124103607,-0.15723281848025739,-0.008437173690130084
4.549870491027832,0.013806259432728396,-0.7532061997542545,0.2565224865086613,0.017640946124103607,-0.15723281848025739,-0.008437173690130084
4.554927587509155,0.013806259432728396,-0.7532061997542545,0.26111491156723865,0.017640946124103607,-0.15646582808631493,-0.008437173690130084
4.559866666793823,0.013806259432728396,-0.7532061997542545,0.26428263022977383,0.017640946124103607,-0.15569883769237158,-0.008437173690130084
4.564936876296997,0.013806259432728396,-0.7532061997542545,0.26428263022977383,0.017640946124103607,-0.15569883769237158,-0.008437173690130084
4.569908142089844,0.013806259432728396,-0.7532061997542545,0.26752704910205516,0.017640946124103607,-0.15569883769237158,-0.008437173690130084
4.574896574020386,0.013806259432728396,-0.7532061997542545,0.26752704910205516,0.017640946124103607,-0.15569883769237158,-0.008437173690130084
4.579924583435059,0.013806259432728396,-0.7532061997542545,0.270790643026773,0.017640946124103607,-0.15493184729842913,-0.008437173690130084
4.584984540939331,0.013806259432728396,-0.7532061997542545,0.270790643026773,0.017640946124103607,-0.15493184729842913,-0.008437173690130084
4.590068340301514,0.013806259432728396,-0.7532061997542545,0.2760369373734406,0.017640946124103607,-0.15416485690448667,-0.008437173690130084
4.595072269439697,0.013806259432728396,-0.7532061997542545,0.2760369373734406,0.017640946124103607,-0.15416485690448667,-0.008437173690130084
4.600020408630371,0.013806259432728396,-0.7532023647437676,0.27964951725250575,0.017640946124103607,-0.15339786651054332,-0.008437173690130084
4.604905366897583,0.013806259432728396,-0.7532023647437676,0.28432823004704844,0.017640946124103607,-0.15263087611660087,-0.008437173690130084
4.609982252120972,0.013806259432728396,-0.7532023647437676,0.28432823004704844,0.017640946124103607,-0.15263087611660087,-0.008437173690130084
4.614962577819824,0.013806259432728396,-0.7532023647437676,0.2872658480803434,0.017640946124103607,-0.1518638857226584,-0.008437173690130084
4.619998216629028,0.013806259432728396,-0.7532023647437676,0.2872658480803434,0.017640946124103607,-0.1518638857226584,-0.008437173690130084
4.6250834465026855,0.013806259432728396,-0.7532023647437676,0.2932829795349643,0.017640946124103607,-0.15109689532871506,-0.008437173690130084
4.630082368850708,0.013806259432728396,-0.7532023647437676,0.2932829795349643,0.017640946124103607,-0.15109689532871506,-0.008437173690130084
4.635081052780151,0.013806259432728396,-0.7532023647437676,0.29753792367065746,0.017640946124103607,-0.14956291454082926,-0.008437173690130084
4.640119552612305,0.013806259432728396,-0.7532023647437676,0.29753792367065746,0.017640946124103607,-0.14956291454082926,-0.008437173690130084
4.6451096534729,0.013806259432728396,-0.7532023647437676,0.3030200711622957,0.017640946124103607,-0.1487959241468868,-0.008437173690130084
4.649904012680054,0.013806259432728396,-0.7532023647437676,0.3075051159272282,0.017640946124103607,-0.147261943359001,-0.008437173690130084
4.654965400695801,0.013806259432728396,-0.7532023647437676,0.3075051159272282,0.017640946124103607,-0.147261943359001,-0.008437173690130084
4.659894704818726,0.013806259432728396,-0.7532023647437676,0.31096237788155623,0.017640946124103607,-0.14649495296505854,-0.009204164084072985
4.6649580001831055,0.013806259432728396,-0.7532023647437676,0.31096237788155623,0.017640946124103607,-0.14649495296505854,-0.009204164084072985
4.66998291015625,0.013806259432728396,-0.7532023647437676,0.31778869654900443,0.017640946124103607,-0.1441939817832294,-0.009971154478015443
4.67503547668457,0.013806259432728396,-0.7532023647437676,0.31778869654900443,0.017640946124103607,-0.1441939817832294,-0.009971154478015443
4.68008828163147,0.013806259432728396,-0.7532023647437676,0.32247124435403407,0.017640946124103607,-0.14342699138928694,-0.012272125659844146
4.6849915981292725,0.013806259432728396,-0.7532023647437676,0.32247124435403407,0.017640946124103607,-0.14342699138928694,-0.012272125659844146
4.690094709396362,0.013806259432728396,-0.7532023647437676,0.32592083628738777,0.017640946124103607,-0.14189301060140114,-0.01457309684167285
4.694951057434082,0.013806259432728396,-0.7532023647437676,0.3338075353545822,0.017640946124103607,-0.14035902981351533,-0.015340087235615307
4.6999266147613525,0.013806259432728396,-0.7532023647437676,0.3338075353545822,0.017640946124103607,-0.14035902981351533,-0.015340087235615307
4.7048797607421875,0.013806259432728396,-0.7532023647437676,0.3382235499307429,0.017640946124103607,-0.13882504902563042,-0.01610707762955821
4.7100138664245605,0.013806259432728396,-0.7532023647437676,0.3382235499307429,0.017640946124103607,-0.13882504902563042,-0.01610707762955821
4.7150938510894775,0.013806259432728396,-0.7532023647437676,0.3437229549695746,0.017640946124103607,-0.13805805863168708,-0.01610707762955821
4.719967603683472,0.013806259432728396,-0.7532023647437676,0.3437229549695746,0.017640946124103607,-0.13805805863168708,-0.01610707762955821
4.725103378295898,0.013806259432728396,-0.7532023647437676,0.3480220017258717,0.017640946124103607,-0.13729106823774462,-0.01610707762955821
4.730151414871216,0.013806259432728396,-0.7532023647437676,0.3480220017258717,0.017640946124103607,-0.13729106823774462,-0.01610707762955821
4.734982013702393,0.013806259432728396,-0.7532023647437676,0.3533890989028903,0.017640946124103607,-0.13652407784380127,-0.01610707762955821
4.739905595779419,0.013806259432728396,-0.7532023647437676,0.3576133629546847,0.017640946124103607,-0.13499009705591547,-0.01610707762955821
4.745096206665039,0.013806259432728396,-0.7532023647437676,0.3576133629546847,0.017640946124103607,-0.13499009705591547,-0.01610707762955821
4.749949216842651,0.013806259432728396,-0.7532023647437676,0.36289800740622535,0.017640946124103607,-0.13345611626803056,-0.01610707762955821
4.75509238243103,0.013806259432728396,-0.7532023647437676,0.36289800740622535,0.017640946124103607,-0.13345611626803056,-0.01610707762955821
4.760105133056641,0.013806259432728396,-0.7532061997542545,0.36721622921495944,0.017640946124103607,-0.13192213548014475,-0.01610707762955821
4.765003442764282,0.013806259432728396,-0.7532061997542545,0.36721622921495944,0.017640946124103607,-0.13192213548014475,-0.01610707762955821
4.76995325088501,0.013806259432728396,-0.7532061997542545,0.3725315537503988,0.017640946124103607,-0.13038815469225895,-0.01610707762955821
4.7749035358428955,0.013806259432728396,-0.7532061997542545,0.3725315537503988,0.017640946124103607,-0.13038815469225895,-0.01610707762955821
4.7800819873809814,0.013806259432728396,-0.7532061997542545,0.3736379542759938,0.017640946124103607,-0.12885417390437315,-0.01610707762955821
4.78490686416626,0.013806259432728396,-0.7532061997542545,0.38227823290394847,0.017640946124103607,-0.12732019311648735,-0.01610707762955821
4.7900731563568115,0.013806259432728396,-0.7532061997542545,0.38227823290394847,0.017640946124103607,-0.12732019311648735,-0.01610707762955821
4.7949182987213135,0.013806259432728396,-0.7532061997542545,0.38653317703964163,0.017640946124103607,-0.12501922193465909,-0.01610707762955821
4.800084352493286,0.013806259432728396,-0.7532061997542545,0.38653317703964163,0.017640946124103607,-0.12501922193465909,-0.01610707762955821
4.804994106292725,0.013806259432728396,-0.7532061997542545,0.39179097641777094,0.017640946124103607,-0.12348524114677328,-0.01610707762955821
4.8099799156188965,0.013806259432728396,-0.7532061997542545,0.39179097641777094,0.017640946124103607,-0.12348524114677328,-0.01610707762955821
4.815081834793091,0.013806259432728396,-0.7532061997542545,0.3958867676182396,0.017640946124103607,-0.12118426996494502,-0.01610707762955821
4.819989919662476,0.013806259432728396,-0.7532061997542545,0.3958867676182396,0.017640946124103607,-0.12118426996494502,-0.01610707762955821
4.8250768184661865,0.013806259432728396,-0.7532061997542545,0.3999998163659013,0.017640946124103607,-0.11888329878311676,-0.01610707762955821
4.829905986785889,0.013806259432728396,-0.7532061997542545,0.4051329779031927,0.017640946124103607,-0.11734931799523096,-0.015340087235615307
4.834991216659546,0.013806259432728396,-0.7532061997542545,0.4051329779031927,0.017640946124103607,-0.11734931799523096,-0.015340087235615307
4.8399646282196045,0.013806259432728396,-0.7532061997542545,0.41026613944048407,0.017640946124103607,-0.11581533720734516,-0.015340087235615307
4.845089435577393,0.013806259432728396,-0.7532061997542545,0.41026613944048407,0.017640946124103607,-0.11581533720734516,-0.015340087235615307
4.849962472915649,0.013806259432728396,-0.7532061997542545,0.41457285621775597,0.017640946124103607,-0.1135143660255169,-0.015340087235615307
4.855086326599121,0.013806259432728396,-0.7532061997542545,0.41457285621775597,0.017640946124103607,-0.1135143660255169,-0.015340087235615307
4.860083103179932,0.013806259432728396,-0.7532061997542545,0.4200454161831759,0.017640946124103607,-0.11121339484368864,-0.015340087235615307
4.864991188049316,0.013806259432728396,-0.7532061997542545,0.4200454161831759,0.017640946124103607,-0.11121339484368864,-0.015340087235615307
4.87003231048584,0.013806259432728396,-0.7532061997542545,0.42446334826458054,0.017640946124103607,-0.10891242366185949,-0.015340087235615307
4.874899864196777,0.013806259432728396,-0.7532061997542545,0.42902701074450356,0.018407936518046064,-0.10737844287397458,-0.015340087235615307
4.879961967468262,0.013806259432728396,-0.7532061997542545,0.42902701074450356,0.018407936518046064,-0.10737844287397458,-0.015340087235615307
4.884903430938721,0.013806259432728396,-0.7532061997542545,0.4347891140017168,0.018407936518046064,-0.10431048129820297,-0.01457309684167285
4.889990329742432,0.013806259432728396,-0.7532061997542545,0.4347891140017168,0.018407936518046064,-0.10431048129820297,-0.01457309684167285
4.894915580749512,0.013806259432728396,-0.7532061997542545,0.44061065992148407,0.018407936518046064,-0.10277650051031717,-0.01457309684167285
4.8999669551849365,0.013806259432728396,-0.7532061997542545,0.44061065992148407,0.018407936518046064,-0.10277650051031717,-0.01457309684167285
4.90493631362915,0.013806259432728396,-0.7532061997542545,0.44175349304670863,0.018407936518046064,-0.09970853893454645,-0.01457309684167285
4.909989356994629,0.013806259432728396,-0.7532061997542545,0.44175349304670863,0.018407936518046064,-0.09970853893454645,-0.01457309684167285
4.914959669113159,0.013806259432728396,-0.7532061997542545,0.44175349304670863,0.01917492691198852,-0.0974075677527182,-0.01457309684167285
4.919872760772705,0.013806259432728396,-0.7532061997542545,0.4555346032329295,0.01917492691198852,-0.09510659657088905,-0.01457309684167285
4.9250171184539795,0.013806259432728396,-0.7532061997542545,0.4555346032329295,0.01917492691198852,-0.09510659657088905,-0.01457309684167285
4.929861783981323,0.013806259432728396,-0.7532061997542545,0.46116823363881787,0.01917492691198852,-0.09357261578300324,-0.01457309684167285
4.934837341308594,0.013806259432728396,-0.7532061997542545,0.46116823363881787,0.01917492691198852,-0.09357261578300324,-0.01457309684167285
4.9398603439331055,0.013806259432728396,-0.7532061997542545,0.46567053595094343,0.01917492691198852,-0.09050465420723253,-0.01457309684167285
4.944861173629761,0.013806259432728396,-0.7532061997542545,0.46567053595094343,0.01917492691198852,-0.09050465420723253,-0.01457309684167285
4.949869871139526,0.013806259432728396,-0.7532061997542545,0.47014982820014506,0.01917492691198852,-0.08897067341934672,-0.01457309684167285
4.954885721206665,0.013806259432728396,-0.7532061997542545,0.47014982820014506,0.01917492691198852,-0.08897067341934672,-0.01457309684167285
4.959961414337158,0.013806259432728396,-0.7532061997542545,0.4757010058805555,0.01917492691198852,-0.08666970223751846,-0.01457309684167285
4.964866876602173,0.013806259432728396,-0.7532061997542545,0.48136723387558567,0.01917492691198852,-0.08513572144963266,-0.01457309684167285
4.969966888427734,0.013806259432728396,-0.7532061997542545,0.48136723387558567,0.01917492691198852,-0.08513572144963266,-0.01457309684167285
4.974951505661011,0.013806259432728396,-0.7532061997542545,0.483706590272857,0.01917492691198852,-0.08360174066174686,-0.01457309684167285
4.9799885749816895,0.013806259432728396,-0.7532061997542545,0.483706590272857,0.01917492691198852,-0.08360174066174686,-0.01457309684167285
4.984884738922119,0.013806259432728396,-0.7532061997542545,0.49172751470710807,0.01917492691198852,-0.08206775987386106,-0.01457309684167285
4.989872932434082,0.013806259432728396,-0.7532061997542545,0.49172751470710807,0.01917492691198852,-0.08206775987386106,-0.01457309684167285
4.994912147521973,0.013806259432728396,-0.7532061997542545,0.49634103232336635,0.01917492691198852,-0.0797667886920328,-0.01457309684167285
5.0000159740448,0.013806259432728396,-0.7532061997542545,0.49634103232336635,0.01917492691198852,-0.0797667886920328,-0.01457309684167285
5.004917621612549,0.013806259432728396,-0.7532061997542545,0.5010044050759599,0.01917492691198852,-0.078232807904147,-0.01457309684167285
5.009865999221802,0.013806259432728396,-0.7532061997542545,0.5068048584380467,0.01917492691198852,-0.07593183672231874,-0.015340087235615307
5.014969110488892,0.013806259432728396,-0.7532061997542545,0.5068048584380467,0.01917492691198852,-0.07593183672231874,-0.015340087235615307
5.019881010055542,0.013806259432728396,-0.7532061997542545,0.5125727142109913,0.01917492691198852,-0.07439785593443293,-0.015340087235615307
5.02491569519043,0.013806259432728396,-0.7532061997542545,0.5125727142109913,0.01917492691198852,-0.07439785593443293,-0.015340087235615307
5.029948711395264,0.013806259432728396,-0.7532061997542545,0.5173108696680879,0.01917492691198852,-0.07209688475260467,-0.015340087235615307
5.034909963607788,0.013806259432728396,-0.7532061997542545,0.5173108696680879,0.01917492691198852,-0.07209688475260467,-0.015340087235615307
5.039966344833374,0.013806259432728396,-0.7532061997542545,0.5231726831979722,0.01917492691198852,-0.07056290396471887,-0.015340087235615307
5.04492449760437,0.013806259432728396,-0.7532061997542545,0.5231726831979722,0.01917492691198852,-0.07056290396471887,-0.015340087235615307
5.049972295761108,0.013806259432728396,-0.7532061997542545,0.527885911086901,0.01917492691198852,-0.06826193278289061,-0.015340087235615307
5.054869651794434,0.013806259432728396,-0.7532061997542545,0.5338723624576236,0.01917492691198852,-0.06672795199500481,-0.015340087235615307
5.059895992279053,0.013806259432728396,-0.7532061997542545,0.5338723624576236,0.01917492691198852,-0.06672795199500481,-0.015340087235615307
5.064903259277344,0.013806259432728396,-0.7532061997542545,0.5386853006192229,0.01917492691198852,-0.065193971207119,-0.015340087235615307
5.069958448410034,0.013806259432728396,-0.7532061997542545,0.5386853006192229,0.01917492691198852,-0.065193971207119,-0.015340087235615307
5.074915885925293,0.013806259432728396,-0.7532061997542545,0.5449325327030836,0.01917492691198852,-0.06365999041923409,-0.015340087235615307
5.079907655715942,0.013806259432728396,-0.7532061997542545,0.5449325327030836,0.01917492691198852,-0.06365999041923409,-0.015340087235615307
5.08492636680603,0.013806259432728396,-0.7532061997542545,0.5500215916197706,0.01917492691198852,-0.0621260096313474,-0.015340087235615307
5.090008735656738,0.013806259432728396,-0.7532061997542545,0.5500215916197706,0.01917492691198852,-0.0621260096313474,-0.015340087235615307
5.094916582107544,0.013806259432728396,-0.7532061997542545,0.5563666164710588,0.01917492691198852,-0.05982503844951914,-0.015340087235615307
5.099865198135376,0.013806259432728396,-0.7532061997542545,0.5616282508596755,0.01917492691198852,-0.05829105766163423,-0.015340087235615307
5.104910850524902,0.013806259432728396,-0.7532061997542545,0.5616282508596755,0.01917492691198852,-0.05829105766163423,-0.015340087235615307
5.109936237335205,0.013806259432728396,-0.7532061997542545,0.5682589839922692,0.01917492691198852,-0.056757076873748424,-0.015340087235615307
5.114975214004517,0.013806259432728396,-0.7532061997542545,0.5682589839922692,0.01917492691198852,-0.056757076873748424,-0.015340087235615307
5.119921684265137,0.013806259432728396,-0.7532061997542545,0.5736049886116077,0.01917492691198852,-0.054456105691919277,-0.015340087235615307
5.124960422515869,0.013806259432728396,-0.7532061997542545,0.5736049886116077,0.01917492691198852,-0.054456105691919277,-0.015340087235615307
5.1299169063568115,0.013806259432728396,-0.7532061997542545,0.5801724440711604,0.01917492691198852,-0.05292212490403436,-0.015340087235615307
5.134916543960571,0.013806259432728396,-0.7532061997542545,0.5801724440711604,0.01917492691198852,-0.05292212490403436,-0.015340087235615307
5.139925718307495,0.013806259432728396,-0.7532061997542545,0.5840803197577502,0.01917492691198852,-0.0506211537222061,-0.015340087235615307
5.1448657512664795,0.013806259432728396,-0.7532061997542545,0.5917637632691162,0.01917492691198852,-0.04985416332826276,-0.015340087235615307
5.150214433670044,0.013806259432728396,-0.7532061997542545,0.5917637632691162,0.01917492691198852,-0.04985416332826276,-0.015340087235615307
5.154869794845581,0.013806259432728396,-0.7532061997542545,0.5957080715553351,0.01917492691198852,-0.048320182540376955,-0.015340087235615307
5.159932851791382,0.013806259432728396,-0.7532061997542545,0.5957080715553351,0.01917492691198852,-0.048320182540376955,-0.015340087235615307
5.16488790512085,0.013806259432728396,-0.7532061997542545,0.6033857625509702,0.01917492691198852,-0.046019211358548695,-0.015340087235615307
5.1699910163879395,0.013806259432728396,-0.7532061997542545,0.6033857625509702,0.01917492691198852,-0.046019211358548695,-0.015340087235615307
5.174973964691162,0.013806259432728396,-0.7532061997542545,0.608459481425708,0.01917492691198852,-0.04525222096460624,-0.01610707762955821
5.179986476898193,0.013806259432728396,-0.7532061997542545,0.608459481425708,0.01917492691198852,-0.04525222096460624,-0.01610707762955821
5.184987783432007,0.013806259432728396,-0.7532061997542545,0.6149617417069764,0.01917492691198852,-0.04448523057066289,-0.01610707762955821
5.1898863315582275,0.013806259432728396,-0.7532061997542545,0.6200776456970747,0.01917492691198852,-0.04218425938883463,-0.01610707762955821
5.194961309432983,0.013806259432728396,-0.7532061997542545,0.6200776456970747,0.01917492691198852,-0.04218425938883463,-0.01610707762955821
5.199871778488159,0.013806259432728396,-0.7532023647437676,0.6265166283053021,0.01917492691198852,-0.04065027860094883,-0.01610707762955821
5.2049314975738525,0.013806259432728396,-0.7532023647437676,0.6265166283053021,0.01917492691198852,-0.04065027860094883,-0.01610707762955821
5.210024356842041,0.013806259432728396,-0.7532023647437676,0.6317226550418527,0.01917492691198852,-0.03911629781306303,-0.01687406802350111
5.2148802280426025,0.013806259432728396,-0.7532023647437676,0.6317226550418527,0.01917492691198852,-0.03911629781306303,-0.01687406802350111
5.2198486328125,0.013806259432728396,-0.7532023647437676,0.6381347925766692,0.01917492691198852,-0.03834930741912057,-0.01687406802350111
5.224930047988892,0.013806259432728396,-0.7532023647437676,0.6381347925766692,0.01917492691198852,-0.03834930741912057,-0.01687406802350111
5.2298948764801025,0.013806259432728396,-0.7531985297332802,0.6406582294773324,0.01917492691198852,-0.03681532663123477,-0.01764105841744401
5.234875440597534,0.013806259432728396,-0.7531985297332802,0.6485046609344098,0.01917492691198852,-0.03451435544940651,-0.018408048811386912
5.239873886108398,0.013806259432728396,-0.7531985297332802,0.6485046609344098,0.01917492691198852,-0.03451435544940651,-0.018408048811386912
5.244882345199585,0.013806259432728396,-0.7531946947227928,0.6535841323248786,0.01917492691198852,-0.032980374661520706,-0.021476010387158073
5.249870300292969,0.013806259432728396,-0.7531946947227928,0.6535841323248786,0.01917492691198852,-0.032980374661520706,-0.021476010387158073
5.254914045333862,0.013806259432728396,-0.7531946947227928,0.6615072639917026,0.01917492691198852,-0.031446393873634904,-0.02300999117504343
5.259907245635986,0.013806259432728396,-0.7531946947227928,0.6615072639917026,0.01917492691198852,-0.031446393873634904,-0.02300999117504343
5.264851808547974,0.013806259432728396,-0.7531908597123054,0.6668053309799493,0.01917492691198852,-0.02991241308574999,-0.023776981568986777
5.269867658615112,0.013806259432728396,-0.7531908597123054,0.6668053309799493,0.01917492691198852,-0.02991241308574999,-0.023776981568986777
5.275022268295288,0.013806259432728396,-0.7531908597123054,0.6735779595005744,0.01917492691198852,-0.0283784322978633,-0.024543971962929234
5.279846429824829,0.013806259432728396,-0.753187024701818,0.6776679981853122,0.01917492691198852,-0.026844451509978384,-0.024543971962929234
5.2848429679870605,0.013806259432728396,-0.753187024701818,0.6776679981853122,0.01917492691198852,-0.026844451509978384,-0.024543971962929234
5.289864540100098,0.013806259432728396,-0.7531831896913306,0.685861498091493,0.01917492691198852,-0.025310470722092582,-0.026077952750815037
5.294844627380371,0.013806259432728396,-0.7531831896913306,0.685861498091493,0.01917492691198852,-0.025310470722092582,-0.026077952750815037
5.299841642379761,0.013806259432728396,-0.7531831896913306,0.6914069232561726,0.01917492691198852,-0.02377648993420678,-0.028378923932643296
5.304951190948486,0.013806259432728396,-0.7531831896913306,0.6914069232561726,0.01917492691198852,-0.02377648993420678,-0.028378923932643296
5.309879541397095,0.013806259432728396,-0.7531831896913306,0.6982888495756865,0.01917492691198852,-0.022242509146320977,-0.030679895114472
5.315005540847778,0.013806259432728396,-0.7531831896913306,0.6982888495756865,0.01917492691198852,-0.022242509146320977,-0.030679895114472
5.320005416870117,0.013806259432728396,-0.7531793546808432,0.7009867794535234,0.01917492691198852,-0.019941537964492717,-0.03221387590235736
5.32486629486084,0.013806259432728396,-0.7531793546808432,0.7104247402628427,0.01917492691198852,-0.018407557176606915,-0.03374785669024316
5.329872369766235,0.013806259432728396,-0.7531793546808432,0.7104247402628427,0.01917492691198852,-0.018407557176606915,-0.03374785669024316
5.334869384765625,0.013806259432728396,-0.7531793546808432,0.7156326845046372,0.01917492691198852,-0.016873576388722,-0.03374785669024316
5.339869976043701,0.013806259432728396,-0.7531793546808432,0.7156326845046372,0.01917492691198852,-0.016873576388722,-0.03374785669024316
5.344944477081299,0.013806259432728396,-0.7531793546808432,0.7222557476162565,0.01917492691198852,-0.016106585994778655,-0.03374785669024316
5.349909782409668,0.013806259432728396,-0.7531793546808432,0.7222557476162565,0.01917492691198852,-0.016106585994778655,-0.03374785669024316
5.354886770248413,0.013806259432728396,-0.7531793546808432,0.7274425993003706,0.01917492691198852,-0.013805614812950395,-0.03374785669024316
5.360022306442261,0.013806259432728396,-0.7531793546808432,0.7274425993003706,0.01917492691198852,-0.013805614812950395,-0.03374785669024316
5.364892482757568,0.013806259432728396,-0.7531793546808432,0.733841314298481,0.01917492691198852,-0.01303862441900705,-0.03451484708418606
5.36987042427063,0.013806259432728396,-0.7531793546808432,0.7391182887290473,0.01917492691198852,-0.012271634025064593,-0.036815818266014766
5.374950170516968,0.013806259432728396,-0.7531793546808432,0.7391182887290473,0.01917492691198852,-0.012271634025064593,-0.036815818266014766
5.379873037338257,0.013806259432728396,-0.7531793546808432,0.7455208387376451,0.01917492691198852,-0.011504643631122136,-0.038349799053900124
5.384892702102661,0.013806259432728396,-0.7531793546808432,0.7455208387376451,0.01917492691198852,-0.011504643631122136,-0.038349799053900124
5.389907598495483,0.013806259432728396,-0.7531793546808432,0.7505773000651899,0.01917492691198852,-0.009970662843236333,-0.03988377984178548
5.394975662231445,0.013806259432728396,-0.7531793546808432,0.7505773000651899,0.01917492691198852,-0.009970662843236333,-0.03988377984178548
5.399869918823242,0.013806259432728396,-0.7531793546808432,0.7557162141182125,0.01917492691198852,-0.00843668205535053,-0.04065077023572883
5.404983282089233,0.013806259432728396,-0.7531793546808432,0.7557162141182125,0.01917492691198852,-0.00843668205535053,-0.04065077023572883
5.409942626953125,0.013806259432728396,-0.7531793546808432,0.7620248063698707,0.01917492691198852,-0.006902701267464728,-0.042184751023614186
5.41489577293396,0.013806259432728396,-0.7531755196703562,0.7683065535481175,0.01917492691198852,-0.006135710873522271,-0.04525271259938535
5.419992446899414,0.013806259432728396,-0.7531755196703562,0.7683065535481175,0.01917492691198852,-0.006135710873522271,-0.04525271259938535
5.424877405166626,0.013806259432728396,-0.7531755196703562,0.7707782178072016,0.01917492691198852,-0.0046017300856364685,-0.04601970299332825
5.42998194694519,0.013806259432728396,-0.7531755196703562,0.7707782178072016,0.01917492691198852,-0.0046017300856364685,-0.04601970299332825
5.43498682975769,0.013806259432728396,-0.7531716846598688,0.7793571362673593,0.01917492691198852,-0.003067749297750666,-0.04601970299332825
5.439975738525391,0.013806259432728396,-0.7531716846598688,0.7793571362673593,0.01917492691198852,-0.003067749297750666,-0.04601970299332825
5.444966554641724,0.013806259432728396,-0.7531716846598688,0.7843445674061322,0.01917492691198852,-0.0007667781159224063,-0.04601970299332825
5.449889183044434,0.013806259432728396,-0.7531716846598688,0.7843445674061322,0.01917492691198852,-0.0007667781159224063,-0.04601970299332825
5.454909563064575,0.013806259432728396,-0.7531678496493814,0.7904920892173224,0.01917492691198852,2.1227802093903847e-07,-0.04601970299332825
5.459890604019165,0.013806259432728396,-0.7531601796284066,0.7954545927879275,0.01917492691198852,0.0007672026719633962,-0.04601970299332825
5.464975118637085,0.013806259432728396,-0.7531601796284066,0.7954545927879275,0.01917492691198852,0.0007672026719633962,-0.04601970299332825
5.469951629638672,0.013806259432728396,-0.7531525096074319,0.8016979898613013,0.01917492691198852,0.0023011834598491987,-0.04601970299332825
5.475093126296997,0.013806259432728396,-0.7531525096074319,0.8016979898613013,0.01917492691198852,0.0023011834598491987,-0.04601970299332825
5.4800896644592285,0.013806259432728396,-0.7531410045759701,0.8066624109371503,0.01917492691198852,0.003835164247734113,-0.04601970299332825
5.485016822814941,0.013806259432728396,-0.7531410045759701,0.8066624109371503,0.01917492691198852,0.003835164247734113,-0.04601970299332825
5.489967107772827,0.013806259432728396,-0.7531294995445084,0.812829107800777,0.01917492691198852,0.005369145035620804,-0.04601970299332825
5.495114803314209,0.013806259432728396,-0.7531294995445084,0.812829107800777,0.01917492691198852,0.005369145035620804,-0.04601970299332825
5.49994158744812,0.013806259432728396,-0.7531179945130462,0.8177954463818695,0.01917492691198852,0.006136135429563261,-0.04601970299332825
5.504878997802734,0.013806259432728396,-0.7531179945130462,0.8238816080252627,0.01917492691198852,0.006903125823505718,-0.04601970299332825
5.509894132614136,0.013806259432728396,-0.7531179945130462,0.8238816080252627,0.01917492691198852,0.006903125823505718,-0.04601970299332825
5.514878273010254,0.013806259432728396,-0.7531179945130462,0.828633186019065,0.01917492691198852,0.00843710661139152,-0.04601970299332825
5.519875764846802,0.013806259432728396,-0.7531179945130462,0.828633186019065,0.01917492691198852,0.00843710661139152,-0.04601970299332825
5.524984836578369,0.013806259432728396,-0.7531103244920714,0.8344508969283444,0.01917492691198852,0.009204097005333978,-0.04601970299332825
5.529980897903442,0.013806259432728396,-0.7531103244920714,0.8344508969283444,0.01917492691198852,0.009204097005333978,-0.04601970299332825
5.534976959228516,0.013806259432728396,-0.7531103244920714,0.8378410461991446,0.01917492691198852,0.01073807779321978,-0.04601970299332825
5.540036916732788,0.013806259432728396,-0.7531103244920714,0.8378410461991446,0.01917492691198852,0.01073807779321978,-0.04601970299332825
5.54496955871582,0.013806259432728396,-0.7531103244920714,0.8444641093107639,0.01917492691198852,0.011505068187163126,-0.04601970299332825
5.549871921539307,0.013806259432728396,-0.7531103244920714,0.8487574035513301,0.01917492691198852,0.012272058581105583,-0.04525271259938535
5.554977893829346,0.013806259432728396,-0.7531103244920714,0.8487574035513301,0.01917492691198852,0.012272058581105583,-0.04525271259938535
5.5598695278167725,0.013806259432728396,-0.753106489481584,0.8539135751515454,0.01917492691198852,0.013039048975048928,-0.04525271259938535
5.564864873886108,0.013806259432728396,-0.753106489481584,0.8539135751515454,0.01917492691198852,0.013039048975048928,-0.04525271259938535
5.569874286651611,0.013806259432728396,-0.753102654471097,0.8578406258905713,0.01917492691198852,0.013806039368991385,-0.04525271259938535
5.574941396713257,0.013806259432728396,-0.753102654471097,0.8578406258905713,0.01917492691198852,0.013806039368991385,-0.04525271259938535
5.579883337020874,0.013806259432728396,-0.753102654471097,0.8626324714944902,0.01917492691198852,0.014573029762933842,-0.04525271259938535
5.584984540939331,0.013806259432728396,-0.753102654471097,0.8626324714944902,0.01917492691198852,0.014573029762933842,-0.04525271259938535
5.589998483657837,0.013806259432728396,-0.7530988194606092,0.8654742142656024,0.01917492691198852,0.015340020156877188,-0.04525271259938535
5.594869136810303,0.013806259432728396,-0.7530911494396348,0.8707761162643362,0.01917492691198852,0.015340020156877188,-0.04448572220544289
5.600013017654419,0.013806259432728396,-0.7530911494396348,0.8707761162643362,0.01917492691198852,0.015340020156877188,-0.04448572220544289
5.604903697967529,0.013806259432728396,-0.75308347941866,0.8741432554722124,0.01917492691198852,0.016107010550819645,-0.043718731811499545
5.610084533691406,0.013806259432728396,-0.75308347941866,0.8741432554722124,0.01917492691198852,0.016107010550819645,-0.043718731811499545
5.615105628967285,0.013806259432728396,-0.7530719743871983,0.8773359017029145,0.01917492691198852,0.017640991338705447,-0.043718731811499545
5.619917392730713,0.013806259432728396,-0.7530719743871983,0.8773359017029145,0.01917492691198852,0.017640991338705447,-0.043718731811499545
5.624893426895142,0.013806259432728396,-0.7530681393767109,0.8804480127133827,0.01917492691198852,0.017640991338705447,-0.04295174141755709
5.629895210266113,0.013806259432728396,-0.7530681393767109,0.8804480127133827,0.01917492691198852,0.017640991338705447,-0.04295174141755709
5.634882926940918,0.013806259432728396,-0.7530643043662235,0.8842005704752349,0.01917492691198852,0.018407981732648793,-0.042184751023614186
5.639885663986206,0.013806259432728396,-0.7530566343452487,0.887652079913833,0.01917492691198852,0.01917497212659125,-0.03988377984178548
5.645073175430298,0.013806259432728396,-0.7530566343452487,0.887652079913833,0.01917492691198852,0.01917497212659125,-0.03988377984178548
5.649866819381714,0.013806259432728396,-0.7530489643242744,0.8902598870452172,0.01917492691198852,0.019941962520533707,-0.03758280865995722
5.654913902282715,0.013806259432728396,-0.7530489643242744,0.8902598870452172,0.01917492691198852,0.019941962520533707,-0.03758280865995722
5.6599814891815186,0.013806259432728396,-0.7530374592928122,0.893184082541806,0.01917492691198852,0.019941962520533707,-0.036815818266014766
5.664973735809326,0.013806259432728396,-0.7530374592928122,0.893184082541806,0.01917492691198852,0.019941962520533707,-0.036815818266014766
5.669938802719116,0.013806259432728396,-0.7530374592928122,0.8948005394622163,0.01917492691198852,0.020708952914477052,-0.03451484708418606
5.675009250640869,0.013806259432728396,-0.7530374592928122,0.8948005394622163,0.01917492691198852,0.020708952914477052,-0.03451484708418606
5.679983615875244,0.013806259432728396,-0.7530374592928122,0.8972338536164273,0.01917492691198852,0.02147594330841951,-0.0314468855084149
5.684889316558838,0.013806259432728396,-0.7530374592928122,0.8998512482740297,0.01917492691198852,0.022242933702361967,-0.029145914326586198
5.690013408660889,0.013806259432728396,-0.7530374592928122,0.8998512482740297,0.01917492691198852,0.022242933702361967,-0.029145914326586198
5.694990634918213,0.013806259432728396,-0.7530374592928122,0.9013123872697024,0.01917492691198852,0.023009924096305312,-0.026077952750815037
5.700002431869507,0.013806259432728396,-0.7530374592928122,0.9013123872697024,0.01917492691198852,0.023009924096305312,-0.026077952750815037
5.704978704452515,0.013806259432728396,-0.7530374592928122,0.9025875282567402,0.01917492691198852,0.02377691449024777,-0.021476010387158073
5.709973335266113,0.013806259432728396,-0.7530374592928122,0.9025875282567402,0.01917492691198852,0.02377691449024777,-0.021476010387158073
5.714986085891724,0.013806259432728396,-0.7530374592928122,0.9041598825565451,0.01917492691198852,0.024543904884191114,-0.01917503920532937
5.720061302185059,0.013806259432728396,-0.7530374592928122,0.9041598825565451,0.01917492691198852,0.024543904884191114,-0.01917503920532937
5.724987983703613,0.013806259432728396,-0.7530374592928122,0.9051435627465452,0.01917492691198852,0.024543904884191114,-0.012272125659844146
5.729897737503052,0.013806259432728396,-0.7530374592928122,0.906012192621926,0.01917492691198852,0.02531089527813357,-0.010738144871958788
5.734962224960327,0.013806259432728396,-0.7530374592928122,0.906012192621926,0.01917492691198852,0.02531089527813357,-0.010738144871958788
5.739869594573975,0.013806259432728396,-0.7530336242823248,0.9067523496459806,0.01917492691198852,0.02531089527813357,-0.0061362025083013805
5.744977951049805,0.013806259432728396,-0.7530336242823248,0.9067523496459806,0.01917492691198852,0.02531089527813357,-0.0061362025083013805
5.749985456466675,0.013806259432728396,-0.7530336242823248,0.9073659513239534,0.01917492691198852,0.026077885672076917,-0.004602221720416022
5.75500750541687,0.013806259432728396,-0.7530336242823248,0.9073659513239534,0.01917492691198852,0.026077885672076917,-0.004602221720416022
5.759927272796631,0.013806259432728396,-0.75302595426135,0.9078338226034077,0.01917492691198852,0.026077885672076917,-0.0007672697507019599
5.764943361282349,0.013806259432728396,-0.75302595426135,0.9078338226034077,0.01917492691198852,0.026077885672076917,-0.0007672697507019599
5.769890308380127,0.013806259432728396,-0.7530182842403756,0.9081176133794706,0.01917492691198852,0.026844876066019374,0.0007667110371838426
5.774872303009033,0.013806259432728396,-0.7529991091879387,0.908224993673115,0.01917492691198852,0.02761186645996183,0.0015337014311267438
5.779876947402954,0.013806259432728396,-0.7529991091879387,0.908224993673115,0.01917492691198852,0.02761186645996183,0.0015337014311267438
5.7849280834198,0.013806259432728396,-0.7529914391669643,0.9081943135892168,0.019941917305931867,0.02761186645996183,0.0015337014311267438
5.789950132369995,0.013806259432728396,-0.7529914391669643,0.9081943135892168,0.019941917305931867,0.02761186645996183,0.0015337014311267438
5.794870615005493,0.014573249826671741,-0.7529914391669643,0.9081943135892168,0.019941917305931867,0.028378856853905177,0.002300691825069201
5.79993462562561,0.014573249826671741,-0.7529914391669643,0.9081943135892168,0.019941917305931867,0.028378856853905177,0.002300691825069201
5.804894208908081,0.014573249826671741,-0.7529876041564769,0.9081943135892168,0.019941917305931867,0.028378856853905177,0.002300691825069201
5.809875011444092,0.014573249826671741,-0.7529876041564769,0.9081943135892168,0.019941917305931867,0.028378856853905177,0.002300691825069201
5.814931869506836,0.014573249826671741,-0.7529722641145273,0.9081943135892168,0.019941917305931867,0.029145847247847634,0.0015337014311267438
5.819865703582764,0.014573249826671741,-0.752941584030629,0.9081943135892168,0.019941917305931867,0.029145847247847634,0.0015337014311267438
5.8249523639678955,0.014573249826671741,-0.752941584030629,0.9081943135892168,0.019941917305931867,0.029145847247847634,0.0015337014311267438
5.829882621765137,0.014573249826671741,-0.7528917288942938,0.908186643568242,0.019941917305931867,0.02991283764179009,0.0015337014311267438
5.834918975830078,0.014573249826671741,-0.7528917288942938,0.908186643568242,0.019941917305931867,0.02991283764179009,0.0015337014311267438
5.83996057510376,0.014573249826671741,-0.7528533787894203,0.9081789735472672,0.019941917305931867,0.030679828035733436,0.0015337014311267438
5.844938039779663,0.014573249826671741,-0.7528533787894203,0.9081789735472672,0.019941917305931867,0.030679828035733436,0.0015337014311267438
5.849917411804199,0.014573249826671741,-0.7528265337160089,0.9081789735472672,0.019941917305931867,0.030679828035733436,0.0015337014311267438
5.855056285858154,0.014573249826671741,-0.7528265337160089,0.9081789735472672,0.019941917305931867,0.030679828035733436,0.0015337014311267438
5.860055685043335,0.014573249826671741,-0.752803523653085,0.9081789735472672,0.019941917305931867,0.03144681842967589,0.0015337014311267438
5.864902973175049,0.014573249826671741,-0.7527996886425976,0.9081789735472672,0.019941917305931867,0.03144681842967589,0.0015337014311267438
5.86997389793396,0.014573249826671741,-0.7527996886425976,0.9081789735472672,0.019941917305931867,0.03144681842967589,0.0015337014311267438
5.874912738800049,0.014573249826671741,-0.7527996886425976,0.9081674685158054,0.019941917305931867,0.03144681842967589,0.0015337014311267438
5.879971027374268,0.014573249826671741,-0.7527996886425976,0.9081674685158054,0.019941917305931867,0.03144681842967589,0.0015337014311267438
5.884940147399902,0.014573249826671741,-0.7527958536321107,0.9081674685158054,0.019941917305931867,0.03221380882361924,0.0015337014311267438
5.889952659606934,0.014573249826671741,-0.7527958536321107,0.9081674685158054,0.019941917305931867,0.03221380882361924,0.0015337014311267438
5.894880533218384,0.014573249826671741,-0.7527958536321107,0.9081674685158054,0.019941917305931867,0.032980799217561696,0.0015337014311267438
5.899966716766357,0.014573249826671741,-0.7527958536321107,0.9081674685158054,0.019941917305931867,0.032980799217561696,0.0015337014311267438
5.904944658279419,0.014573249826671741,-0.7527958536321107,0.9081674685158054,0.019941917305931867,0.032980799217561696,0.0007667110371838426
5.909867286682129,0.014573249826671741,-0.7527958536321107,0.9081674685158054,0.019941917305931867,0.032980799217561696,0.0007667110371838426
5.914950370788574,0.014573249826671741,-0.7527958536321107,0.9081674685158054,0.019941917305931867,0.032980799217561696,0.0007667110371838426
5.919879198074341,0.014573249826671741,-0.7527958536321107,0.9081674685158054,0.019941917305931867,0.032980799217561696,0.0007667110371838426
5.924913167953491,0.014573249826671741,-0.7527958536321107,0.9081674685158054,0.019941917305931867,0.032980799217561696,0.0007667110371838426
5.9298810958862305,0.014573249826671741,-0.7527958536321107,0.9081674685158054,0.019941917305931867,0.032980799217561696,0.0007667110371838426
5.9348838329315186,0.014573249826671741,-0.7527958536321107,0.9081674685158054,0.019941917305931867,0.032980799217561696,0.0007667110371838426
5.93994665145874,0.014573249826671741,-0.7527958536321107,0.9081674685158054,0.019941917305931867,0.032980799217561696,0.0007667110371838426
5.944890260696411,0.014573249826671741,-0.7527958536321107,0.9081674685158054,0.019941917305931867,0.032980799217561696,0.0007667110371838426
5.949894189834595,0.014573249826671741,-0.7527958536321107,0.9081674685158054,0.019941917305931867,0.032980799217561696,0.0007667110371838426
5.9548659324646,0.014573249826671741,-0.7527958536321107,0.9081674685158054,0.019941917305931867,0.032980799217561696,0.0007667110371838426
5.959874153137207,0.014573249826671741,-0.7527958536321107,0.9081674685158054,0.019941917305931867,0.032980799217561696,0.0007667110371838426
5.964870452880859,0.014573249826671741,-0.7527958536321107,0.9081674685158054,0.019941917305931867,0.032980799217561696,0.0007667110371838426
5.969945669174194,0.014573249826671741,-0.7527958536321107,0.9081674685158054,0.019941917305931867,0.032980799217561696,0.0007667110371838426
5.97487211227417,0.014573249826671741,-0.7527958536321107,0.9081674685158054,0.019941917305931867,0.032980799217561696,0.0007667110371838426
5.979870080947876,0.014573249826671741,-0.7527958536321107,0.9081674685158054,0.019941917305931867,0.032980799217561696,0.0007667110371838426
5.984891653060913,0.014573249826671741,-0.7527958536321107,0.9081674685158054,0.019941917305931867,0.032980799217561696,0.0007667110371838426
5.989868640899658,0.014573249826671741,-0.7527958536321107,0.9081674685158054,0.019941917305931867,0.032980799217561696,0.0007667110371838426
5.994978666305542,0.014573249826671741,-0.7527958536321107,0.9081674685158054,0.019941917305931867,0.032980799217561696,0.0007667110371838426
5.999874114990234,0.014573249826671741,-0.7527920186216228,0.9081674685158054,0.019941917305931867,0.032980799217561696,0.0007667110371838426
6.004880428314209,0.014573249826671741,-0.7527920186216228,0.9081674685158054,0.019941917305931867,0.032980799217561696,0.0007667110371838426
6.009883403778076,0.014573249826671741,-0.7527920186216228,0.9081713035262933,0.019941917305931867,0.032980799217561696,0.0007667110371838426
6.014940023422241,0.014573249826671741,-0.7527920186216228,0.9081713035262933,0.019941917305931867,0.032980799217561696,0.0007667110371838426
6.019850730895996,0.014573249826671741,-0.7527881836111359,0.9081713035262933,0.019941917305931867,0.032980799217561696,0.0007667110371838426
6.024855136871338,0.014573249826671741,-0.7527881836111359,0.9081713035262933,0.019941917305931867,0.032980799217561696,0.0007667110371838426
6.029963493347168,0.014573249826671741,-0.7527805135901611,0.9081713035262933,0.019941917305931867,0.032980799217561696,0.0007667110371838426
6.034889459609985,0.014573249826671741,-0.7527805135901611,0.9081713035262933,0.019941917305931867,0.032980799217561696,0.0007667110371838426
6.039877414703369,0.014573249826671741,-0.7527728435691863,0.9081713035262933,0.019941917305931867,0.032980799217561696,0.0007667110371838426
6.044903993606567,0.014573249826671741,-0.7527651735482119,0.9081713035262933,0.019941917305931867,0.032980799217561696,0.0007667110371838426
6.049906492233276,0.014573249826671741,-0.7527651735482119,0.9081713035262933,0.019941917305931867,0.032980799217561696,0.0007667110371838426
6.054868459701538,0.014573249826671741,-0.7527575035272371,0.9081713035262933,0.019941917305931867,0.032980799217561696,0.0007667110371838426
6.060074806213379,0.014573249826671741,-0.7527575035272371,0.9081713035262933,0.019941917305931867,0.032980799217561696,0.0007667110371838426
6.0649847984313965,0.014573249826671741,-0.7527536685167497,0.9081732210315367,0.019941917305931867,0.032980799217561696,0.0007667110371838426
6.069955348968506,0.014573249826671741,-0.7527536685167497,0.9081732210315367,0.019941917305931867,0.032980799217561696,0.0007667110371838426
6.074945449829102,0.014573249826671741,-0.7527498335062623,0.9081751385367802,0.019941917305931867,0.032980799217561696,0.0007667110371838426
6.0799970626831055,0.014573249826671741,-0.7527498335062623,0.9081751385367802,0.019941917305931867,0.032980799217561696,0.0007667110371838426
6.084941864013672,0.014573249826671741,-0.752742163485288,0.9081751385367802,0.019941917305931867,0.032980799217561696,0.0007667110371838426
6.0898826122283936,0.014573249826671741,-0.752742163485288,0.9081751385367802,0.019941917305931867,0.03221380882361924,0.0007667110371838426
6.095205783843994,0.014573249826671741,-0.752742163485288,0.9081751385367802,0.019941917305931867,0.03221380882361924,0.0007667110371838426
6.099874019622803,0.014573249826671741,-0.7527306584538258,0.9081751385367802,0.019941917305931867,0.032980799217561696,0.0007667110371838426
6.104975461959839,0.014573249826671741,-0.7527306584538258,0.9081751385367802,0.019941917305931867,0.032980799217561696,0.0007667110371838426
6.109930992126465,0.014573249826671741,-0.752722988432851,0.9081770560420237,0.019941917305931867,0.03221380882361924,0.0007667110371838426
6.114997863769531,0.014573249826671741,-0.752722988432851,0.9081770560420237,0.019941917305931867,0.03221380882361924,0.0007667110371838426
6.119984149932861,0.014573249826671741,-0.7527076483909019,0.9081770560420237,0.019941917305931867,0.03221380882361924,0.0007667110371838426
6.1251795291900635,0.014573249826671741,-0.7527076483909019,0.9081770560420237,0.019941917305931867,0.03221380882361924,0.0007667110371838426
6.129990100860596,0.014573249826671741,-0.7526961433594397,0.9081770560420237,0.019941917305931867,0.03221380882361924,0.0007667110371838426
6.134882211685181,0.014573249826671741,-0.7526808033174905,0.9081789735472672,0.019941917305931867,0.03221380882361924,0.0007667110371838426
6.139984369277954,0.014573249826671741,-0.7526808033174905,0.9081789735472672,0.019941917305931867,0.03221380882361924,0.0007667110371838426
6.144867658615112,0.014573249826671741,-0.7526692982860288,0.9081789735472672,0.019941917305931867,0.03221380882361924,0.0007667110371838426
6.149888515472412,0.014573249826671741,-0.7526692982860288,0.9081789735472672,0.019941917305931867,0.03221380882361924,0.0007667110371838426
6.154925584793091,0.014573249826671741,-0.752665463275541,0.9081789735472672,0.019941917305931867,0.03221380882361924,0.0007667110371838426
6.159993410110474,0.014573249826671741,-0.752665463275541,0.9081789735472672,0.019941917305931867,0.03221380882361924,0.0007667110371838426
6.164916753768921,0.014573249826671741,-0.752661628265054,0.9081789735472672,0.019941917305931867,0.03221380882361924,0.0007667110371838426
6.170022487640381,0.014573249826671741,-0.752661628265054,0.9081789735472672,0.019941917305931867,0.03221380882361924,0.0007667110371838426
6.174997568130493,0.014573249826671741,-0.7526577932545666,0.9081789735472672,0.019941917305931867,0.03221380882361924,0.0007667110371838426
6.179910182952881,0.014573249826671741,-0.7526539582440792,0.9081789735472672,0.019941917305931867,0.03221380882361924,0.0007667110371838426
6.185030698776245,0.014573249826671741,-0.7526539582440792,0.9081789735472672,0.019941917305931867,0.03221380882361924,0.0007667110371838426
6.189898490905762,0.014573249826671741,-0.752642453212617,0.9081789735472672,0.019941917305931867,0.03221380882361924,0.0007667110371838426
6.194901943206787,0.014573249826671741,-0.752642453212617,0.9081789735472672,0.019941917305931867,0.03221380882361924,0.0007667110371838426
6.199995040893555,0.014573249826671741,-0.7526271131706679,0.9081789735472672,0.019941917305931867,0.03221380882361924,0.0007667110371838426
6.204967975616455,0.014573249826671741,-0.7526271131706679,0.9081789735472672,0.019941917305931867,0.03221380882361924,0.0007667110371838426
6.210003852844238,0.014573249826671741,-0.7526117731287183,0.9081789735472672,0.019941917305931867,0.03221380882361924,0.0007667110371838426
6.215024471282959,0.014573249826671741,-0.7526117731287183,0.9081789735472672,0.019941917305931867,0.03221380882361924,0.0007667110371838426
6.220020771026611,0.014573249826671741,-0.752604103107744,0.9081789735472672,0.019941917305931867,0.03221380882361924,-2.7935675905865764e-07
6.225374221801758,0.014573249826671741,-0.752604103107744,0.9081789735472672,0.019941917305931867,0.03221380882361924,-2.7935675905865764e-07
6.229907989501953,0.014573249826671741,-0.752604103107744,0.9081789735472672,0.019941917305931867,0.03221380882361924,-2.7935675905865764e-07
6.234879970550537,0.014573249826671741,-0.752604103107744,0.9081789735472672,0.019941917305931867,0.03221380882361924,-2.7935675905865764e-07
6.239944219589233,0.014573249826671741,-0.752604103107744,0.9081789735472672,0.019941917305931867,0.03221380882361924,-2.7935675905865764e-07
6.244864225387573,0.014573249826671741,-0.752604103107744,0.9081789735472672,0.019941917305931867,0.03221380882361924,-2.7935675905865764e-07
6.2498626708984375,0.014573249826671741,-0.752604103107744,0.9081789735472672,0.019941917305931867,0.03221380882361924,-2.7935675905865764e-07
6.254907131195068,0.014573249826671741,-0.752604103107744,0.9081789735472672,0.019941917305931867,0.03221380882361924,0.0007667110371838426
6.260097026824951,0.014573249826671741,-0.752604103107744,0.9081789735472672,0.019941917305931867,0.03221380882361924,0.0007667110371838426
6.2650957107543945,0.014573249826671741,-0.752604103107744,0.9081789735472672,0.019941917305931867,0.03221380882361924,0.0007667110371838426
6.269853591918945,0.014573249826671741,-0.752604103107744,0.9081751385367802,0.019941917305931867,0.03221380882361924,0.0007667110371838426
6.2748847007751465,0.014573249826671741,-0.752604103107744,0.9081751385367802,0.019941917305931867,0.03221380882361924,0.0007667110371838426
6.280498027801514,0.014573249826671741,-0.752604103107744,0.9081751385367802,0.019941917305931867,0.03221380882361924,0.0007667110371838426
6.285039663314819,0.014573249826671741,-0.752604103107744,0.9081751385367802,0.019941917305931867,0.03221380882361924,0.0007667110371838426
6.28989577293396,0.014573249826671741,-0.752604103107744,0.9081713035262933,0.019941917305931867,0.03221380882361924,0.0015337014311267438
6.294896602630615,0.014573249826671741,-0.752604103107744,0.9081713035262933,0.019941917305931867,0.03221380882361924,0.0015337014311267438
6.299981594085693,0.014573249826671741,-0.752604103107744,0.9081713035262933,0.019941917305931867,0.03221380882361924,0.0015337014311267438
6.3050501346588135,0.014573249826671741,-0.752604103107744,0.9081713035262933,0.019941917305931867,0.03221380882361924,0.0015337014311267438
6.309929370880127,0.014573249826671741,-0.752604103107744,0.9081713035262933,0.019941917305931867,0.03221380882361924,0.0015337014311267438
6.314883232116699,0.014573249826671741,-0.752604103107744,0.9081713035262933,0.019941917305931867,0.03221380882361924,0.0015337014311267438
6.319985389709473,0.014573249826671741,-0.752604103107744,0.9081713035262933,0.019941917305931867,0.03221380882361924,0.0015337014311267438
6.324869632720947,0.014573249826671741,-0.752604103107744,0.9081713035262933,0.019941917305931867,0.03144681842967589,0.0015337014311267438
6.32997989654541,0.014573249826671741,-0.752604103107744,0.9081713035262933,0.019941917305931867,0.03144681842967589,0.0015337014311267438
6.3349714279174805,0.014573249826671741,-0.752604103107744,0.9081713035262933,0.019941917305931867,0.03144681842967589,0.0015337014311267438
6.3402793407440186,0.014573249826671741,-0.752604103107744,0.9081713035262933,0.019941917305931867,0.03144681842967589,0.0015337014311267438
6.3448710441589355,0.014573249826671741,-0.752604103107744,0.9081713035262933,0.019941917305931867,0.030679828035733436,0.0015337014311267438
6.349979639053345,0.014573249826671741,-0.752604103107744,0.9081713035262933,0.019941917305931867,0.030679828035733436,0.0015337014311267438
6.355057001113892,0.014573249826671741,-0.752604103107744,0.9081713035262933,0.019941917305931867,0.02991283764179009,0.0015337014311267438
6.3598833084106445,0.014573249826671741,-0.7526002680972566,0.9081751385367802,0.019941917305931867,0.029145847247847634,0.0007667110371838426
6.364973783493042,0.014573249826671741,-0.7526002680972566,0.9081751385367802,0.019941917305931867,0.029145847247847634,0.0007667110371838426
6.3699235916137695,0.014573249826671741,-0.7525849280553074,0.9081789735472672,0.019941917305931867,0.028378856853905177,0.0007667110371838426
6.374973297119141,0.014573249826671741,-0.7525849280553074,0.9081789735472672,0.019941917305931867,0.028378856853905177,0.0007667110371838426
6.381818771362305,0.014573249826671741,-0.7525657530028704,0.9081789735472672,0.019941917305931867,0.02761186645996183,0.0007667110371838426
6.384980201721191,0.014573249826671741,-0.7525657530028704,0.9081789735472672,0.019941917305931867,0.02761186645996183,0.0007667110371838426
6.389971971511841,0.014573249826671741,-0.7525465779504339,0.9081808910525115,0.019941917305931867,0.026844876066019374,0.0007667110371838426
6.394956111907959,0.014573249826671741,-0.7525465779504339,0.9081808910525115,0.019941917305931867,0.026844876066019374,0.0007667110371838426
6.399960279464722,0.014573249826671741,-0.75252356788751,0.908182808557755,0.019941917305931867,0.026077885672076917,0.0007667110371838426
6.40487003326416,0.014573249826671741,-0.7524928878036112,0.908182808557755,0.019941917305931867,0.02531089527813357,0.0007667110371838426
6.409961938858032,0.014573249826671741,-0.7524928878036112,0.908182808557755,0.019941917305931867,0.02531089527813357,0.0007667110371838426
6.414885520935059,0.014573249826671741,-0.7524507026882508,0.908182808557755,0.019941917305931867,0.024543904884191114,0.0007667110371838426
6.419903516769409,0.014573249826671741,-0.7524507026882508,0.908182808557755,0.019941917305931867,0.024543904884191114,0.0007667110371838426
6.4249267578125,0.014573249826671741,-0.7523740024785042,0.908182808557755,0.019941917305931867,0.02377691449024777,0.0007667110371838426
6.429911851882935,0.014573249826671741,-0.7523740024785042,0.908182808557755,0.019941917305931867,0.02377691449024777,0.0007667110371838426
6.434994220733643,0.014573249826671741,-0.7523049722897319,0.908182808557755,0.019941917305931867,0.02377691449024777,0.0007667110371838426
6.439922094345093,0.014573249826671741,-0.7523049722897319,0.908182808557755,0.019941917305931867,0.02377691449024777,0.0007667110371838426
6.4449217319488525,0.014573249826671741,-0.7522551171533971,0.908182808557755,0.019941917305931867,0.023009924096305312,0.0007667110371838426
6.449876070022583,0.014573249826671741,-0.7522321070904727,0.908182808557755,0.019941917305931867,0.023009924096305312,0.0007667110371838426
6.454935789108276,0.014573249826671741,-0.7522321070904727,0.908182808557755,0.019941917305931867,0.023009924096305312,0.0007667110371838426
6.459874629974365,0.014573249826671741,-0.7522321070904727,0.908182808557755,0.019941917305931867,0.023009924096305312,0.0007667110371838426
6.464956998825073,0.014573249826671741,-0.7522321070904727,0.908182808557755,0.019941917305931867,0.023009924096305312,0.0007667110371838426
6.46988320350647,0.014573249826671741,-0.7522321070904727,0.908182808557755,0.019941917305931867,0.023009924096305312,0.0007667110371838426
6.474910736083984,0.014573249826671741,-0.7522321070904727,0.908182808557755,0.019941917305931867,0.023009924096305312,0.0007667110371838426
6.47992205619812,0.014573249826671741,-0.7522321070904727,0.908182808557755,0.019941917305931867,0.023009924096305312,0.0007667110371838426
6.484924793243408,0.014573249826671741,-0.7522321070904727,0.908182808557755,0.019941917305931867,0.023009924096305312,0.0007667110371838426
6.489920139312744,0.014573249826671741,-0.7522321070904727,0.908182808557755,0.019941917305931867,0.023009924096305312,0.0007667110371838426
6.495091676712036,0.014573249826671741,-0.7522321070904727,0.908182808557755,0.019941917305931867,0.023009924096305312,0.0007667110371838426
6.499931812286377,0.014573249826671741,-0.7522321070904727,0.9081789735472672,0.019941917305931867,0.023009924096305312,0.0007667110371838426
6.504899501800537,0.014573249826671741,-0.7522321070904727,0.9081751385367802,0.019941917305931867,0.023009924096305312,0.0007667110371838426
6.509972095489502,0.014573249826671741,-0.7522321070904727,0.9081751385367802,0.019941917305931867,0.023009924096305312,0.0007667110371838426
6.514892339706421,0.014573249826671741,-0.7522321070904727,0.9081636335053176,0.019941917305931867,0.023009924096305312,0.0007667110371838426
6.51988410949707,0.014573249826671741,-0.7522321070904727,0.9081636335053176,0.019941917305931867,0.023009924096305312,0.0007667110371838426
6.524904012680054,0.014573249826671741,-0.7522321070904727,0.9081482934633689,0.019941917305931867,0.023009924096305312,0.0007667110371838426
6.529994010925293,0.014573249826671741,-0.7522321070904727,0.9081482934633689,0.019941917305931867,0.023009924096305312,0.0007667110371838426
6.5349345207214355,0.014573249826671741,-0.7522321070904727,0.9081367884319071,0.019941917305931867,0.02377691449024777,0.0007667110371838426
6.539893865585327,0.014573249826671741,-0.7522321070904727,0.9081291184109324,0.019941917305931867,0.02377691449024777,0.0007667110371838426
6.544933080673218,0.014573249826671741,-0.7522321070904727,0.9081291184109324,0.019941917305931867,0.02377691449024777,0.0007667110371838426
6.549885511398315,0.014573249826671741,-0.7522321070904727,0.9081291184109324,0.019941917305931867,0.024543904884191114,0.0015337014311267438
6.554970741271973,0.014573249826671741,-0.7522321070904727,0.9081291184109324,0.019941917305931867,0.024543904884191114,0.0015337014311267438
6.559872150421143,0.014573249826671741,-0.7522321070904727,0.9081291184109324,0.019941917305931867,0.024543904884191114,0.0015337014311267438
6.564963340759277,0.014573249826671741,-0.7522321070904727,0.9081291184109324,0.019941917305931867,0.024543904884191114,0.0015337014311267438
6.56989860534668,0.014573249826671741,-0.7522321070904727,0.9081291184109324,0.019941917305931867,0.024543904884191114,0.0015337014311267438
6.574900150299072,0.014573249826671741,-0.7522321070904727,0.9081291184109324,0.019941917305931867,0.024543904884191114,0.0015337014311267438
6.579963684082031,0.014573249826671741,-0.7522321070904727,0.9081291184109324,0.019941917305931867,0.02531089527813357,0.0015337014311267438
6.584887742996216,0.014573249826671741,-0.7522321070904727,0.9081291184109324,0.019941917305931867,0.02531089527813357,0.0015337014311267438
6.589899301528931,0.014573249826671741,-0.7522321070904727,0.9081291184109324,0.019941917305931867,0.02531089527813357,0.0015337014311267438
6.594884634017944,0.014573249826671741,-0.7522321070904727,0.9081291184109324,0.019941917305931867,0.02531089527813357,0.0015337014311267438
6.599918365478516,0.014573249826671741,-0.7522321070904727,0.9081291184109324,0.019941917305931867,0.02531089527813357,0.0015337014311267438
6.604944705963135,0.014573249826671741,-0.7522321070904727,0.9081291184109324,0.019941917305931867,0.02531089527813357,0.002300691825069201
6.609938859939575,0.014573249826671741,-0.7522321070904727,0.9081291184109324,0.019941917305931867,0.02531089527813357,0.002300691825069201
6.614885330200195,0.014573249826671741,-0.7522321070904727,0.9081291184109324,0.019941917305931867,0.02531089527813357,0.002300691825069201
6.619910717010498,0.014573249826671741,-0.7522321070904727,0.9081291184109324,0.019941917305931867,0.02531089527813357,0.002300691825069201
6.6249120235443115,0.014573249826671741,-0.7522321070904727,0.9081291184109324,0.019941917305931867,0.02531089527813357,0.002300691825069201
6.629909515380859,0.014573249826671741,-0.7522321070904727,0.9081291184109324,0.019941917305931867,0.02531089527813357,0.002300691825069201
6.634954929351807,0.014573249826671741,-0.7522321070904727,0.9081291184109324,0.019941917305931867,0.02531089527813357,0.002300691825069201
6.639986276626587,0.014573249826671741,-0.7522321070904727,0.9081291184109324,0.019941917305931867,0.02531089527813357,0.002300691825069201
6.644956827163696,0.014573249826671741,-0.7522321070904727,0.9081291184109324,0.019941917305931867,0.02531089527813357,0.002300691825069201
6.649980306625366,0.014573249826671741,-0.7522321070904727,0.9081291184109324,0.019941917305931867,0.02531089527813357,0.0015337014311267438
6.655087232589722,0.014573249826671741,-0.7522321070904727,0.9081291184109324,0.019941917305931867,0.02531089527813357,0.0015337014311267438
6.660078763961792,0.014573249826671741,-0.7522321070904727,0.9081291184109324,0.019941917305931867,0.02531089527813357,0.0015337014311267438
6.664963722229004,0.014573249826671741,-0.7522321070904727,0.9081291184109324,0.019941917305931867,0.02531089527813357,0.0015337014311267438
6.670030832290649,0.014573249826671741,-0.7522321070904727,0.9081291184109324,0.019941917305931867,0.02531089527813357,0.0015337014311267438
6.6749043464660645,0.014573249826671741,-0.7522321070904727,0.9081291184109324,0.019941917305931867,0.02531089527813357,0.0015337014311267438
6.6800878047943115,0.014573249826671741,-0.7522321070904727,0.9081291184109324,0.019941917305931867,0.02531089527813357,0.0015337014311267438
6.684961795806885,0.014573249826671741,-0.7522321070904727,0.9081291184109324,0.019941917305931867,0.02531089527813357,0.0015337014311267438
6.689987421035767,0.014573249826671741,-0.7522321070904727,0.9081291184109324,0.019941917305931867,0.02531089527813357,0.0015337014311267438
6.696732044219971,0.014573249826671741,-0.7522321070904727,0.9081291184109324,0.019941917305931867,0.02531089527813357,0.0015337014311267438
6.699907302856445,0.014573249826671741,-0.7522321070904727,0.9081291184109324,0.019941917305931867,0.02531089527813357,0.0015337014311267438
6.704909801483154,0.014573249826671741,-0.7522321070904727,0.9081291184109324,0.019941917305931867,0.02531089527813357,0.0015337014311267438
6.709966421127319,0.014573249826671741,-0.7522321070904727,0.9081291184109324,0.019941917305931867,0.02531089527813357,0.0015337014311267438
6.714919567108154,0.014573249826671741,-0.7522321070904727,0.9081291184109324,0.019941917305931867,0.02531089527813357,0.0015337014311267438
6.719880104064941,0.014573249826671741,-0.7522321070904727,0.9081291184109324,0.019941917305931867,0.02531089527813357,0.0015337014311267438
6.72496223449707,0.014573249826671741,-0.7522321070904727,0.9081291184109324,0.019941917305931867,0.02531089527813357,0.0015337014311267438
6.729868412017822,0.014573249826671741,-0.7522321070904727,0.9081291184109324,0.019941917305931867,0.02531089527813357,0.0015337014311267438
6.735077381134033,0.014573249826671741,-0.7522321070904727,0.9081291184109324,0.019941917305931867,0.02531089527813357,0.0015337014311267438
6.739884376525879,0.014573249826671741,-0.7522321070904727,0.9081291184109324,0.019941917305931867,0.02531089527813357,0.0015337014311267438
6.744869709014893,0.014573249826671741,-0.7522321070904727,0.9081291184109324,0.019941917305931867,0.02531089527813357,0.0015337014311267438
6.749930381774902,0.014573249826671741,-0.7522321070904727,0.9081291184109324,0.019941917305931867,0.02531089527813357,0.0015337014311267438
6.754960775375366,0.014573249826671741,-0.7522321070904727,0.9081291184109324,0.019941917305931867,0.02531089527813357,0.0015337014311267438
6.759922981262207,0.014573249826671741,-0.7522321070904727,0.9081291184109324,0.019941917305931867,0.02531089527813357,0.0015337014311267438
6.764877557754517,0.014573249826671741,-0.7522321070904727,0.9081291184109324,0.019941917305931867,0.02531089527813357,0.0015337014311267438
6.769960880279541,0.014573249826671741,-0.7522321070904727,0.9081291184109324,0.019941917305931867,0.02531089527813357,0.0015337014311267438
6.774882078170776,0.014573249826671741,-0.7522321070904727,0.9081291184109324,0.019941917305931867,0.02531089527813357,0.0015337014311267438
6.779961585998535,0.014573249826671741,-0.7522321070904727,0.9081291184109324,0.019941917305931867,0.02531089527813357,0.0015337014311267438
6.784994125366211,0.014573249826671741,-0.7522321070904727,0.9081291184109324,0.019941917305931867,0.02531089527813357,0.0015337014311267438
6.78998327255249,0.014573249826671741,-0.7522321070904727,0.9081291184109324,0.019941917305931867,0.02531089527813357,0.0015337014311267438
6.794910907745361,0.014573249826671741,-0.7522321070904727,0.9081291184109324,0.019941917305931867,0.026077885672076917,0.0015337014311267438
6.799929857254028,0.014573249826671741,-0.7522321070904727,0.9081291184109324,0.019941917305931867,0.026077885672076917,0.0015337014311267438
6.804885387420654,0.014573249826671741,-0.7522321070904727,0.9081291184109324,0.019941917305931867,0.026077885672076917,0.0015337014311267438
6.809871435165405,0.014573249826671741,-0.7522321070904727,0.9081291184109324,0.019941917305931867,0.026844876066019374,0.0015337014311267438
6.814876556396484,0.014573249826671741,-0.7522321070904727,0.9081291184109324,0.019941917305931867,0.026844876066019374,0.0015337014311267438
6.819887638092041,0.014573249826671741,-0.7522321070904727,0.9081291184109324,0.019941917305931867,0.026844876066019374,0.0015337014311267438
6.824916839599609,0.014573249826671741,-0.7522321070904727,0.9081291184109324,0.019941917305931867,0.026844876066019374,0.0015337014311267438
6.8299946784973145,0.014573249826671741,-0.7522321070904727,0.9081291184109324,0.019941917305931867,0.026844876066019374,0.0015337014311267438
6.834953784942627,0.014573249826671741,-0.7522321070904727,0.9081291184109324,0.019941917305931867,0.026844876066019374,0.0015337014311267438
6.839927911758423,0.014573249826671741,-0.7522321070904727,0.9081291184109324,0.019941917305931867,0.026844876066019374,0.0015337014311267438
6.844983339309692,0.014573249826671741,-0.7522321070904727,0.9081291184109324,0.019941917305931867,0.026844876066019374,0.0015337014311267438
6.849972486495972,0.014573249826671741,-0.7522321070904727,0.9081291184109324,0.019941917305931867,0.026844876066019374,0.0015337014311267438
6.854875802993774,0.014573249826671741,-0.7522321070904727,0.9081291184109324,0.019941917305931867,0.02761186645996183,0.0015337014311267438
6.859915018081665,0.014573249826671741,-0.7522321070904727,0.9081291184109324,0.019941917305931867,0.02761186645996183,0.0015337014311267438
6.8648858070373535,0.014573249826671741,-0.7522321070904727,0.9081291184109324,0.019941917305931867,0.02761186645996183,0.0015337014311267438
6.86991810798645,0.014573249826671741,-0.7522321070904727,0.9081291184109324,0.019941917305931867,0.02761186645996183,0.0015337014311267438
6.874971151351929,0.014573249826671741,-0.7522321070904727,0.9081291184109324,0.019941917305931867,0.028378856853905177,0.0015337014311267438
6.879950046539307,0.014573249826671741,-0.7522321070904727,0.9081291184109324,0.019941917305931867,0.028378856853905177,0.0015337014311267438
6.884914875030518,0.014573249826671741,-0.7522321070904727,0.9081291184109324,0.019941917305931867,0.029145847247847634,0.0015337014311267438
6.889987468719482,0.014573249826671741,-0.7522321070904727,0.9081291184109324,0.019941917305931867,0.029145847247847634,0.0015337014311267438
6.894927501678467,0.014573249826671741,-0.7522321070904727,0.9081291184109324,0.019941917305931867,0.029145847247847634,0.0015337014311267438
6.899877309799194,0.014573249826671741,-0.7522321070904727,0.9081291184109324,0.019941917305931867,0.029145847247847634,0.0015337014311267438
6.904975175857544,0.014573249826671741,-0.7522321070904727,0.9081291184109324,0.019941917305931867,0.029145847247847634,0.0015337014311267438
6.909883975982666,0.014573249826671741,-0.7522321070904727,0.9081291184109324,0.019941917305931867,0.02991283764179009,0.0015337014311267438
6.914911508560181,0.014573249826671741,-0.7522321070904727,0.9081291184109324,0.019941917305931867,0.02991283764179009,0.0015337014311267438
6.919921875,0.014573249826671741,-0.7522321070904727,0.9081291184109324,0.019941917305931867,0.030679828035733436,0.0015337014311267438
6.924925327301025,0.014573249826671741,-0.7522321070904727,0.9081291184109324,0.019941917305931867,0.030679828035733436,0.0015337014311267438
6.929952621459961,0.014573249826671741,-0.7522321070904727,0.9081291184109324,0.019941917305931867,0.030679828035733436,0.0015337014311267438
6.934981107711792,0.014573249826671741,-0.7522321070904727,0.9081291184109324,0.019941917305931867,0.030679828035733436,0.0015337014311267438
6.939992189407349,0.014573249826671741,-0.7522321070904727,0.9081291184109324,0.019941917305931867,0.030679828035733436,0.0015337014311267438
6.944889307022095,0.014573249826671741,-0.7522321070904727,0.9081099433584949,0.019941917305931867,0.03144681842967589,0.0015337014311267438
6.949989557266235,0.014573249826671741,-0.7522321070904727,0.9081099433584949,0.019941917305931867,0.03144681842967589,0.0015337014311267438
6.954948425292969,0.014573249826671741,-0.7522321070904727,0.9080869332955714,0.019941917305931867,0.03144681842967589,0.0015337014311267438
6.959940433502197,0.014573249826671741,-0.7522321070904727,0.9080869332955714,0.019941917305931867,0.03144681842967589,0.0015337014311267438
6.9649176597595215,0.014573249826671741,-0.7522321070904727,0.9080792632745966,0.019941917305931867,0.03221380882361924,0.0015337014311267438
6.969884395599365,0.014573249826671741,-0.7522321070904727,0.9080792632745966,0.019941917305931867,0.03221380882361924,0.0015337014311267438
6.97489070892334,0.014573249826671741,-0.7522321070904727,0.9080792632745966,0.019941917305931867,0.032980799217561696,0.0015337014311267438
6.979940891265869,0.014573249826671741,-0.7522321070904727,0.9080792632745966,0.019941917305931867,0.032980799217561696,0.0015337014311267438
6.984912633895874,0.014573249826671741,-0.7522321070904727,0.9080792632745966,0.019941917305931867,0.03374778961150504,0.0015337014311267438
6.989876747131348,0.014573249826671741,-0.7522321070904727,0.9080792632745966,0.019941917305931867,0.03374778961150504,0.0015337014311267438
6.994926452636719,0.014573249826671741,-0.7522321070904727,0.9080792632745966,0.019941917305931867,0.03374778961150504,0.0015337014311267438
6.99988055229187,0.014573249826671741,-0.7522321070904727,0.9080792632745966,0.019941917305931867,0.0345147800054475,0.0015337014311267438
7.004955768585205,0.014573249826671741,-0.7522321070904727,0.9080792632745966,0.019941917305931867,0.0345147800054475,0.0015337014311267438
7.0098958015441895,0.014573249826671741,-0.7522321070904727,0.9080792632745966,0.019941917305931867,0.035281770399389956,0.0015337014311267438
7.014888048171997,0.014573249826671741,-0.7522321070904727,0.9080792632745966,0.019941917305931867,0.035281770399389956,0.0015337014311267438
7.019874334335327,0.014573249826671741,-0.7522321070904727,0.9080792632745966,0.019941917305931867,0.0360487607933333,0.0015337014311267438
7.0248730182647705,0.014573249826671741,-0.7522321070904727,0.9080792632745966,0.019941917305931867,0.0360487607933333,0.0015337014311267438
7.029968976974487,0.014573249826671741,-0.7522321070904727,0.9080792632745966,0.019941917305931867,0.03681575118727576,0.0015337014311267438
7.034882068634033,0.014573249826671741,-0.7522321070904727,0.9080792632745966,0.019941917305931867,0.03681575118727576,0.0015337014311267438
7.039870738983154,0.014573249826671741,-0.7522321070904727,0.9080792632745966,0.019941917305931867,0.03681575118727576,0.0015337014311267438
7.044872045516968,0.014573249826671741,-0.7522321070904727,0.9080792632745966,0.019941917305931867,0.037582741581218215,0.0015337014311267438
7.049872398376465,0.014573249826671741,-0.7522321070904727,0.9080792632745966,0.019941917305931867,0.037582741581218215,0.0015337014311267438
7.054869651794434,0.014573249826671741,-0.7522321070904727,0.9080792632745966,0.019941917305931867,0.03834973197516156,0.0015337014311267438
7.059956789016724,0.014573249826671741,-0.7522321070904727,0.9080792632745966,0.019941917305931867,0.03834973197516156,0.0015337014311267438
7.064885854721069,0.014573249826671741,-0.7522321070904727,0.9080792632745966,0.019941917305931867,0.03834973197516156,0.0015337014311267438
7.070014715194702,0.014573249826671741,-0.7522321070904727,0.9080792632745966,0.019941917305931867,0.03834973197516156,0.0015337014311267438
7.074991464614868,0.014573249826671741,-0.7522321070904727,0.9080792632745966,0.019941917305931867,0.039116722369104906,0.0007667110371838426
7.07988977432251,0.014573249826671741,-0.7522321070904727,0.9080792632745966,0.019941917305931867,0.03988371276304736,0.0007667110371838426
7.084977149963379,0.014573249826671741,-0.7522321070904727,0.9080792632745966,0.019941917305931867,0.03988371276304736,0.0007667110371838426
7.089915752410889,0.014573249826671741,-0.7522321070904727,0.9080792632745966,0.019941917305931867,0.03988371276304736,0.0007667110371838426
7.095000743865967,0.014573249826671741,-0.7522321070904727,0.9080792632745966,0.019941917305931867,0.03988371276304736,0.0007667110371838426
7.0999767780303955,0.014573249826671741,-0.7522321070904727,0.9080792632745966,0.019941917305931867,0.04065070315698982,0.0007667110371838426
7.104947328567505,0.014573249826671741,-0.7522321070904727,0.9080792632745966,0.019941917305931867,0.04065070315698982,0.0007667110371838426
7.109986782073975,0.014573249826671741,-0.7522321070904727,0.9080792632745966,0.019941917305931867,0.04065070315698982,0.0007667110371838426
7.114970445632935,0.014573249826671741,-0.7522321070904727,0.9080792632745966,0.019941917305931867,0.04065070315698982,0.0007667110371838426
7.11992335319519,0.014573249826671741,-0.7522321070904727,0.9080792632745966,0.019941917305931867,0.041417693550933166,0.0007667110371838426
7.124881267547607,0.014573249826671741,-0.7522321070904727,0.9080792632745966,0.019941917305931867,0.041417693550933166,0.0007667110371838426
7.1298744678497314,0.014573249826671741,-0.7522321070904727,0.9080792632745966,0.019941917305931867,0.041417693550933166,0.0007667110371838426
7.1348717212677,0.014573249826671741,-0.7522321070904727,0.9080792632745966,0.019941917305931867,0.04218468394487562,0.0007667110371838426
7.139876127243042,0.014573249826671741,-0.7522321070904727,0.9080792632745966,0.019941917305931867,0.04218468394487562,0.0007667110371838426
7.144875764846802,0.014573249826671741,-0.7522321070904727,0.9080830982850845,0.019941917305931867,0.04218468394487562,0.0007667110371838426
7.150040864944458,0.014573249826671741,-0.7522321070904727,0.9080830982850845,0.019941917305931867,0.04218468394487562,0.0007667110371838426
7.154977321624756,0.014573249826671741,-0.7522321070904727,0.9080830982850845,0.019941917305931867,0.04218468394487562,0.0007667110371838426
7.160043954849243,0.014573249826671741,-0.7522321070904727,0.9080830982850845,0.019941917305931867,0.04218468394487562,0.0007667110371838426
7.165034055709839,0.014573249826671741,-0.7522321070904727,0.9080792632745966,0.019941917305931867,0.04295167433881808,0.0007667110371838426
7.16987943649292,0.014573249826671741,-0.7522321070904727,0.9080792632745966,0.019941917305931867,0.043718664732761425,0.0007667110371838426
7.174973726272583,0.014573249826671741,-0.7522321070904727,0.9080792632745966,0.019941917305931867,0.043718664732761425,0.0007667110371838426
7.179871559143066,0.014573249826671741,-0.7522321070904727,0.9080792632745966,0.019941917305931867,0.043718664732761425,0.0007667110371838426
7.184980869293213,0.014573249826671741,-0.7522321070904727,0.9080792632745966,0.019941917305931867,0.043718664732761425,0.0007667110371838426
7.189977407455444,0.014573249826671741,-0.7522321070904727,0.9080792632745966,0.019941917305931867,0.043718664732761425,0.0007667110371838426
7.194983959197998,0.014573249826671741,-0.7522321070904727,0.9080792632745966,0.019941917305931867,0.043718664732761425,0.0007667110371838426
7.199968099594116,0.014573249826671741,-0.7522321070904727,0.9080792632745966,0.019941917305931867,0.04448565512670388,0.0007667110371838426
7.204955816268921,0.014573249826671741,-0.7522321070904727,0.9080792632745966,0.019941917305931867,0.04448565512670388,0.0007667110371838426
7.210001230239868,0.014573249826671741,-0.7522321070904727,0.9080792632745966,0.019941917305931867,0.04448565512670388,-2.7935675905865764e-07
7.2149338722229,0.014573249826671741,-0.7522321070904727,0.9080792632745966,0.019941917305931867,0.04525264552064723,-2.7935675905865764e-07
7.22002911567688,0.014573249826671741,-0.7522321070904727,0.9080792632745966,0.019941917305931867,0.04525264552064723,-2.7935675905865764e-07
7.224870443344116,0.014573249826671741,-0.7522321070904727,0.9080792632745966,0.019941917305931867,0.046019635914589685,-2.7935675905865764e-07
7.2299604415893555,0.014573249826671741,-0.7522321070904727,0.9080792632745966,0.019941917305931867,0.046019635914589685,-2.7935675905865764e-07
7.234978199005127,0.014573249826671741,-0.7522321070904727,0.9080830982850845,0.019941917305931867,0.046019635914589685,-2.7935675905865764e-07
7.239978790283203,0.014573249826671741,-0.7522321070904727,0.9080830982850845,0.019941917305931867,0.046019635914589685,-2.7935675905865764e-07
7.244901657104492,0.014573249826671741,-0.7522321070904727,0.9080830982850845,0.019941917305931867,0.046019635914589685,-2.7935675905865764e-07
7.24987530708313,0.014573249826671741,-0.7522321070904727,0.9080830982850845,0.019941917305931867,0.046019635914589685,-2.7935675905865764e-07
7.254918575286865,0.014573249826671741,-0.7522321070904727,0.9080830982850845,0.019941917305931867,0.046019635914589685,-2.7935675905865764e-07
7.259886264801025,0.014573249826671741,-0.7522321070904727,0.9080830982850845,0.019941917305931867,0.046019635914589685,-2.7935675905865764e-07
7.26498818397522,0.014573249826671741,-0.7522321070904727,0.9080830982850845,0.019941917305931867,0.046019635914589685,-2.7935675905865764e-07
7.26990270614624,0.014573249826671741,-0.7522321070904727,0.9080830982850845,0.019941917305931867,0.046019635914589685,-2.7935675905865764e-07
7.27497935295105,0.014573249826671741,-0.7522321070904727,0.9080830982850845,0.019941917305931867,0.046019635914589685,-2.7935675905865764e-07
7.279977321624756,0.014573249826671741,-0.7522321070904727,0.9080830982850845,0.019941917305931867,0.04678662630853303,-2.7935675905865764e-07
7.284980773925781,0.014573249826671741,-0.7522321070904727,0.9080830982850845,0.019941917305931867,0.04678662630853303,-2.7935675905865764e-07
7.28997802734375,0.014573249826671741,-0.7522321070904727,0.9080830982850845,0.019941917305931867,0.04678662630853303,-2.7935675905865764e-07
7.295014142990112,0.014573249826671741,-0.7522321070904727,0.9080830982850845,0.019941917305931867,0.04678662630853303,-2.7935675905865764e-07
7.299978256225586,0.014573249826671741,-0.7522321070904727,0.9080830982850845,0.019941917305931867,0.04678662630853303,-2.7935675905865764e-07
7.304887533187866,0.014573249826671741,-0.7522321070904727,0.9080830982850845,0.019941917305931867,0.04678662630853303,-2.7935675905865764e-07
7.309988737106323,0.014573249826671741,-0.7522321070904727,0.9080830982850845,0.019941917305931867,0.04678662630853303,-2.7935675905865764e-07
7.314869165420532,0.014573249826671741,-0.7522321070904727,0.9080830982850845,0.019941917305931867,0.04678662630853303,-2.7935675905865764e-07
7.319958686828613,0.014573249826671741,-0.7522321070904727,0.9080830982850845,0.019941917305931867,0.04678662630853303,-2.7935675905865764e-07
7.324864387512207,0.014573249826671741,-0.7522321070904727,0.9080830982850845,0.019941917305931867,0.04678662630853303,-2.7935675905865764e-07
7.329859495162964,0.014573249826671741,-0.7522321070904727,0.9080830982850845,0.019941917305931867,0.04678662630853303,-2.7935675905865764e-07
7.334988832473755,0.014573249826671741,-0.7522321070904727,0.9080830982850845,0.019941917305931867,0.04678662630853303,-2.7935675905865764e-07
7.340097904205322,0.014573249826671741,-0.7522321070904727,0.9080830982850845,0.019941917305931867,0.04678662630853303,-2.7935675905865764e-07
7.34504246711731,0.014573249826671741,-0.7522321070904727,0.9080830982850845,0.019941917305931867,0.04678662630853303,-2.7935675905865764e-07
7.349936246871948,0.014573249826671741,-0.7522321070904727,0.9080830982850845,0.019941917305931867,0.04678662630853303,-2.7935675905865764e-07
7.354925632476807,0.014573249826671741,-0.7522321070904727,0.9080830982850845,0.019941917305931867,0.04678662630853303,-2.7935675905865764e-07
7.35995888710022,0.014573249826671741,-0.7522321070904727,0.9080830982850845,0.019941917305931867,0.04755361670247549,-2.7935675905865764e-07
7.36496376991272,0.014573249826671741,-0.7522321070904727,0.9080830982850845,0.019941917305931867,0.04755361670247549,-2.7935675905865764e-07
7.370020866394043,0.014573249826671741,-0.7522321070904727,0.9080830982850845,0.019941917305931867,0.04755361670247549,-2.7935675905865764e-07
7.375028371810913,0.014573249826671741,-0.7522321070904727,0.9080830982850845,0.019941917305931867,0.04755361670247549,-2.7935675905865764e-07
7.379995107650757,0.014573249826671741,-0.7522321070904727,0.9080830982850845,0.019941917305931867,0.04755361670247549,-2.7935675905865764e-07
7.384925365447998,0.014573249826671741,-0.7522321070904727,0.9080830982850845,0.019941917305931867,0.04755361670247549,-2.7935675905865764e-07
7.389986276626587,0.014573249826671741,-0.7522321070904727,0.9080830982850845,0.019941917305931867,0.04755361670247549,-2.7935675905865764e-07
7.394899845123291,0.014573249826671741,-0.7522321070904727,0.9080830982850845,0.019941917305931867,0.04755361670247549,-2.7935675905865764e-07
7.399971961975098,0.014573249826671741,-0.7522321070904727,0.9080830982850845,0.019941917305931867,0.04755361670247549,-2.7935675905865764e-07
7.404973745346069,0.014573249826671741,-0.7522321070904727,0.9080830982850845,0.019941917305931867,0.04755361670247549,-2.7935675905865764e-07
7.410085678100586,0.014573249826671741,-0.7522321070904727,0.9080830982850845,0.019941917305931867,0.04755361670247549,-2.7935675905865764e-07
7.415012359619141,0.014573249826671741,-0.7522321070904727,0.9080830982850845,0.019941917305931867,0.04755361670247549,-2.7935675905865764e-07
7.4199888706207275,0.014573249826671741,-0.7522321070904727,0.9080830982850845,0.019941917305931867,0.04755361670247549,-2.7935675905865764e-07
7.424973726272583,0.014573249826671741,-0.7522321070904727,0.9080830982850845,0.019941917305931867,0.04755361670247549,-2.7935675905865764e-07
7.4300315380096436,0.014573249826671741,-0.7522321070904727,0.9080830982850845,0.019941917305931867,0.04755361670247549,-2.7935675905865764e-07
7.434945821762085,0.014573249826671741,-0.7522321070904727,0.9080830982850845,0.019941917305931867,0.048320607096417945,-2.7935675905865764e-07
7.439904689788818,0.014573249826671741,-0.7522321070904727,0.9080830982850845,0.019941917305931867,0.048320607096417945,-2.7935675905865764e-07
7.444960355758667,0.014573249826671741,-0.7522321070904727,0.9080830982850845,0.019941917305931867,0.048320607096417945,-2.7935675905865764e-07
7.4499671459198,0.014573249826671741,-0.7522321070904727,0.9080830982850845,0.019941917305931867,0.048320607096417945,-2.7935675905865764e-07
7.454959392547607,0.014573249826671741,-0.7522321070904727,0.9080830982850845,0.019941917305931867,0.048320607096417945,-2.7935675905865764e-07
7.460004091262817,0.014573249826671741,-0.7522321070904727,0.9080830982850845,0.019941917305931867,0.04908759749036129,-2.7935675905865764e-07
7.465096473693848,0.014573249826671741,-0.7522321070904727,0.9080830982850845,0.019941917305931867,0.04908759749036129,-2.7935675905865764e-07
7.470055103302002,0.014573249826671741,-0.7522321070904727,0.9080830982850845,0.019941917305931867,0.04908759749036129,-2.7935675905865764e-07
7.47511887550354,0.014573249826671741,-0.7522321070904727,0.9080830982850845,0.019941917305931867,0.04908759749036129,-2.7935675905865764e-07
7.479946851730347,0.014573249826671741,-0.7522321070904727,0.9080830982850845,0.019941917305931867,0.04908759749036129,-2.7935675905865764e-07
7.4848668575286865,0.014573249826671741,-0.7522321070904727,0.9080830982850845,0.019941917305931867,0.04908759749036129,-2.7935675905865764e-07
7.4899468421936035,0.014573249826671741,-0.7522321070904727,0.9080830982850845,0.019941917305931867,0.04908759749036129,-2.7935675905865764e-07
7.49491024017334,0.014573249826671741,-0.7522321070904727,0.9080830982850845,0.019941917305931867,0.04985458788430375,-2.7935675905865764e-07
7.4999754428863525,0.014573249826671741,-0.7522321070904727,0.9080830982850845,0.019941917305931867,0.04985458788430375,-2.7935675905865764e-07
7.504910707473755,0.014573249826671741,-0.7522321070904727,0.9080830982850845,0.019941917305931867,0.04985458788430375,-2.7935675905865764e-07
7.510030508041382,0.014573249826671741,-0.7522321070904727,0.9080830982850845,0.019941917305931867,0.04985458788430375,-2.7935675905865764e-07
7.515002012252808,0.014573249826671741,-0.7522321070904727,0.9080830982850845,0.019941917305931867,0.04985458788430375,-2.7935675905865764e-07
7.519898176193237,0.014573249826671741,-0.7522321070904727,0.9080830982850845,0.019941917305931867,0.04985458788430375,-2.7935675905865764e-07
7.5249762535095215,0.014573249826671741,-0.7522321070904727,0.9080830982850845,0.019941917305931867,0.050621578278246204,-2.7935675905865764e-07
7.529902458190918,0.014573249826671741,-0.7522321070904727,0.9080830982850845,0.019941917305931867,0.050621578278246204,-2.7935675905865764e-07
7.535005331039429,0.014573249826671741,-0.7522321070904727,0.9080830982850845,0.019941917305931867,0.050621578278246204,-2.7935675905865764e-07
7.539879322052002,0.014573249826671741,-0.7522321070904727,0.9080830982850845,0.019941917305931867,0.050621578278246204,-2.7935675905865764e-07
7.544890880584717,0.014573249826671741,-0.7522321070904727,0.9080830982850845,0.019941917305931867,0.050621578278246204,-2.7935675905865764e-07
7.549931049346924,0.014573249826671741,-0.7522321070904727,0.9080830982850845,0.019941917305931867,0.05138856867218955,-2.7935675905865764e-07
7.555047988891602,0.014573249826671741,-0.7522321070904727,0.9080830982850845,0.019941917305931867,0.05138856867218955,-2.7935675905865764e-07
7.560051202774048,0.014573249826671741,-0.7522321070904727,0.9080830982850845,0.019941917305931867,0.05138856867218955,-2.7935675905865764e-07
7.565039873123169,0.014573249826671741,-0.7522321070904727,0.9080830982850845,0.019941917305931867,0.05138856867218955,-2.7935675905865764e-07
7.570012807846069,0.014573249826671741,-0.7522321070904727,0.9080830982850845,0.019941917305931867,0.05138856867218955,-2.7935675905865764e-07
7.574877977371216,0.014573249826671741,-0.7522321070904727,0.9080830982850845,0.019941917305931867,0.05138856867218955,-2.7935675905865764e-07
7.579978942871094,0.014573249826671741,-0.7522321070904727,0.9080830982850845,0.019941917305931867,0.05138856867218955,-2.7935675905865764e-07
7.584965705871582,0.014573249826671741,-0.7522321070904727,0.9080830982850845,0.019941917305931867,0.05138856867218955,-2.7935675905865764e-07
7.590017318725586,0.014573249826671741,-0.7522321070904727,0.9080830982850845,0.019941917305931867,0.05138856867218955,-2.7935675905865764e-07
7.595083475112915,0.014573249826671741,-0.7522321070904727,0.9080830982850845,0.019941917305931867,0.05138856867218955,-2.7935675905865764e-07
7.600030183792114,0.014573249826671741,-0.7522321070904727,0.9080830982850845,0.019941917305931867,0.05138856867218955,-2.7935675905865764e-07
