t,q1,q2,q3,q4,q5,q6
0.0,0.014573249826671741,-0.8514687559658722,0.91020002407409,0.0038351190331322726,-0.014572605206892852,-0.08206825150864105
0.004893064498901367,0.014573249826671741,-0.8514687559658722,0.910196189063603,0.0038351190331322726,-0.014572605206892852,-0.08130126111469815
0.009891033172607422,0.014573249826671741,-0.8514687559658722,0.910196189063603,0.0038351190331322726,-0.014572605206892852,-0.08130126111469815
0.014952898025512695,0.014573249826671741,-0.8514687559658722,0.910196189063603,0.0038351190331322726,-0.014572605206892852,-0.08053427072075525
0.020045995712280273,0.014573249826671741,-0.8514687559658722,0.910196189063603,0.0038351190331322726,-0.014572605206892852,-0.08053427072075525
0.02489495277404785,0.014573249826671741,-0.8514687559658722,0.910192354053116,0.0038351190331322726,-0.014572605206892852,-0.07746630914498365
0.030069589614868164,0.014573249826671741,-0.8514687559658722,0.9101885190426282,0.0038351190331322726,-0.014572605206892852,-0.07516533796315539
0.03499412536621094,0.014573249826671741,-0.8514687559658722,0.9101885190426282,0.0038351190331322726,-0.014572605206892852,-0.07516533796315539
0.03989458084106445,0.014573249826671741,-0.8514687559658722,0.9101846840321413,0.0038351190331322726,-0.014572605206892852,-0.07439834756921293
0.04502439498901367,0.014573249826671741,-0.8514687559658722,0.9101846840321413,0.0038351190331322726,-0.014572605206892852,-0.07439834756921293
0.04999518394470215,0.014573249826671741,-0.8514687559658722,0.9101846840321413,0.0038351190331322726,-0.014572605206892852,-0.07439834756921293
0.05494976043701172,0.014573249826671741,-0.8514687559658722,0.9101846840321413,0.0038351190331322726,-0.014572605206892852,-0.07439834756921293
0.0599977970123291,0.014573249826671741,-0.8514687559658722,0.9101808490216534,0.0038351190331322726,-0.014572605206892852,-0.07439834756921293
0.06494426727294922,0.014573249826671741,-0.8514687559658722,0.9101808490216534,0.0038351190331322726,-0.014572605206892852,-0.07439834756921293
0.06999969482421875,0.014573249826671741,-0.8514687559658722,0.9101770140111665,0.0038351190331322726,-0.014572605206892852,-0.07439834756921293
0.07497024536132812,0.014573249826671741,-0.8514687559658722,0.9101731790006795,0.0038351190331322726,-0.014572605206892852,-0.07439834756921293
0.08006668090820312,0.014573249826671741,-0.8514687559658722,0.9101731790006795,0.0038351190331322726,-0.014572605206892852,-0.07439834756921293
0.08486342430114746,0.014573249826671741,-0.8514687559658722,0.9101693439901917,0.0038351190331322726,-0.014572605206892852,-0.07439834756921293
0.08990049362182617,0.014573249826671741,-0.8514687559658722,0.9101693439901917,0.0038351190331322726,-0.014572605206892852,-0.07439834756921293
0.09499502182006836,0.014573249826671741,-0.8514687559658722,0.9101693439901917,0.0038351190331322726,-0.014572605206892852,-0.07439834756921293
0.09999513626098633,0.014573249826671741,-0.8514687559658722,0.9101693439901917,0.0038351190331322726,-0.014572605206892852,-0.07439834756921293
0.10501456260681152,0.014573249826671741,-0.8514687559658722,0.9101655089797047,0.0038351190331322726,-0.014572605206892852,-0.07439834756921293
0.11000180244445801,0.014573249826671741,-0.8514687559658722,0.9101655089797047,0.0038351190331322726,-0.014572605206892852,-0.07439834756921293
0.11500215530395508,0.014573249826671741,-0.8514687559658722,0.9101578389587299,0.0038351190331322726,-0.014572605206892852,-0.07439834756921293
0.11989879608154297,0.014573249826671741,-0.8514687559658722,0.9101578389587299,0.0038351190331322726,-0.014572605206892852,-0.07439834756921293
0.12499356269836426,0.014573249826671741,-0.8514687559658722,0.9101578389587299,0.0038351190331322726,-0.014572605206892852,-0.07439834756921293
0.12987613677978516,0.014573249826671741,-0.8514687559658722,0.9101501689377551,0.0038351190331322726,-0.014572605206892852,-0.07439834756921293
0.13486528396606445,0.014573249826671741,-0.8514687559658722,0.9101501689377551,0.0038351190331322726,-0.014572605206892852,-0.07439834756921293
0.13988947868347168,0.014573249826671741,-0.8514687559658722,0.9101424989167803,0.0038351190331322726,-0.014572605206892852,-0.07439834756921293
0.14486217498779297,0.014573249826671741,-0.8514687559658722,0.9101424989167803,0.0038351190331322726,-0.014572605206892852,-0.07439834756921293
0.14986157417297363,0.014573249826671741,-0.8514687559658722,0.9101271588748308,0.0038351190331322726,-0.014572605206892852,-0.07439834756921293
0.15497040748596191,0.014573249826671741,-0.8514687559658722,0.9101271588748308,0.0038351190331322726,-0.014572605206892852,-0.07439834756921293
0.1598813533782959,0.014573249826671741,-0.8514687559658722,0.9101118188328821,0.0038351190331322726,-0.014572605206892852,-0.07439834756921293
0.16492557525634766,0.014573249826671741,-0.8514687559658722,0.9100888087699577,0.0038351190331322726,-0.014572605206892852,-0.07439834756921293
0.16990232467651367,0.014573249826671741,-0.8514687559658722,0.9100888087699577,0.0038351190331322726,-0.014572605206892852,-0.07439834756921293
0.17486214637756348,0.014573249826671741,-0.8514687559658722,0.9100773037384959,0.0038351190331322726,-0.014572605206892852,-0.07439834756921293
0.17992687225341797,0.014573249826671741,-0.8514687559658722,0.9100773037384959,0.0038351190331322726,-0.014572605206892852,-0.07439834756921293
0.18485760688781738,0.014573249826671741,-0.8514649209553848,0.9100466236545977,0.0038351190331322726,-0.014572605206892852,-0.07439834756921293
0.19005298614501953,0.014573249826671741,-0.8514649209553848,0.9100466236545977,0.0038351190331322726,-0.014572605206892852,-0.07439834756921293
0.19489002227783203,0.014573249826671741,-0.8514649209553848,0.9100274486021611,0.0038351190331322726,-0.014572605206892852,-0.07363135717526959
0.19988584518432617,0.014573249826671741,-0.8514649209553848,0.9100274486021611,0.0038351190331322726,-0.014572605206892852,-0.07363135717526959
0.2048933506011963,0.014573249826671741,-0.8514649209553848,0.9100197785811854,0.0038351190331322726,-0.014572605206892852,-0.07363135717526959
0.20990228652954102,0.014573249826671741,-0.8514610859448979,0.9100159435706985,0.0038351190331322726,-0.014572605206892852,-0.07363135717526959
0.2148597240447998,0.014573249826671741,-0.8514610859448979,0.9100159435706985,0.0038351190331322726,-0.014572605206892852,-0.07363135717526959
0.21986818313598633,0.014573249826671741,-0.8514610859448979,0.9100159435706985,0.0038351190331322726,-0.014572605206892852,-0.07363135717526959
0.22501373291015625,0.014573249826671741,-0.8514610859448979,0.9100159435706985,0.0038351190331322726,-0.014572605206892852,-0.07363135717526959
0.22993183135986328,0.014573249826671741,-0.8514610859448979,0.9100159435706985,0.0038351190331322726,-0.014572605206892852,-0.07363135717526959
0.23489952087402344,0.014573249826671741,-0.8514610859448979,0.9100159435706985,0.0038351190331322726,-0.014572605206892852,-0.07363135717526959
0.23988914489746094,0.014573249826671741,-0.8514610859448979,0.9100121085602115,0.0038351190331322726,-0.014572605206892852,-0.07363135717526959
0.24564385414123535,0.014573249826671741,-0.8514610859448979,0.9100121085602115,0.0038351190331322726,-0.014572605206892852,-0.07363135717526959
0.2500157356262207,0.014573249826671741,-0.8514610859448979,0.9100121085602115,0.0038351190331322726,-0.014572605206892852,-0.07363135717526959
0.25518369674682617,0.014573249826671741,-0.8514610859448979,0.9100044385392367,0.0038351190331322726,-0.014572605206892852,-0.07363135717526959
0.26010584831237793,0.014573249826671741,-0.8514610859448979,0.9100044385392367,0.0038351190331322726,-0.014572605206892852,-0.07363135717526959
0.26489758491516113,0.014573249826671741,-0.8514610859448979,0.9100006035287489,0.0038351190331322726,-0.014572605206892852,-0.07363135717526959
0.27008724212646484,0.014573249826671741,-0.8514610859448979,0.9100006035287489,0.0038351190331322726,-0.014572605206892852,-0.07363135717526959
0.2749807834625244,0.014573249826671741,-0.8514610859448979,0.9099737584553385,0.0038351190331322726,-0.014572605206892852,-0.07363135717526959
0.2800569534301758,0.014573249826671741,-0.8514610859448979,0.9099737584553385,0.0038351190331322726,-0.014572605206892852,-0.07363135717526959
0.28501081466674805,0.014573249826671741,-0.8514610859448979,0.9099469133819262,0.0038351190331322726,-0.014572605206892852,-0.07363135717526959
0.29000163078308105,0.014573249826671741,-0.8514610859448979,0.9099469133819262,0.0038351190331322726,-0.014572605206892852,-0.07363135717526959
0.29503655433654785,0.014573249826671741,-0.8514610859448979,0.9099008932560784,0.0038351190331322726,-0.014572605206892852,-0.07363135717526959
0.2999091148376465,0.014573249826671741,-0.8514610859448979,0.9098548731302305,0.0038351190331322726,-0.014572605206892852,-0.07363135717526959
0.30493879318237305,0.014573249826671741,-0.8514610859448979,0.9098548731302305,0.0038351190331322726,-0.014572605206892852,-0.07363135717526959
0.3098928928375244,0.014573249826671741,-0.8514610859448979,0.9097935129624339,0.0038351190331322726,-0.014572605206892852,-0.07363135717526959
0.3149995803833008,0.014573249826671741,-0.8514610859448979,0.9097935129624339,0.0038351190331322726,-0.014572605206892852,-0.07363135717526959
0.3198976516723633,0.014573249826671741,-0.8514610859448979,0.9097436578260982,0.0038351190331322726,-0.014572605206892852,-0.07363135717526959
0.3249969482421875,0.014573249826671741,-0.8514610859448979,0.9097436578260982,0.0038351190331322726,-0.014572605206892852,-0.07363135717526959
0.3298916816711426,0.014573249826671741,-0.8514610859448979,0.9097053077212252,0.0038351190331322726,-0.014572605206892852,-0.07363135717526959
0.33490610122680664,0.014573249826671741,-0.8514610859448979,0.9097053077212252,0.0038351190331322726,-0.014572605206892852,-0.07363135717526959
0.3399231433868408,0.014573249826671741,-0.8514610859448979,0.9096899676792756,0.0038351190331322726,-0.014572605206892852,-0.07363135717526959
0.3448905944824219,0.014573249826671741,-0.8514610859448979,0.9096822976583008,0.0038351190331322726,-0.014572605206892852,-0.07363135717526959
0.34996867179870605,0.014573249826671741,-0.8514610859448979,0.9096822976583008,0.0038351190331322726,-0.014572605206892852,-0.07363135717526959
0.354872465133667,0.014573249826671741,-0.8514610859448979,0.9096822976583008,0.0038351190331322726,-0.014572605206892852,-0.07363135717526959
0.3598613739013672,0.014573249826671741,-0.8514610859448979,0.9096822976583008,0.0038351190331322726,-0.014572605206892852,-0.07363135717526959
0.36492085456848145,0.014573249826671741,-0.85145725093441,0.9096822976583008,0.0038351190331322726,-0.014572605206892852,-0.07363135717526959
0.3700108528137207,0.014573249826671741,-0.85145725093441,0.9096822976583008,0.0038351190331322726,-0.014572605206892852,-0.07363135717526959
0.37499260902404785,0.014573249826671741,-0.85145725093441,0.9096822976583008,0.0038351190331322726,-0.014572605206892852,-0.07363135717526959
0.3799166679382324,0.014573249826671741,-0.85145725093441,0.9096822976583008,0.0038351190331322726,-0.014572605206892852,-0.07363135717526959
0.3848862648010254,0.014573249826671741,-0.85145725093441,0.9096822976583008,0.0038351190331322726,-0.014572605206892852,-0.07363135717526959
0.3898344039916992,0.014573249826671741,-0.85145725093441,0.9096822976583008,0.0038351190331322726,-0.014572605206892852,-0.07363135717526959
0.39492368698120117,0.014573249826671741,-0.85145725093441,0.9096822976583008,0.0038351190331322726,-0.014572605206892852,-0.07363135717526959
0.3998901844024658,0.014573249826671741,-0.85145725093441,0.9096822976583008,0.0038351190331322726,-0.014572605206892852,-0.07363135717526959
0.40496230125427246,0.014573249826671741,-0.85145725093441,0.9096822976583008,0.0038351190331322726,-0.014572605206892852,-0.07363135717526959
0.40988945960998535,0.014573249826671741,-0.85145725093441,0.9096822976583008,0.0038351190331322726,-0.014572605206892852,-0.07363135717526959
0.41509485244750977,0.014573249826671741,-0.85145725093441,0.9096822976583008,0.0038351190331322726,-0.014572605206892852,-0.07363135717526959
0.41998839378356934,0.014573249826671741,-0.85145725093441,0.9096822976583008,0.0038351190331322726,-0.014572605206892852,-0.07363135717526959
0.4251110553741455,0.014573249826671741,-0.85145725093441,0.9096822976583008,0.0038351190331322726,-0.014572605206892852,-0.07363135717526959
0.4299898147583008,0.014573249826671741,-0.85145725093441,0.9096822976583008,0.0038351190331322726,-0.014572605206892852,-0.07363135717526959
0.43491387367248535,0.014573249826671741,-0.85145725093441,0.9096822976583008,0.0038351190331322726,-0.014572605206892852,-0.07363135717526959
0.440108060836792,0.014573249826671741,-0.85145725093441,0.9096784626478138,0.0038351190331322726,-0.014572605206892852,-0.07363135717526959
0.44492292404174805,0.014573249826671741,-0.85145725093441,0.9096784626478138,0.0038351190331322726,-0.014572605206892852,-0.07363135717526959
0.4499175548553467,0.014573249826671741,-0.85145725093441,0.9096784626478138,0.0038351190331322726,-0.014572605206892852,-0.07363135717526959
0.4549102783203125,0.014573249826671741,-0.85145725093441,0.9096784626478138,0.0038351190331322726,-0.014572605206892852,-0.07363135717526959
0.45992517471313477,0.014573249826671741,-0.85145725093441,0.9096784626478138,0.0038351190331322726,-0.014572605206892852,-0.07363135717526959
0.46489667892456055,0.014573249826671741,-0.85145725093441,0.9096784626478138,0.0038351190331322726,-0.014572605206892852,-0.07363135717526959
0.46990156173706055,0.014573249826671741,-0.85145725093441,0.9096784626478138,0.0038351190331322726,-0.014572605206892852,-0.07363135717526959
0.4749457836151123,0.014573249826671741,-0.85145725093441,0.9096784626478138,0.0038351190331322726,-0.014572605206892852,-0.07363135717526959
0.47998881340026855,0.014573249826671741,-0.85145725093441,0.9096784626478138,0.0038351190331322726,-0.014572605206892852,-0.07363135717526959
0.4849100112915039,0.014573249826671741,-0.85145725093441,0.9096784626478138,0.0038351190331322726,-0.014572605206892852,-0.07363135717526959
0.48988986015319824,0.014573249826671741,-0.8514534159239231,0.909674627637326,0.0038351190331322726,-0.014572605206892852,-0.07363135717526959
0.4949512481689453,0.014573249826671741,-0.8514534159239231,0.909674627637326,0.0038351190331322726,-0.014572605206892852,-0.07363135717526959
0.4999539852142334,0.014573249826671741,-0.8514534159239231,0.909674627637326,0.0038351190331322726,-0.014572605206892852,-0.07363135717526959
0.5050251483917236,0.014573249826671741,-0.8514534159239231,0.909674627637326,0.0038351190331322726,-0.014572605206892852,-0.07363135717526959
0.5099945068359375,0.014573249826671741,-0.8514534159239231,0.909674627637326,0.0038351190331322726,-0.014572605206892852,-0.07363135717526959
0.5149936676025391,0.014573249826671741,-0.8514534159239231,0.909674627637326,0.0038351190331322726,-0.014572605206892852,-0.07363135717526959
0.5200991630554199,0.014573249826671741,-0.8514534159239231,0.909670792626839,0.0038351190331322726,-0.014572605206892852,-0.07363135717526959
0.5250756740570068,0.014573249826671741,-0.8514495809134357,0.9096669576163521,0.0038351190331322726,-0.014572605206892852,-0.07363135717526959
0.5299875736236572,0.014573249826671741,-0.8514495809134357,0.9096669576163521,0.0038351190331322726,-0.014572605206892852,-0.07363135717526959
0.5348916053771973,0.014573249826671741,-0.8514495809134357,0.9096631226058642,0.0038351190331322726,-0.014572605206892852,-0.07363135717526959
0.5400052070617676,0.014573249826671741,-0.8514495809134357,0.9096631226058642,0.0038351190331322726,-0.014572605206892852,-0.07363135717526959
0.5448665618896484,0.014573249826671741,-0.8514495809134357,0.9096554525848894,0.0038351190331322726,-0.014572605206892852,-0.07363135717526959
0.5500094890594482,0.014573249826671741,-0.8514495809134357,0.9096554525848894,0.0038351190331322726,-0.014572605206892852,-0.07363135717526959
0.5550246238708496,0.014573249826671741,-0.8514457459029483,0.9096516175744025,0.0038351190331322726,-0.014572605206892852,-0.07363135717526959
0.5600316524505615,0.014573249826671741,-0.8514457459029483,0.9096516175744025,0.0038351190331322726,-0.014572605206892852,-0.07363135717526959
0.5650002956390381,0.014573249826671741,-0.8514457459029483,0.9096439475534277,0.0038351190331322726,-0.014572605206892852,-0.07363135717526959
0.5700216293334961,0.014573249826671741,-0.8514457459029483,0.9096401125429399,0.0038351190331322726,-0.014572605206892852,-0.07363135717526959
0.5748867988586426,0.014573249826671741,-0.8514457459029483,0.9096401125429399,0.0038351190331322726,-0.014572605206892852,-0.07363135717526959
0.5798628330230713,0.014573249826671741,-0.8514457459029483,0.9096401125429399,0.0038351190331322726,-0.014572605206892852,-0.07363135717526959
0.5849297046661377,0.014573249826671741,-0.8514457459029483,0.9096401125429399,0.0038351190331322726,-0.014572605206892852,-0.07363135717526959
0.5898933410644531,0.014573249826671741,-0.8514419108924609,0.9096362775324529,0.0038351190331322726,-0.014572605206892852,-0.07363135717526959
0.5949010848999023,0.014573249826671741,-0.8514419108924609,0.9096362775324529,0.0038351190331322726,-0.014572605206892852,-0.07363135717526959
0.6000030040740967,0.014573249826671741,-0.8514419108924609,0.9096362775324529,0.0038351190331322726,-0.014572605206892852,-0.07363135717526959
0.6050014495849609,0.014573249826671741,-0.8514419108924609,0.9096362775324529,0.0038351190331322726,-0.014572605206892852,-0.07363135717526959
0.6099138259887695,0.014573249826671741,-0.8514419108924609,0.9096362775324529,0.0038351190331322726,-0.014572605206892852,-0.07363135717526959
0.6149640083312988,0.014573249826671741,-0.8514419108924609,0.9096362775324529,0.0038351190331322726,-0.014572605206892852,-0.07363135717526959
0.6199076175689697,0.014573249826671741,-0.8514419108924609,0.9096362775324529,0.0038351190331322726,-0.014572605206892852,-0.07363135717526959
0.6248683929443359,0.014573249826671741,-0.8514419108924609,0.9096362775324529,0.0038351190331322726,-0.014572605206892852,-0.07363135717526959
0.6298747062683105,0.014573249826671741,-0.8514419108924609,0.9096362775324529,0.0038351190331322726,-0.014572605206892852,-0.07363135717526959
0.6349184513092041,0.014573249826671741,-0.8514419108924609,0.9096362775324529,0.0038351190331322726,-0.01533959560083531,-0.07363135717526959
0.6401307582855225,0.014573249826671741,-0.8514419108924609,0.9096362775324529,0.0038351190331322726,-0.01533959560083531,-0.07363135717526959
0.6449575424194336,0.014573249826671741,-0.8514419108924609,0.9096362775324529,0.0038351190331322726,-0.01533959560083531,-0.07363135717526959
0.6500024795532227,0.014573249826671741,-0.8514419108924609,0.9096362775324529,0.0038351190331322726,-0.01533959560083531,-0.07363135717526959
0.6550781726837158,0.014573249826671741,-0.8514380758819735,0.909632442521966,0.0038351190331322726,-0.01533959560083531,-0.07363135717526959
0.6601676940917969,0.014573249826671741,-0.8514380758819735,0.909632442521966,0.0038351190331322726,-0.01533959560083531,-0.07363135717526959
0.6648986339569092,0.014573249826671741,-0.8514380758819735,0.909632442521966,0.0038351190331322726,-0.01533959560083531,-0.07363135717526959
0.6698787212371826,0.014573249826671741,-0.8514380758819735,0.909632442521966,0.0038351190331322726,-0.01533959560083531,-0.07363135717526959
0.674973726272583,0.014573249826671741,-0.8514380758819735,0.909632442521966,0.0038351190331322726,-0.01533959560083531,-0.07363135717526959
0.6798789501190186,0.014573249826671741,-0.8514380758819735,0.909632442521966,0.0038351190331322726,-0.01533959560083531,-0.07363135717526959
0.6849772930145264,0.014573249826671741,-0.8514380758819735,0.909632442521966,0.0038351190331322726,-0.01533959560083531,-0.07363135717526959
0.6899080276489258,0.014573249826671741,-0.8514380758819735,0.909632442521966,0.0038351190331322726,-0.01533959560083531,-0.07439834756921293
0.694934606552124,0.014573249826671741,-0.8514380758819735,0.909632442521966,0.0038351190331322726,-0.01533959560083531,-0.07439834756921293
0.6999163627624512,0.014573249826671741,-0.8514380758819735,0.909632442521966,0.0038351190331322726,-0.01533959560083531,-0.07439834756921293
0.7049636840820312,0.014573249826671741,-0.8514380758819735,0.909632442521966,0.0038351190331322726,-0.016106585994778655,-0.07439834756921293
0.7099504470825195,0.014573249826671741,-0.8514380758819735,0.909632442521966,0.0038351190331322726,-0.016106585994778655,-0.07439834756921293
0.7148947715759277,0.014573249826671741,-0.8514380758819735,0.909632442521966,0.0038351190331322726,-0.016106585994778655,-0.07439834756921293
0.7199110984802246,0.014573249826671741,-0.8514380758819735,0.909632442521966,0.0038351190331322726,-0.016106585994778655,-0.07439834756921293
0.724945068359375,0.014573249826671741,-0.8514380758819735,0.909632442521966,0.0038351190331322726,-0.016106585994778655,-0.07439834756921293
0.7298884391784668,0.014573249826671741,-0.8514380758819735,0.909632442521966,0.0038351190331322726,-0.016106585994778655,-0.07439834756921293
0.7349166870117188,0.014573249826671741,-0.8514342408714866,0.909632442521966,0.0038351190331322726,-0.016106585994778655,-0.07439834756921293
0.7399845123291016,0.014573249826671741,-0.8514342408714866,0.909632442521966,0.0038351190331322726,-0.016106585994778655,-0.07439834756921293
0.7449150085449219,0.014573249826671741,-0.8514342408714866,0.909632442521966,0.0038351190331322726,-0.016106585994778655,-0.07439834756921293
0.7498562335968018,0.014573249826671741,-0.8514342408714866,0.909632442521966,0.0038351190331322726,-0.016106585994778655,-0.07439834756921293
0.754948616027832,0.014573249826671741,-0.8514342408714866,0.909632442521966,0.0038351190331322726,-0.016106585994778655,-0.07439834756921293
0.7598931789398193,0.014573249826671741,-0.8514342408714866,0.909632442521966,0.0038351190331322726,-0.016106585994778655,-0.07439834756921293
0.7649388313293457,0.014573249826671741,-0.8514342408714866,0.909632442521966,0.0038351190331322726,-0.016106585994778655,-0.07439834756921293
0.7698752880096436,0.014573249826671741,-0.8514342408714866,0.909632442521966,0.0038351190331322726,-0.016106585994778655,-0.07439834756921293
0.7748773097991943,0.014573249826671741,-0.8514342408714866,0.909632442521966,0.0038351190331322726,-0.016106585994778655,-0.07439834756921293
0.7799282073974609,0.014573249826671741,-0.8514342408714866,0.909632442521966,0.0038351190331322726,-0.016106585994778655,-0.07439834756921293
0.7849249839782715,0.014573249826671741,-0.8514342408714866,0.909632442521966,0.0038351190331322726,-0.016106585994778655,-0.07439834756921293
0.7898919582366943,0.014573249826671741,-0.8514342408714866,0.909632442521966,0.0038351190331322726,-0.016106585994778655,-0.07439834756921293
0.7950127124786377,0.014573249826671741,-0.8514304058609992,0.909632442521966,0.0038351190331322726,-0.016106585994778655,-0.07439834756921293
0.7999775409698486,0.014573249826671741,-0.8514304058609992,0.909632442521966,0.0038351190331322726,-0.016106585994778655,-0.07439834756921293
0.8048906326293945,0.014573249826671741,-0.8514304058609992,0.909632442521966,0.0038351190331322726,-0.016106585994778655,-0.07439834756921293
0.810011625289917,0.014573249826671741,-0.8514304058609992,0.909632442521966,0.0038351190331322726,-0.016106585994778655,-0.07439834756921293
0.8148887157440186,0.014573249826671741,-0.8514304058609992,0.909632442521966,0.0038351190331322726,-0.016106585994778655,-0.07439834756921293
0.8199954032897949,0.014573249826671741,-0.8514304058609992,0.909632442521966,0.0038351190331322726,-0.016106585994778655,-0.07439834756921293
0.8249847888946533,0.014573249826671741,-0.8514304058609992,0.909632442521966,0.0038351190331322726,-0.016106585994778655,-0.07439834756921293
0.8298983573913574,0.014573249826671741,-0.8514304058609992,0.909632442521966,0.0038351190331322726,-0.016106585994778655,-0.07439834756921293
0.834892749786377,0.014573249826671741,-0.8514304058609992,0.909632442521966,0.0038351190331322726,-0.016106585994778655,-0.07439834756921293
0.8398745059967041,0.014573249826671741,-0.8514304058609992,0.909632442521966,0.0038351190331322726,-0.016106585994778655,-0.07439834756921293
0.8448972702026367,0.014573249826671741,-0.8514304058609992,0.909632442521966,0.0038351190331322726,-0.016106585994778655,-0.07439834756921293
0.849919319152832,0.014573249826671741,-0.8514304058609992,0.909632442521966,0.0038351190331322726,-0.016106585994778655,-0.07439834756921293
0.8550167083740234,0.014573249826671741,-0.8514304058609992,0.909632442521966,0.0038351190331322726,-0.016106585994778655,-0.07439834756921293
0.8599634170532227,0.014573249826671741,-0.8514304058609992,0.909632442521966,0.0038351190331322726,-0.016106585994778655,-0.07439834756921293
0.8649935722351074,0.014573249826671741,-0.8514304058609992,0.909632442521966,0.0038351190331322726,-0.016106585994778655,-0.07439834756921293
0.8701066970825195,0.014573249826671741,-0.8514304058609992,0.909632442521966,0.0038351190331322726,-0.016106585994778655,-0.07439834756921293
0.8750336170196533,0.014573249826671741,-0.8514304058609992,0.909632442521966,0.0038351190331322726,-0.016106585994778655,-0.07439834756921293
0.8800139427185059,0.014573249826671741,-0.8514304058609992,0.909632442521966,0.0038351190331322726,-0.016106585994778655,-0.07439834756921293
0.8851690292358398,0.014573249826671741,-0.8514304058609992,0.909632442521966,0.0038351190331322726,-0.016106585994778655,-0.07439834756921293
0.8899991512298584,0.014573249826671741,-0.8514304058609992,0.909632442521966,0.0038351190331322726,-0.016106585994778655,-0.07439834756921293
0.8948919773101807,0.014573249826671741,-0.8514304058609992,0.909632442521966,0.0038351190331322726,-0.016106585994778655,-0.07439834756921293
0.9000363349914551,0.014573249826671741,-0.8514304058609992,0.909632442521966,0.0038351190331322726,-0.016106585994778655,-0.07439834756921293
0.9049868583679199,0.014573249826671741,-0.8514304058609992,0.909632442521966,0.0038351190331322726,-0.016106585994778655,-0.07439834756921293
0.9101083278656006,0.014573249826671741,-0.8514304058609992,0.909632442521966,0.0038351190331322726,-0.016106585994778655,-0.07439834756921293
0.9150009155273438,0.014573249826671741,-0.8514304058609992,0.909632442521966,0.0038351190331322726,-0.016106585994778655,-0.07439834756921293
0.9200701713562012,0.014573249826671741,-0.8514304058609992,0.909632442521966,0.0038351190331322726,-0.016106585994778655,-0.07439834756921293
0.9251165390014648,0.014573249826671741,-0.8514304058609992,0.909632442521966,0.0038351190331322726,-0.016106585994778655,-0.07439834756921293
0.9301223754882812,0.014573249826671741,-0.8514304058609992,0.909632442521966,0.0038351190331322726,-0.016106585994778655,-0.07439834756921293
0.9348995685577393,0.014573249826671741,-0.8514304058609992,0.909632442521966,0.0038351190331322726,-0.016106585994778655,-0.07439834756921293
0.9398901462554932,0.014573249826671741,-0.8514304058609992,0.909632442521966,0.0038351190331322726,-0.016106585994778655,-0.07439834756921293
0.9448988437652588,0.014573249826671741,-0.8514304058609992,0.909632442521966,0.0038351190331322726,-0.016106585994778655,-0.07439834756921293
0.9499125480651855,0.014573249826671741,-0.8514304058609992,0.909632442521966,0.0038351190331322726,-0.016106585994778655,-0.07439834756921293
0.9549024105072021,0.014573249826671741,-0.8514304058609992,0.909632442521966,0.0038351190331322726,-0.016106585994778655,-0.07439834756921293
0.9599378108978271,0.014573249826671741,-0.8514304058609992,0.909632442521966,0.0038351190331322726,-0.016106585994778655,-0.07439834756921293
0.96490478515625,0.014573249826671741,-0.8514304058609992,0.909632442521966,0.0038351190331322726,-0.016106585994778655,-0.07439834756921293
0.9700055122375488,0.014573249826671741,-0.8514304058609992,0.909632442521966,0.0038351190331322726,-0.016106585994778655,-0.07439834756921293
0.9750592708587646,0.014573249826671741,-0.8514304058609992,0.909632442521966,0.0038351190331322726,-0.016106585994778655,-0.07439834756921293
0.979956865310669,0.014573249826671741,-0.8514304058609992,0.909632442521966,0.0038351190331322726,-0.016106585994778655,-0.07439834756921293
0.9848911762237549,0.014573249826671741,-0.8514304058609992,0.909632442521966,0.0038351190331322726,-0.016106585994778655,-0.07439834756921293
0.9899923801422119,0.014573249826671741,-0.8514304058609992,0.909632442521966,0.0038351190331322726,-0.016106585994778655,-0.07439834756921293
0.9949295520782471,0.014573249826671741,-0.8514304058609992,0.909632442521966,0.0038351190331322726,-0.016106585994778655,-0.07439834756921293
0.9999158382415771,0.014573249826671741,-0.8514304058609992,0.909632442521966,0.0038351190331322726,-0.016106585994778655,-0.07439834756921293
1.0050029754638672,0.014573249826671741,-0.8514304058609992,0.909632442521966,0.0038351190331322726,-0.016106585994778655,-0.07439834756921293
1.0100009441375732,0.014573249826671741,-0.8514304058609992,0.909632442521966,0.0038351190331322726,-0.016106585994778655,-0.07439834756921293
1.0149223804473877,0.014573249826671741,-0.8514304058609992,0.909632442521966,0.0038351190331322726,-0.016106585994778655,-0.07439834756921293
1.0200121402740479,0.014573249826671741,-0.8514304058609992,0.909632442521966,0.0038351190331322726,-0.016106585994778655,-0.07439834756921293
1.0249321460723877,0.014573249826671741,-0.8514304058609992,0.909632442521966,0.0038351190331322726,-0.016106585994778655,-0.07439834756921293
1.02986478805542,0.014573249826671741,-0.8514304058609992,0.909632442521966,0.0038351190331322726,-0.016106585994778655,-0.07439834756921293
1.034999132156372,0.014573249826671741,-0.8514304058609992,0.909632442521966,0.0038351190331322726,-0.016106585994778655,-0.07439834756921293
1.0398743152618408,0.014573249826671741,-0.8514304058609992,0.909632442521966,0.0038351190331322726,-0.016106585994778655,-0.07439834756921293
1.0449285507202148,0.014573249826671741,-0.8514304058609992,0.909632442521966,0.0038351190331322726,-0.016106585994778655,-0.07439834756921293
1.0498692989349365,0.014573249826671741,-0.8514304058609992,0.909632442521966,0.0038351190331322726,-0.016106585994778655,-0.07439834756921293
1.0549004077911377,0.014573249826671741,-0.8514304058609992,0.909632442521966,0.0038351190331322726,-0.016106585994778655,-0.07439834756921293
1.0598785877227783,0.014573249826671741,-0.8514304058609992,0.909632442521966,0.0038351190331322726,-0.016106585994778655,-0.07439834756921293
1.064833641052246,0.014573249826671741,-0.8514304058609992,0.909632442521966,0.0038351190331322726,-0.016106585994778655,-0.07439834756921293
1.0699386596679688,0.014573249826671741,-0.8514304058609992,0.909632442521966,0.0038351190331322726,-0.016106585994778655,-0.07439834756921293
1.0748629570007324,0.014573249826671741,-0.8514304058609992,0.909632442521966,0.0038351190331322726,-0.016106585994778655,-0.07439834756921293
1.0798892974853516,0.014573249826671741,-0.8514304058609992,0.909632442521966,0.0038351190331322726,-0.016106585994778655,-0.07439834756921293
1.084895372390747,0.014573249826671741,-0.8514304058609992,0.909632442521966,0.0038351190331322726,-0.016106585994778655,-0.07439834756921293
1.0900139808654785,0.014573249826671741,-0.8514304058609992,0.909632442521966,0.0038351190331322726,-0.016106585994778655,-0.07439834756921293
1.0948758125305176,0.014573249826671741,-0.8514304058609992,0.909632442521966,0.0038351190331322726,-0.016106585994778655,-0.07439834756921293
1.0998926162719727,0.014573249826671741,-0.8514304058609992,0.909632442521966,0.0038351190331322726,-0.016106585994778655,-0.07439834756921293
1.1049036979675293,0.014573249826671741,-0.8514304058609992,0.909632442521966,0.0038351190331322726,-0.016106585994778655,-0.07439834756921293
1.1100785732269287,0.014573249826671741,-0.8514304058609992,0.909632442521966,0.0038351190331322726,-0.016106585994778655,-0.07363135717526959
1.1150846481323242,0.014573249826671741,-0.8514304058609992,0.909632442521966,0.0038351190331322726,-0.016106585994778655,-0.07363135717526959
1.1198978424072266,0.014573249826671741,-0.8514304058609992,0.909632442521966,0.0038351190331322726,-0.016106585994778655,-0.07363135717526959
1.1249797344207764,0.014573249826671741,-0.8514304058609992,0.909632442521966,0.0038351190331322726,-0.016106585994778655,-0.07363135717526959
1.1299042701721191,0.014573249826671741,-0.8514304058609992,0.909632442521966,0.0038351190331322726,-0.016106585994778655,-0.07363135717526959
1.1349263191223145,0.014573249826671741,-0.8514304058609992,0.909632442521966,0.0038351190331322726,-0.016106585994778655,-0.07363135717526959
1.1399974822998047,0.014573249826671741,-0.8514304058609992,0.9096247725009912,0.0038351190331322726,-0.016106585994778655,-0.07363135717526959
1.1450045108795166,0.014573249826671741,-0.8514304058609992,0.9096247725009912,0.0038351190331322726,-0.016106585994778655,-0.07363135717526959
1.1499764919281006,0.014573249826671741,-0.8514304058609992,0.9096094324590416,0.0038351190331322726,-0.016106585994778655,-0.07363135717526959
1.1550805568695068,0.014573249826671741,-0.8514304058609992,0.9095672473436807,0.0038351190331322726,-0.016106585994778655,-0.07363135717526959
1.1599535942077637,0.014573249826671741,-0.8514304058609992,0.9095672473436807,0.0038351190331322726,-0.016106585994778655,-0.07363135717526959
1.1648926734924316,0.014573249826671741,-0.8514304058609992,0.909513557196858,0.0038351190331322726,-0.016106585994778655,-0.07209737638738423
1.1699986457824707,0.014573249826671741,-0.8514304058609992,0.909513557196858,0.0038351190331322726,-0.016106585994778655,-0.07209737638738423
1.1748757362365723,0.014573249826671741,-0.8514265708505118,0.9094215169451623,0.0038351190331322726,-0.016106585994778655,-0.07056339559949887
1.1799163818359375,0.014573249826671741,-0.8514265708505118,0.9094215169451623,0.0038351190331322726,-0.016106585994778655,-0.07056339559949887
1.1849133968353271,0.014573249826671741,-0.851418900829537,0.9093831668402892,0.0038351190331322726,-0.016106585994778655,-0.06749543402372726
1.1899497509002686,0.014573249826671741,-0.851418900829537,0.9093831668402892,0.0038351190331322726,-0.016106585994778655,-0.06749543402372726
1.1950035095214844,0.014573249826671741,-0.8514035607875878,0.9092566114942073,0.0038351190331322726,-0.016106585994778655,-0.0667284436297848
1.1999938488006592,0.014573249826671741,-0.8513920557561256,0.9092374364417708,0.0038351190331322726,-0.016106585994778655,-0.06596145323584146
1.205005168914795,0.014573249826671741,-0.8513920557561256,0.9092374364417708,0.0038351190331322726,-0.016106585994778655,-0.06596145323584146
1.2098934650421143,0.014573249826671741,-0.8513575406617395,0.9092259314103082,0.004602109427075618,-0.016106585994778655,-0.06596145323584146
1.214972734451294,0.014573249826671741,-0.8513575406617395,0.9092259314103082,0.004602109427075618,-0.016106585994778655,-0.06596145323584146
1.2198617458343506,0.014573249826671741,-0.851338365609303,0.9092105913683595,0.004602109427075618,-0.016106585994778655,-0.06596145323584146
1.2248609066009521,0.014573249826671741,-0.851338365609303,0.9092105913683595,0.004602109427075618,-0.016106585994778655,-0.06596145323584146
1.2298698425292969,0.014573249826671741,-0.8512309853156577,0.9091837462949481,0.004602109427075618,-0.016106585994778655,-0.065194462841899
1.2350115776062012,0.014573249826671741,-0.8512309853156577,0.9091837462949481,0.004602109427075618,-0.016106585994778655,-0.065194462841899
1.2399213314056396,0.014573249826671741,-0.8510852549171393,0.9091684062529986,0.005369099821018075,-0.016106585994778655,-0.0636604820540132
1.2450103759765625,0.014573249826671741,-0.8509510295500826,0.9091338911586124,0.005369099821018075,-0.016106585994778655,-0.05982553008429914
1.2499089241027832,0.014573249826671741,-0.8509510295500826,0.9091338911586124,0.005369099821018075,-0.016106585994778655,-0.05982553008429914
1.2548894882202148,0.013806259432728396,-0.8508666593193617,0.9090878710327646,0.005369099821018075,-0.016106585994778655,-0.05905853969035624
1.2600033283233643,0.013806259432728396,-0.8508666593193617,0.9090878710327646,0.005369099821018075,-0.016106585994778655,-0.05905853969035624
1.264948844909668,0.013806259432728396,-0.850812969172539,0.9090456859174036,0.005369099821018075,-0.016106585994778655,-0.05905853969035624
1.2698869705200195,0.013806259432728396,-0.850812969172539,0.9090456859174036,0.005369099821018075,-0.016106585994778655,-0.05905853969035624
1.2748737335205078,0.013806259432728396,-0.8507477739942542,0.9090150058335054,0.006136090214960532,-0.016106585994778655,-0.05905853969035624
1.2798922061920166,0.013806259432728396,-0.8507477739942542,0.9090150058335054,0.006136090214960532,-0.016106585994778655,-0.05905853969035624
1.2848970890045166,0.013806259432728396,-0.8506480637215836,0.9089804907391192,0.006136090214960532,-0.016106585994778655,-0.05905853969035624
1.2899210453033447,0.013806259432728396,-0.850533013406964,0.9089574806761958,0.006136090214960532,-0.016106585994778655,-0.05905853969035624
1.2950563430786133,0.013806259432728396,-0.850533013406964,0.9089574806761958,0.006136090214960532,-0.016106585994778655,-0.05905853969035624
1.2998886108398438,0.013806259432728396,-0.8503796129874708,0.9089421406342462,0.006136090214960532,-0.016106585994778655,-0.05905853969035624
1.3049726486206055,0.013806259432728396,-0.8503796129874708,0.9089421406342462,0.006136090214960532,-0.016106585994778655,-0.05905853969035624
1.3098618984222412,0.014573249826671741,-0.8502645626728507,0.9089344706132714,0.006136090214960532,-0.016106585994778655,-0.05905853969035624
1.314896821975708,0.014573249826671741,-0.8502645626728507,0.9089344706132714,0.006136090214960532,-0.016106585994778655,-0.05905853969035624
1.31990385055542,0.014573249826671741,-0.8501418423372562,0.9089229655818096,0.006136090214960532,-0.016106585994778655,-0.05905853969035624
1.3250048160552979,0.014573249826671741,-0.8501418423372562,0.9089229655818096,0.006136090214960532,-0.016106585994778655,-0.05905853969035624
1.3299105167388916,0.014573249826671741,-0.8500536370960474,0.9089114605503479,0.006136090214960532,-0.016106585994778655,-0.05905853969035624
1.334932565689087,0.014573249826671741,-0.849930916760453,0.9088769454559618,0.006136090214960532,-0.016106585994778655,-0.05905853969035624
1.3398926258087158,0.014573249826671741,-0.849930916760453,0.9088769454559618,0.006136090214960532,-0.016106585994778655,-0.05905853969035624
1.344895839691162,0.014573249826671741,-0.8497736813304724,0.9088194202986513,0.006136090214960532,-0.016106585994778655,-0.05905853969035624
1.350017786026001,0.014573249826671741,-0.8497736813304724,0.9088194202986513,0.006136090214960532,-0.016106585994778655,-0.05905853969035624
1.3548903465270996,0.014573249826671741,-0.8495589207431817,0.9086928649525694,0.006136090214960532,-0.016106585994778655,-0.05905853969035624
1.359954595565796,0.014573249826671741,-0.8495589207431817,0.9086928649525694,0.006136090214960532,-0.016106585994778655,-0.05905853969035624
1.3650002479553223,0.014573249826671741,-0.8492022647678601,0.9085586395855128,0.006136090214960532,-0.016106585994778655,-0.05905853969035624
1.3699352741241455,0.014573249826671741,-0.8492022647678601,0.9085586395855128,0.006136090214960532,-0.016106585994778655,-0.05905853969035624
1.3749594688415527,0.014573249826671741,-0.8486960433835327,0.9083975691450448,0.006136090214960532,-0.016106585994778655,-0.05905853969035624
1.3799293041229248,0.014573249826671741,-0.8484621077438055,0.9083016938828621,0.006136090214960532,-0.016106585994778655,-0.05905853969035624
1.3849983215332031,0.014573249826671741,-0.8484621077438055,0.9083016938828621,0.006136090214960532,-0.016106585994778655,-0.05905853969035624
1.389892578125,0.014573249826671741,-0.8473077695871192,0.9082249936731159,0.006136090214960532,-0.016106585994778655,-0.05905853969035624
1.3949131965637207,0.014573249826671741,-0.8473077695871192,0.9082249936731159,0.006136090214960532,-0.016106585994778655,-0.05905853969035624
1.3999991416931152,0.014573249826671741,-0.8464525622484445,0.908186643568242,0.006136090214960532,-0.016106585994778655,-0.05905853969035624
1.4049129486083984,0.014573249826671741,-0.8464525622484445,0.908186643568242,0.006136090214960532,-0.016106585994778655,-0.05905853969035624
1.4098880290985107,0.014573249826671741,-0.8456203649726941,0.908144458452881,0.006136090214960532,-0.016106585994778655,-0.05905853969035624
1.4148859977722168,0.014573249826671741,-0.8456203649726941,0.908144458452881,0.006136090214960532,-0.016106585994778655,-0.05905853969035624
1.4199042320251465,0.014573249826671741,-0.8446386022879375,0.9080984383270332,0.006136090214960532,-0.016106585994778655,-0.05905853969035624
1.424943447113037,0.014573249826671741,-0.8436645096241553,0.9079910580333888,0.006136090214960532,-0.016106585994778655,-0.05905853969035624
1.4299101829528809,0.014573249826671741,-0.8436645096241553,0.9079910580333888,0.006136090214960532,-0.016106585994778655,-0.05905853969035624
1.4348797798156738,0.014573249826671741,-0.8427210970442722,0.9078568326663312,0.006136090214960532,-0.016106585994778655,-0.05905853969035624
1.4400098323822021,0.014573249826671741,-0.8427210970442722,0.9078568326663312,0.006136090214960532,-0.016106585994778655,-0.05905853969035624
1.444988489151001,0.014573249826671741,-0.8413788433737066,0.9077226072992755,0.006136090214960532,-0.016106585994778655,-0.05905853969035624
1.4499232769012451,0.014573249826671741,-0.8413788433737066,0.9077226072992755,0.006136090214960532,-0.016106585994778655,-0.05905853969035624
1.4549236297607422,0.014573249826671741,-0.8405466460979558,0.9074043014288264,0.006136090214960532,-0.016106585994778655,-0.05905853969035624
1.4599025249481201,0.014573249826671741,-0.8405466460979558,0.9074043014288264,0.006136090214960532,-0.016106585994778655,-0.05905853969035624
1.4649436473846436,0.014573249826671741,-0.8388860865569421,0.9071588607576375,0.006136090214960532,-0.016106585994778655,-0.05905853969035624
1.4699842929840088,0.014573249826671741,-0.8376703882324583,0.9070476454535052,0.006136090214960532,-0.016106585994778655,-0.05905853969035624
1.4749011993408203,0.014573249826671741,-0.8376703882324583,0.9070476454535052,0.006136090214960532,-0.016106585994778655,-0.05905853969035624
1.4799175262451172,0.014573249826671741,-0.8360673538487542,0.9069709452437582,0.006136090214960532,-0.016106585994778655,-0.05905853969035624
1.484940528869629,0.014573249826671741,-0.8360673538487542,0.9069709452437582,0.006136090214960532,-0.016106585994778655,-0.05905853969035624
1.4899413585662842,0.014573249826671741,-0.8346407299474676,0.9068673999606007,0.006136090214960532,-0.016106585994778655,-0.05905853969035624
1.4949727058410645,0.014573249826671741,-0.8346407299474676,0.9068673999606007,0.006136090214960532,-0.016106585994778655,-0.05905853969035624
1.4998934268951416,0.014573249826671741,-0.8331412408469214,0.9066871544676962,0.006136090214960532,-0.016106585994778655,-0.05905853969035624
1.5049092769622803,0.014573249826671741,-0.8331412408469214,0.9066871544676962,0.006136090214960532,-0.016106585994778655,-0.05905853969035624
1.509897232055664,0.014573249826671741,-0.831127860341073,0.9063650135867602,0.006136090214960532,-0.016106585994778655,-0.05905853969035624
1.5148539543151855,0.014573249826671741,-0.8294673008000588,0.9056670416780666,0.006136090214960532,-0.016106585994778655,-0.05905853969035624
1.5199475288391113,0.014573249826671741,-0.8294673008000588,0.9056670416780666,0.006136090214960532,-0.016106585994778655,-0.05905853969035624
1.524892807006836,0.014573249826671741,-0.8273158599166668,0.9048540194547519,0.006136090214960532,-0.016106585994778655,-0.05905853969035624
1.5299274921417236,0.014573249826671741,-0.8273158599166668,0.9048540194547519,0.006136090214960532,-0.016106585994778655,-0.05905853969035624
1.5348930358886719,0.014573249826671741,-0.8252104391591226,0.9036690012141673,0.006136090214960532,-0.016106585994778655,-0.05905853969035624
1.540008306503296,0.014573249826671741,-0.8252104391591226,0.9036690012141673,0.006136090214960532,-0.016106585994778655,-0.05905853969035624
1.5450122356414795,0.014573249826671741,-0.8234540043559253,0.9027792787811064,0.006136090214960532,-0.016106585994778655,-0.05905853969035624
1.549915075302124,0.014573249826671741,-0.8234540043559253,0.9027792787811064,0.006136090214960532,-0.016106585994778655,-0.05905853969035624
1.5548841953277588,0.014573249826671741,-0.8212680483781472,0.9016901358027045,0.006136090214960532,-0.016106585994778655,-0.05905853969035624
1.5598599910736084,0.014573249826671741,-0.8193505431344823,0.9008924536213403,0.006136090214960532,-0.016106585994778655,-0.05905853969035624
1.5648982524871826,0.014573249826671741,-0.8193505431344823,0.9008924536213403,0.006136090214960532,-0.016106585994778655,-0.05905853969035624
1.5698986053466797,0.014573249826671741,-0.8172451223769377,0.898898248167928,0.006136090214960532,-0.016106585994778655,-0.05905853969035624
1.5749974250793457,0.014573249826671741,-0.8172451223769377,0.898898248167928,0.006136090214960532,-0.016106585994778655,-0.05905853969035624
1.5799336433410645,0.014573249826671741,-0.8144417297106994,0.8975061393610275,0.006136090214960532,-0.01533959560083531,-0.05905853969035624
1.5850720405578613,0.014573249826671741,-0.8144417297106994,0.8975061393610275,0.006136090214960532,-0.01533959560083531,-0.05905853969035624
1.5900967121124268,0.014573249826671741,-0.8115117816983792,0.8955311089600526,0.006136090214960532,-0.01533959560083531,-0.05982553008429914
1.5950016975402832,0.014573249826671741,-0.8115117816983792,0.8955311089600526,0.006136090214960532,-0.01533959560083531,-0.05982553008429914
1.5999937057495117,0.014573249826671741,-0.80906888001795,0.8937171489995457,0.006136090214960532,-0.01533959560083531,-0.05982553008429914
1.6049647331237793,0.014573249826671741,-0.8059471814812631,0.8913279374659382,0.006136090214960532,-0.01533959560083531,-0.05982553008429914
1.6099977493286133,0.014573249826671741,-0.8059471814812631,0.8913279374659382,0.006136090214960532,-0.01533959560083531,-0.05982553008429914
1.6148931980133057,0.014573249826671741,-0.8059471814812631,0.8892953819076537,0.006136090214960532,-0.01533959560083531,-0.05982553008429914
1.6200051307678223,0.014573249826671741,-0.8059471814812631,0.8892953819076537,0.006136090214960532,-0.01533959560083531,-0.05982553008429914
1.624894380569458,0.014573249826671741,-0.8015522594627829,0.8866492246713955,0.006136090214960532,-0.01533959560083531,-0.05982553008429914
1.6300058364868164,0.014573249826671741,-0.8015522594627829,0.8866492246713955,0.006136090214960532,-0.01533959560083531,-0.05982553008429914
1.6348986625671387,0.014573249826671741,-0.7977364240278892,0.8843788984628969,0.006136090214960532,-0.01533959560083531,-0.05982553008429914
1.640007734298706,0.014573249826671741,-0.7977364240278892,0.8843788984628969,0.006136090214960532,-0.01533959560083531,-0.05982553008429914
1.6449580192565918,0.014573249826671741,-0.7945763753863293,0.8813837552722914,0.006136090214960532,-0.01533959560083531,-0.05982553008429914
1.649822473526001,0.014573249826671741,-0.7926358600797401,0.8789101735079639,0.006136090214960532,-0.01533959560083531,-0.05982553008429914
1.6548726558685303,0.014573249826671741,-0.7926358600797401,0.8789101735079639,0.006136090214960532,-0.01533959560083531,-0.05982553008429914
1.6598618030548096,0.014573249826671741,-0.7888085196133847,0.8755200242371632,0.006136090214960532,-0.01533959560083531,-0.05982553008429914
1.6649422645568848,0.014573249826671741,-0.7888085196133847,0.8755200242371632,0.006136090214960532,-0.01533959560083531,-0.05982553008429914
1.6698925495147705,0.014573249826671741,-0.7862965877441832,0.8727588166862859,0.006136090214960532,-0.01533959560083531,-0.05982553008429914
1.6749022006988525,0.014573249826671741,-0.7862965877441832,0.8727588166862859,0.006136090214960532,-0.01533959560083531,-0.05982553008429914
1.679926872253418,0.014573249826671741,-0.7833282896269895,0.8706495609182543,0.006136090214960532,-0.01533959560083531,-0.05982553008429914
1.6848959922790527,0.014573249826671741,-0.7833282896269895,0.8706495609182543,0.006136090214960532,-0.01533959560083531,-0.05982553008429914
1.6899502277374268,0.014573249826671741,-0.7809812632087434,0.8663390091304954,0.006136090214960532,-0.01533959560083531,-0.05982553008429914
1.6948955059051514,0.014573249826671741,-0.7809812632087434,0.8663390091304954,0.006136090214960532,-0.01533959560083531,-0.05982553008429914
1.7000007629394531,0.014573249826671741,-0.7787722971680413,0.8626497290416832,0.006136090214960532,-0.01533959560083531,-0.05982553008429914
1.704866886138916,0.014573249826671741,-0.7760187596381383,0.8595318655154838,0.006136090214960532,-0.01533959560083531,-0.05982553008429914
1.7099990844726562,0.014573249826671741,-0.7760187596381383,0.8595318655154838,0.006136090214960532,-0.01533959560083531,-0.05982553008429914
1.714890480041504,0.014573249826671741,-0.7733457573284692,0.8563641468529495,0.006136090214960532,-0.01533959560083531,-0.05982553008429914
1.7199876308441162,0.014573249826671741,-0.7733457573284692,0.8563641468529495,0.006136090214960532,-0.01533959560083531,-0.05982553008429914
1.7250158786773682,0.014573249826671741,-0.7717312179133033,0.8523373858412526,0.006136090214960532,-0.01533959560083531,-0.05982553008429914
1.729926586151123,0.014573249826671741,-0.7717312179133033,0.8523373858412526,0.006136090214960532,-0.01533959560083531,-0.05982553008429914
1.735029697418213,0.014573249826671741,-0.7684139338417628,0.8481112042842147,0.006136090214960532,-0.01533959560083531,-0.05982553008429914
1.739891767501831,0.014573249826671741,-0.7684139338417628,0.8481112042842147,0.006136090214960532,-0.01533959560083531,-0.05982553008429914
1.7449357509613037,0.014573249826671741,-0.766235647884959,0.8447018799609785,0.006136090214960532,-0.01533959560083531,-0.05982553008429914
1.749889850616455,0.014573249826671741,-0.7640305168547443,0.840460358361991,0.006136090214960532,-0.01533959560083531,-0.05982553008429914
1.7549526691436768,0.014573249826671741,-0.7640305168547443,0.840460358361991,0.006136090214960532,-0.01533959560083531,-0.05982553008429914
1.7598950862884521,0.014573249826671741,-0.7612386292199678,0.8369129736612106,0.006136090214960532,-0.01533959560083531,-0.05982553008429914
1.764894962310791,0.014573249826671741,-0.7612386292199678,0.8369129736612106,0.006136090214960532,-0.01533959560083531,-0.05982553008429914
1.7699263095855713,0.014573249826671741,-0.7583508663230081,0.8323914962966485,0.006136090214960532,-0.01533959560083531,-0.05982553008429914
1.7750000953674316,0.014573249826671741,-0.7583508663230081,0.8323914962966485,0.006136090214960532,-0.01533959560083531,-0.05982553008429914
1.7800047397613525,0.014573249826671741,-0.7558696145377057,0.8286907111763746,0.006136090214960532,-0.01533959560083531,-0.05982553008429914
1.7849843502044678,0.014573249826671741,-0.7558696145377057,0.8286907111763746,0.006136090214960532,-0.01533959560083531,-0.05982553008429914
1.789931297302246,0.014573249826671741,-0.7527824310954045,0.8249975960770759,0.006136090214960532,-0.01533959560083531,-0.05982553008429914
1.794889211654663,0.014573249826671741,-0.7501631189325582,0.8201846579154766,0.006136090214960532,-0.01533959560083531,-0.05982553008429914
1.7999956607818604,0.014573249826671741,-0.7501631189325582,0.8201846579154766,0.006136090214960532,-0.01533959560083531,-0.05982553008429914
1.8048954010009766,0.014573249826671741,-0.7469148650497894,0.8153678847433898,0.006136090214960532,-0.01533959560083531,-0.05982553008429914
1.8099734783172607,0.014573249826671741,-0.7469148650497894,0.8153678847433898,0.006136090214960532,-0.01533959560083531,-0.05982553008429914
1.8148891925811768,0.014573249826671741,-0.7442533677715826,0.811479184109237,0.006136090214960532,-0.01533959560083531,-0.05982553008429914
1.819889783859253,0.014573249826671741,-0.7442533677715826,0.811479184109237,0.006136090214960532,-0.01533959560083531,-0.05982553008429914
1.8249199390411377,0.014573249826671741,-0.740859383490295,0.8065818757169163,0.006136090214960532,-0.01533959560083531,-0.05982553008429914
1.8298628330230713,0.014573249826671741,-0.740859383490295,0.8065818757169163,0.006136090214960532,-0.01533959560083531,-0.05982553008429914
1.8349995613098145,0.014573249826671741,-0.7380406507821076,0.802631814914966,0.006136090214960532,-0.01533959560083531,-0.05982553008429914
1.839890718460083,0.014573249826671741,-0.7344280709030424,0.7976079511765635,0.006136090214960532,-0.01533959560083531,-0.05982553008429914
1.8450078964233398,0.014573249826671741,-0.7344280709030424,0.7976079511765635,0.006136090214960532,-0.01533959560083531,-0.05982553008429914
1.8499972820281982,0.014573249826671741,-0.7315633180690071,0.7945552828286488,0.006136090214960532,-0.01533959560083531,-0.05982553008429914
1.8549847602844238,0.014573249826671741,-0.7315633180690071,0.7945552828286488,0.006136090214960532,-0.01533959560083531,-0.05982553008429914
1.8600471019744873,0.014573249826671741,-0.7278817080011697,0.7894048637441644,0.006136090214960532,-0.01533959560083531,-0.05982553008429914
1.8650104999542236,0.014573249826671741,-0.7278817080011697,0.7894048637441644,0.006136090214960532,-0.01533959560083531,-0.05982553008429914
1.869943380355835,0.014573249826671741,-0.7263975589425731,0.784392505037224,0.006136090214960532,-0.01533959560083531,-0.05982553008429914
1.875197410583496,0.014573249826671741,-0.7213085000258861,0.7792842710681,0.006136090214960532,-0.01533959560083531,-0.05982553008429914
1.879920244216919,0.014573249826671741,-0.7213085000258861,0.7792842710681,0.006136090214960532,-0.01533959560083531,-0.05982553008429914
1.884901762008667,0.014573249826671741,-0.7191877392263923,0.7753572203290737,0.006136090214960532,-0.01533959560083531,-0.05982553008429914
1.8898959159851074,0.014573249826671741,-0.7191877392263923,0.7753572203290737,0.006136090214960532,-0.01533959560083531,-0.05982553008429914
1.8950610160827637,0.014573249826671741,-0.7152223383824929,0.771364974411763,0.006136090214960532,-0.01533959560083531,-0.05982553008429914
1.8999309539794922,0.014573249826671741,-0.7152223383824929,0.771364974411763,0.006136090214960532,-0.01533959560083531,-0.05982553008429914
1.9048616886138916,0.014573249826671741,-0.7132204629081067,0.7663832957887213,0.006136090214960532,-0.01533959560083531,-0.05982553008429914
1.9099225997924805,0.014573249826671741,-0.7132204629081067,0.7663832957887213,0.006136090214960532,-0.01533959560083531,-0.05982553008429914
1.9149057865142822,0.014573249826671741,-0.7093240922529791,0.7633843175876289,0.006136090214960532,-0.01533959560083531,-0.05982553008429914
1.919956922531128,0.014573249826671741,-0.7065820597545382,0.7573748561539828,0.006136090214960532,-0.01533959560083531,-0.05982553008429914
1.9249446392059326,0.014573249826671741,-0.7065820597545382,0.7573748561539828,0.006136090214960532,-0.01533959560083531,-0.05982553008429914
1.9298901557922363,0.014573249826671741,-0.7031957454942255,0.7533826102366721,0.006136090214960532,-0.01533959560083531,-0.05982553008429914
1.934922218322754,0.014573249826671741,-0.7031957454942255,0.7533826102366721,0.006136090214960532,-0.01533959560083531,-0.05982553008429914
1.939934253692627,0.014573249826671741,-0.7010021194954725,0.7485313219701992,0.006136090214960532,-0.01533959560083531,-0.05982553008429914
1.944892168045044,0.014573249826671741,-0.7010021194954725,0.7485313219701992,0.006136090214960532,-0.01533959560083531,-0.05982553008429914
1.9498863220214844,0.014573249826671741,-0.6965956924455301,0.7436646936617772,0.006136090214960532,-0.01533959560083531,-0.05982553008429914
1.9548964500427246,0.014573249826671741,-0.6965956924455301,0.7436646936617772,0.006136090214960532,-0.01533959560083531,-0.05982553008429914
1.9599804878234863,0.014573249826671741,-0.6935353540766407,0.7398795383107823,0.006136090214960532,-0.01533959560083531,-0.05982553008429914
1.9650847911834717,0.014573249826671741,-0.68960063331664,0.7361442380961227,0.006136090214960532,-0.01533959560083531,-0.05982553008429914
1.9699032306671143,0.014573249826671741,-0.68960063331664,0.7361442380961227,0.006136090214960532,-0.01533959560083531,-0.05982553008429914
1.974914312362671,0.014573249826671741,-0.6862795142346121,0.7314271751967065,0.006136090214960532,-0.01533959560083531,-0.05982553008429914
1.9799084663391113,0.014573249826671741,-0.6862795142346121,0.7314271751967065,0.006136090214960532,-0.01533959560083531,-0.05982553008429914
1.9848964214324951,0.014573249826671741,-0.6820955177929351,0.7266449171190059,0.006136090214960532,-0.01533959560083531,-0.05982553008429914
1.9899189472198486,0.014573249826671741,-0.6820955177929351,0.7266449171190059,0.006136090214960532,-0.01533959560083531,-0.05982553008429914
1.9948914051055908,0.014573249826671741,-0.6795298957769109,0.7228559267575236,0.006136090214960532,-0.01533959560083531,-0.05982553008429914
1.999967336654663,0.014573249826671741,-0.6795298957769109,0.7228559267575236,0.006136090214960532,-0.01533959560083531,-0.05982553008429914
2.004906177520752,0.014573249826671741,-0.6752538590835377,0.7180084735015386,0.006136090214960532,-0.01533959560083531,-0.05982553008429914
2.01002836227417,0.014573249826671741,-0.6708589370650575,0.7140200625947148,0.006136090214960532,-0.01533959560083531,-0.05982553008429914
2.014957904815674,0.014573249826671741,-0.6708589370650575,0.7140200625947148,0.006136090214960532,-0.01533959560083531,-0.05982553008429914
2.019902467727661,0.014573249826671741,-0.6666864456548423,0.7120642072461765,0.006136090214960532,-0.01533959560083531,-0.05982553008429914
2.02490496635437,0.014573249826671741,-0.6666864456548423,0.7120642072461765,0.006136090214960532,-0.01533959560083531,-0.05982553008429914
2.0299041271209717,0.014573249826671741,-0.6633691615833017,0.7061046009488656,0.006136090214960532,-0.01533959560083531,-0.05982553008429914
2.0349345207214355,0.014573249826671741,-0.6633691615833017,0.7061046009488656,0.006136090214960532,-0.01533959560083531,-0.05982553008429914
2.039978504180908,0.014573249826671741,-0.659238855288447,0.7000797994732699,0.006136090214960532,-0.01533959560083531,-0.05982553008429914
2.0449328422546387,0.014573249826671741,-0.659238855288447,0.7000797994732699,0.006136090214960532,-0.01533959560083531,-0.05982553008429914
2.04988694190979,0.014573249826671741,-0.655998271426653,0.695995513304263,0.006136090214960532,-0.01533959560083531,-0.05982553008429914
2.055093765258789,0.014573249826671741,-0.6521287458449367,0.6918230218940478,0.006136090214960532,-0.01533959560083531,-0.05982553008429914
2.05993390083313,0.014573249826671741,-0.6521287458449367,0.6918230218940478,0.006136090214960532,-0.01533959560083531,-0.05982553008429914
2.0649423599243164,0.014573249826671741,-0.6490338923816612,0.6877885908613766,0.006136090214960532,-0.01533959560083531,-0.05982553008429914
2.0699081420898438,0.014573249826671741,-0.6490338923816612,0.6877885908613766,0.006136090214960532,-0.01533959560083531,-0.05982553008429914
2.0749011039733887,0.014573249826671741,-0.6450761615587366,0.6816487390711607,0.006136090214960532,-0.01533959560083531,-0.05982553008429914
2.0799646377563477,0.014573249826671741,-0.6450761615587366,0.6816487390711607,0.006136090214960532,-0.01533959560083531,-0.05982553008429914
2.0849239826202393,0.014573249826671741,-0.6442899844088341,0.6776641631748248,0.006136090214960532,-0.01533959560083531,-0.05982553008429914
2.0898725986480713,0.014573249826671741,-0.6442899844088341,0.6776641631748248,0.006136090214960532,-0.01533959560083531,-0.05982553008429914
2.0948667526245117,0.014573249826671741,-0.6379200319893785,0.6726019493315492,0.006136090214960532,-0.01533959560083531,-0.05982553008429914
2.0998241901397705,0.014573249826671741,-0.634602747917838,0.6685905283618014,0.006136090214960532,-0.01533959560083531,-0.05982553008429914
2.1049702167510986,0.014573249826671741,-0.634602747917838,0.6685905283618014,0.006136090214960532,-0.01533959560083531,-0.05982553008429914
2.1098921298980713,0.014573249826671741,-0.6303727313503127,0.6646366325493642,0.006136090214960532,-0.01533959560083531,-0.05982553008429914
2.1148900985717773,0.014573249826671741,-0.6303727313503127,0.6646366325493642,0.006136090214960532,-0.01533959560083531,-0.05982553008429914
2.119910478591919,0.014573249826671741,-0.6267563164607601,0.6595782537165755,0.006136090214960532,-0.01533959560083531,-0.05982553008429914
2.124892473220825,0.014573249826671741,-0.6267563164607601,0.6595782537165755,0.006136090214960532,-0.01533959560083531,-0.05982553008429914
2.1299002170562744,0.014573249826671741,-0.623139901571208,0.6546656052823057,0.006136090214960532,-0.01533959560083531,-0.05982553008429914
2.1349472999572754,0.014573249826671741,-0.623139901571208,0.6546656052823057,0.006136090214960532,-0.01533959560083531,-0.05982553008429914
2.139892816543579,0.014573249826671741,-0.618656774311519,0.6516589570602389,0.006136090214960532,-0.01533959560083531,-0.05982553008429914
2.14506196975708,0.014573249826671741,-0.6141583070098804,0.6467616486679182,0.006136090214960532,-0.01533959560083531,-0.05982553008429914
2.149893045425415,0.014573249826671741,-0.6141583070098804,0.6467616486679182,0.006136090214960532,-0.01533959560083531,-0.05982553008429914
2.1549603939056396,0.014573249826671741,-0.6105495621413031,0.6418873503385218,0.006136090214960532,-0.01533959560083531,-0.05982553008429914
2.1599669456481934,0.014573249826671741,-0.6105495621413031,0.6418873503385218,0.006136090214960532,-0.01533959560083531,-0.05982553008429914
2.164854049682617,0.014573249826671741,-0.6061968252381833,0.637036062072049,0.006136090214960532,-0.01533959560083531,-0.05982553008429914
2.1699399948120117,0.014573249826671741,-0.6061968252381833,0.637036062072049,0.006136090214960532,-0.01533959560083531,-0.05982553008429914
2.1748874187469482,0.014573249826671741,-0.6027414807890987,0.633074496238637,0.006136090214960532,-0.01533959560083531,-0.05982553008429914
2.179901361465454,0.014573249826671741,-0.6027414807890987,0.633074496238637,0.006136090214960532,-0.01533959560083531,-0.05982553008429914
2.1849825382232666,0.014573249826671741,-0.5986495245991175,0.629254825793256,0.006136090214960532,-0.01533959560083531,-0.05982553008429914
2.190092086791992,0.014573249826671741,-0.5953782606534248,0.6242923222226509,0.006136090214960532,-0.01533959560083531,-0.05982553008429914
2.1949737071990967,0.014573249826671741,-0.5953782606534248,0.6242923222226509,0.006136090214960532,-0.01533959560083531,-0.05982553008429914
2.1998887062072754,0.014573249826671741,-0.5914473749039111,0.6193221486310709,0.006136090214960532,-0.01533959560083531,-0.05982553008429914
2.2049310207366943,0.014573249826671741,-0.5914473749039111,0.6193221486310709,0.006136090214960532,-0.01533959560083531,-0.05982553008429914
2.210036516189575,0.014573249826671741,-0.589177048695412,0.6154181079549685,0.006136090214960532,-0.01533959560083531,-0.05982553008429914
2.215010166168213,0.014573249826671741,-0.589177048695412,0.6154181079549685,0.006136090214960532,-0.01533959560083531,-0.05982553008429914
2.2200098037719727,0.014573249826671741,-0.5849086820230136,0.6114565421215565,0.006136090214960532,-0.01533959560083531,-0.05982553008429914
2.2250144481658936,0.014573249826671741,-0.5849086820230136,0.6114565421215565,0.006136090214960532,-0.01533959560083531,-0.05982553008429914
2.230027198791504,0.014573249826671741,-0.5820285891470283,0.6063904932677935,0.006136090214960532,-0.01533959560083531,-0.05982553008429914
2.234980821609497,0.014573249826671741,-0.5785579046559945,0.6023177121302488,0.006136090214960532,-0.01533959560083531,-0.05982553008429914
2.2400007247924805,0.014573249826671741,-0.5785579046559945,0.6023177121302488,0.006136090214960532,-0.01533959560083531,-0.05982553008429914
2.244896173477173,0.014573249826671741,-0.5756586367275731,0.597140447972353,0.006136090214960532,-0.01533959560083531,-0.05982553008429914
2.250032901763916,0.014573249826671741,-0.5756586367275731,0.597140447972353,0.006136090214960532,-0.01533959560083531,-0.05982553008429914
2.254995822906494,0.014573249826671741,-0.5720153767646092,0.5918864836047106,0.006136090214960532,-0.01533959560083531,-0.05982553008429914
2.259915351867676,0.014573249826671741,-0.5720153767646092,0.5918864836047106,0.006136090214960532,-0.01533959560083531,-0.05982553008429914
2.264909029006958,0.014573249826671741,-0.5691506239305735,0.5877331672469319,0.006136090214960532,-0.01533959560083531,-0.05982553008429914
2.269944190979004,0.014573249826671741,-0.5691506239305735,0.5877331672469319,0.006136090214960532,-0.01533959560083531,-0.05982553008429914
2.2749226093292236,0.014573249826671741,-0.566170820781918,0.5825060479527009,0.006136090214960532,-0.01533959560083531,-0.05982553008429914
2.2798917293548584,0.014573249826671741,-0.5631871826227752,0.578360401615897,0.006136090214960532,-0.01533959560083531,-0.05982553008429914
2.284893035888672,0.014573249826671741,-0.5631871826227752,0.578360401615897,0.006136090214960532,-0.01533959560083531,-0.05982553008429914
2.2898895740509033,0.014573249826671741,-0.5587500754889341,0.5730642521328941,0.006136090214960532,-0.01533959560083531,-0.05982553008429914
2.2948615550994873,0.014573249826671741,-0.5587500754889341,0.5730642521328941,0.006136090214960532,-0.01533959560083531,-0.05982553008429914
2.2999112606048584,0.014573249826671741,-0.5565717895321307,0.5689492858799889,0.006136090214960532,-0.01533959560083531,-0.05982553008429914
2.304903030395508,0.014573249826671741,-0.5565717895321307,0.5689492858799889,0.006136090214960532,-0.01533959560083531,-0.05982553008429914
2.3098604679107666,0.014573249826671741,-0.552798139212598,0.5636914865018592,0.006136090214960532,-0.01533959560083531,-0.05982553008429914
2.3149192333221436,0.014573249826671741,-0.552798139212598,0.5636914865018592,0.006136090214960532,-0.01533959560083531,-0.05982553008429914
2.3199052810668945,0.014573249826671741,-0.5505891731718955,0.5594921500182326,0.006136090214960532,-0.016106585994778655,-0.05982553008429914
2.3249239921569824,0.014573249826671741,-0.5452009834371969,0.5562362261144895,0.005369099821018075,-0.016106585994778655,-0.05982553008429914
2.329957962036133,0.014573249826671741,-0.5452009834371969,0.5562362261144895,0.005369099821018075,-0.016106585994778655,-0.05982553008429914
2.334865093231201,0.014573249826671741,-0.5429805123650326,0.549927633862831,0.005369099821018075,-0.016106585994778655,-0.05982553008429914
2.3399181365966797,0.014573249826671741,-0.5429805123650326,0.549927633862831,0.005369099821018075,-0.016106585994778655,-0.05982553008429914
2.3448596000671387,0.014573249826671741,-0.5392873972657335,0.5446276493693407,0.006136090214960532,-0.016106585994778655,-0.05982553008429914
2.3499088287353516,0.014573249826671741,-0.5392873972657335,0.5446276493693407,0.006136090214960532,-0.016106585994778655,-0.05982553008429914
2.3549020290374756,0.014573249826671741,-0.5358205477851872,0.5414215806019329,0.005369099821018075,-0.016106585994778655,-0.05982553008429914
2.3600001335144043,0.014573249826671741,-0.5358205477851872,0.5414215806019329,0.005369099821018075,-0.016106585994778655,-0.05982553008429914
2.364901065826416,0.014573249826671741,-0.5324419035458492,0.5349250728363955,0.006136090214960532,-0.016106585994778655,-0.05982553008429914
2.369863271713257,0.014573249826671741,-0.5324419035458492,0.5349250728363955,0.006136090214960532,-0.016106585994778655,-0.05982553008429914
2.3750059604644775,0.014573249826671741,-0.5297765712571545,0.5317573541738607,0.005369099821018075,-0.016106585994778655,-0.05982553008429914
2.3798906803131104,0.014573249826671741,-0.5297765712571545,0.5254104118173295,0.006136090214960532,-0.016106585994778655,-0.05982553008429914
2.384934902191162,0.014573249826671741,-0.5297765712571545,0.5254104118173295,0.006136090214960532,-0.016106585994778655,-0.05982553008429914
2.389961004257202,0.014573249826671741,-0.5246376572041322,0.5210845199876211,0.006136090214960532,-0.016106585994778655,-0.05982553008429914
2.394942045211792,0.014573249826671741,-0.5246376572041322,0.5210845199876211,0.006136090214960532,-0.016106585994778655,-0.05982553008429914
2.399890422821045,0.014573249826671741,-0.5218917896952036,0.5157960405255926,0.005369099821018075,-0.016106585994778655,-0.05982553008429914
2.404963970184326,0.014573249826671741,-0.5218917896952036,0.5157960405255926,0.005369099821018075,-0.016106585994778655,-0.05982553008429914
2.4098942279815674,0.014573249826671741,-0.519721173759375,0.5115468489056307,0.005369099821018075,-0.016106585994778655,-0.05982553008429914
2.414945125579834,0.014573249826671741,-0.5175850729179321,0.5063849247896846,0.006136090214960532,-0.016106585994778655,-0.05982553008429914
2.419935464859009,0.014573249826671741,-0.5175850729179321,0.5063849247896846,0.006136090214960532,-0.016106585994778655,-0.05982553008429914
2.424879789352417,0.014573249826671741,-0.5148315353880291,0.5021587432326466,0.005369099821018075,-0.016106585994778655,-0.05982553008429914
2.4299166202545166,0.014573249826671741,-0.5148315353880291,0.5021587432326466,0.005369099821018075,-0.016106585994778655,-0.05982553008429914
2.4348599910736084,0.014573249826671741,-0.5120434827637399,0.4970735193264466,0.006136090214960532,-0.016106585994778655,-0.05982553008429914
2.4398624897003174,0.014573249826671741,-0.5120434827637399,0.4970735193264466,0.006136090214960532,-0.016106585994778655,-0.05982553008429914
2.444901704788208,0.014573249826671741,-0.509765486534266,0.4940400260309685,0.005369099821018075,-0.016106585994778655,-0.05982553008429914
2.4498655796051025,0.014573249826671741,-0.509765486534266,0.4940400260309685,0.005369099821018075,-0.016106585994778655,-0.05982553008429914
2.4549026489257812,0.014573249826671741,-0.5068086934485345,0.48812260484901815,0.006136090214960532,-0.016106585994778655,-0.05982553008429914
2.459895133972168,0.014573249826671741,-0.5068086934485345,0.48812260484901815,0.006136090214960532,-0.016106585994778655,-0.05982553008429914
2.464893102645874,0.014573249826671741,-0.5043351116842061,0.48423390421486534,0.005369099821018075,-0.016106585994778655,-0.05982553008429914
2.469874620437622,0.014573249826671741,-0.5011635580111844,0.4793787809379051,0.005369099821018075,-0.016106585994778655,-0.05982553008429914
2.4749197959899902,0.014573249826671741,-0.5011635580111844,0.4793787809379051,0.005369099821018075,-0.016106585994778655,-0.05982553008429914
2.479945659637451,0.014573249826671741,-0.498544245848338,0.47546707024082835,0.005369099821018075,-0.016106585994778655,-0.05982553008429914
2.4849743843078613,0.014573249826671741,-0.498544245848338,0.47546707024082835,0.005369099821018075,-0.016106585994778655,-0.05982553008429914
2.4900059700012207,0.014573249826671741,-0.4952423018187462,0.47049306163876103,0.006136090214960532,-0.016106585994778655,-0.05982553008429914
2.494978666305542,0.014573249826671741,-0.4952423018187462,0.47049306163876103,0.006136090214960532,-0.016106585994778655,-0.05982553008429914
2.499894618988037,0.014573249826671741,-0.49261148462443805,0.4684758461224252,0.006136090214960532,-0.016106585994778655,-0.05982553008429914
2.504850387573242,0.014573249826671741,-0.49261148462443805,0.4684758461224252,0.006136090214960532,-0.016106585994778655,-0.05982553008429914
2.5099194049835205,0.014573249826671741,-0.4894054158570298,0.4614961270354847,0.006136090214960532,-0.016106585994778655,-0.05982553008429914
2.5148894786834717,0.014573249826671741,-0.4868551338829552,0.4573658207406299,0.006136090214960532,-0.016106585994778655,-0.05982553008429914
2.5198895931243896,0.014573249826671741,-0.4868551338829552,0.4573658207406299,0.006136090214960532,-0.016106585994778655,-0.05982553008429914
2.525021553039551,0.014573249826671741,-0.48399805106989424,0.45251836748464447,0.006136090214960532,-0.016873576388722,-0.05982553008429914
2.529913902282715,0.014573249826671741,-0.48399805106989424,0.45251836748464447,0.006136090214960532,-0.016873576388722,-0.05982553008429914
2.5349535942077637,0.014573249826671741,-0.4817238898509073,0.44853379158830853,0.005369099821018075,-0.016873576388722,-0.05982553008429914
2.539884090423584,0.014573249826671741,-0.4817238898509073,0.44853379158830853,0.005369099821018075,-0.016873576388722,-0.05982553008429914
2.544883966445923,0.014573249826671741,-0.4795801189884896,0.4435636179967286,0.006136090214960532,-0.017640566782664457,-0.05982553008429914
2.5499699115753174,0.014573249826671741,-0.47696080682564324,0.440411239376143,0.006136090214960532,-0.017640566782664457,-0.05982553008429914
2.5548689365386963,0.014573249826671741,-0.47696080682564324,0.440411239376143,0.006136090214960532,-0.017640566782664457,-0.05982553008429914
2.5598931312561035,0.014573249826671741,-0.47435683470474643,0.4342023573971554,0.006136090214960532,-0.018407557176606915,-0.05982553008429914
2.564938545227051,0.014573249826671741,-0.47435683470474643,0.4342023573971554,0.006136090214960532,-0.018407557176606915,-0.05982553008429914
2.5698647499084473,0.014573249826671741,-0.4723319491674358,0.4300912261547376,0.005369099821018075,-0.018407557176606915,-0.05982553008429914
2.5748913288116455,0.014573249826671741,-0.4723319491674358,0.4300912261547376,0.005369099821018075,-0.018407557176606915,-0.05982553008429914
2.579892873764038,0.014573249826671741,-0.46990438752895614,0.4250021672380506,0.005369099821018075,-0.01917454757055026,-0.05982553008429914
2.584918737411499,0.014573249826671741,-0.46990438752895614,0.4250021672380506,0.005369099821018075,-0.01917454757055026,-0.05982553008429914
2.589937925338745,0.014573249826671741,-0.4679331921384682,0.42107511649902474,0.006136090214960532,-0.019941537964492717,-0.05982553008429914
2.5949456691741943,0.014573249826671741,-0.4655784956992477,0.41732064123192814,0.006136090214960532,-0.020708528358435174,-0.05982553008429914
2.599871873855591,0.014573249826671741,-0.4655784956992477,0.41732064123192814,0.006136090214960532,-0.020708528358435174,-0.05982553008429914
2.604871988296509,0.014573249826671741,-0.46363798039265847,0.41253838315422753,0.005369099821018075,-0.020708528358435174,-0.05982553008429914
2.6100454330444336,0.014573249826671741,-0.46363798039265847,0.41253838315422753,0.005369099821018075,-0.020708528358435174,-0.05982553008429914
2.614891767501831,0.014573249826671741,-0.4617818353167906,0.4079823906952793,0.006136090214960532,-0.02147551875237852,-0.060592520478241596
2.6198887825012207,0.014573249826671741,-0.4617818353167906,0.4079823906952793,0.006136090214960532,-0.02147551875237852,-0.060592520478241596
2.6249985694885254,0.014573249826671741,-0.4598835051255623,0.40436981081621415,0.005369099821018075,-0.02147551875237852,-0.060592520478241596
2.6300034523010254,0.014573249826671741,-0.4598835051255623,0.40436981081621415,0.005369099821018075,-0.02147551875237852,-0.060592520478241596
2.635026216506958,0.014573249826671741,-0.4570340923334757,0.39999406385017044,0.005369099821018075,-0.022242509146320977,-0.060592520478241596
2.6399857997894287,0.014573249826671741,-0.4551395971527348,0.3965655644744972,0.005369099821018075,-0.022242509146320977,-0.060592520478241596
2.6449224948883057,0.014573249826671741,-0.4551395971527348,0.3965655644744972,0.005369099821018075,-0.022242509146320977,-0.060592520478241596
2.649897336959839,0.014573249826671741,-0.45289228100715917,0.3923738980118454,0.005369099821018075,-0.023009499540264322,-0.060592520478241596
2.6548945903778076,0.014573249826671741,-0.45289228100715917,0.3923738980118454,0.005369099821018075,-0.023009499540264322,-0.060592520478241596
2.6599767208099365,0.014573249826671741,-0.45102846591031653,0.3891371491605389,0.005369099821018075,-0.023009499540264322,-0.060592520478241596
2.6649482250213623,0.014573249826671741,-0.45102846591031653,0.3891371491605389,0.005369099821018075,-0.023009499540264322,-0.060592520478241596
2.6698954105377197,0.014573249826671741,-0.448777314754254,0.38512189318030376,0.005369099821018075,-0.02377648993420678,-0.060592520478241596
2.6749062538146973,0.014573249826671741,-0.448777314754254,0.38512189318030376,0.005369099821018075,-0.02377648993420678,-0.060592520478241596
2.679887533187866,0.014573249826671741,-0.44691733466789874,0.38195417451776903,0.005369099821018075,-0.02377648993420678,-0.060592520478241596
2.6850028038024902,0.014573249826671741,-0.4446738535328105,0.3780386288102049,0.005369099821018075,-0.024543480328150125,-0.060592520478241596
2.689871072769165,0.014573249826671741,-0.4446738535328105,0.3780386288102049,0.005369099821018075,-0.024543480328150125,-0.060592520478241596
2.6948702335357666,0.014573249826671741,-0.4428253784779175,0.37498979547277766,0.005369099821018075,-0.024543480328150125,-0.060592520478241596
2.699901819229126,0.014573249826671741,-0.4428253784779175,0.37498979547277766,0.005369099821018075,-0.024543480328150125,-0.060592520478241596
2.7048630714416504,0.014573249826671741,-0.440470682038697,0.3720483424289953,0.005369099821018075,-0.025310470722092582,-0.060592520478241596
2.7099387645721436,0.014573249826671741,-0.440470682038697,0.3720483424289953,0.005369099821018075,-0.025310470722092582,-0.060592520478241596
2.7148656845092773,0.014573249826671741,-0.4385493417845443,0.3698815615036537,0.005369099821018075,-0.025310470722092582,-0.060592520478241596
2.7199039459228516,0.014573249826671741,-0.4385493417845443,0.3698815615036537,0.005369099821018075,-0.025310470722092582,-0.060592520478241596
2.7248892784118652,0.014573249826671741,-0.43609877008314024,0.3656553799466158,0.005369099821018075,-0.02607746111603504,-0.060592520478241596
2.729973793029785,0.014573249826671741,-0.43415058475557666,0.36292101746914973,0.005369099821018075,-0.02607746111603504,-0.060592520478241596
2.734902858734131,0.014573249826671741,-0.43415058475557666,0.36292101746914973,0.005369099821018075,-0.02607746111603504,-0.060592520478241596
2.7398624420166016,0.014573249826671741,-0.43164248789686255,0.3588865864364781,0.005369099821018075,-0.02607746111603504,-0.060592520478241596
2.744892120361328,0.014573249826671741,-0.43164248789686255,0.3588865864364781,0.005369099821018075,-0.02607746111603504,-0.060592520478241596
2.749894142150879,0.014573249826671741,-0.43164248789686255,0.3563056243785052,0.005369099821018075,-0.02607746111603504,-0.060592520478241596
2.755011558532715,0.014573249826671741,-0.43164248789686255,0.3563056243785052,0.005369099821018075,-0.02607746111603504,-0.060592520478241596
2.759887218475342,0.014573249826671741,-0.4276502419795518,0.35317242081035616,0.005369099821018075,-0.026844451509978384,-0.060592520478241596
2.7649569511413574,0.014573249826671741,-0.4276502419795518,0.35317242081035616,0.005369099821018075,-0.026844451509978384,-0.060592520478241596
2.7699925899505615,0.014573249826671741,-0.4255870063373681,0.3505761187104337,0.006136090214960532,-0.026844451509978384,-0.060592520478241596
2.7749085426330566,0.014573249826671741,-0.4255870063373681,0.3505761187104337,0.006136090214960532,-0.026844451509978384,-0.060592520478241596
2.779897689819336,0.014573249826671741,-0.42303672436329354,0.347327864827665,0.005369099821018075,-0.026844451509978384,-0.060592520478241596
2.7848947048187256,0.014573249826671741,-0.42041357718995975,0.344773747843103,0.005369099821018075,-0.026844451509978384,-0.060592520478241596
2.7899293899536133,0.014573249826671741,-0.42041357718995975,0.344773747843103,0.005369099821018075,-0.026844451509978384,-0.060592520478241596
2.794891119003296,0.014573249826671741,-0.41795533546758135,0.34162136922251785,0.005369099821018075,-0.026844451509978384,-0.060592520478241596
2.7999427318573,0.014573249826671741,-0.41795533546758135,0.34162136922251785,0.005369099821018075,-0.026844451509978384,-0.060592520478241596
2.804893732070923,0.014573249826671741,-0.41603399521342865,0.3392398277098856,0.005369099821018075,-0.026844451509978384,-0.060592520478241596
2.8098907470703125,0.014573249826671741,-0.41603399521342865,0.3392398277098856,0.005369099821018075,-0.026844451509978384,-0.060592520478241596
2.814985990524292,0.014573249826671741,-0.41462654636457863,0.3363904149177994,0.005369099821018075,-0.02761144190392084,-0.060592520478241596
2.8199269771575928,0.014573249826671741,-0.4124329203658257,0.33461097005167817,0.005369099821018075,-0.02761144190392084,-0.060592520478241596
2.8248820304870605,0.014573249826671741,-0.4124329203658257,0.33461097005167817,0.005369099821018075,-0.02761144190392084,-0.060592520478241596
2.8298914432525635,0.014573249826671741,-0.4098021031715171,0.3311479555816188,0.005369099821018075,-0.02761144190392084,-0.060592520478241596
2.8350110054016113,0.014573249826671741,-0.4098021031715171,0.3311479555816188,0.005369099821018075,-0.02761144190392084,-0.060592520478241596
2.8399345874786377,0.014573249826671741,-0.408195233777326,0.3288737943626323,0.005369099821018075,-0.02761144190392084,-0.060592520478241596
2.8449974060058594,0.014573249826671741,-0.408195233777326,0.3288737943626323,0.005369099821018075,-0.02761144190392084,-0.060592520478241596
2.849890947341919,0.014573249826671741,-0.4061473381770915,0.3261662769585767,0.005369099821018075,-0.0283784322978633,-0.060592520478241596
2.8549931049346924,0.014573249826671741,-0.4061473381770915,0.3261662769585767,0.005369099821018075,-0.0283784322978633,-0.060592520478241596
2.8599953651428223,0.014573249826671741,-0.4049431448840699,0.3239956610227481,0.005369099821018075,-0.0283784322978633,-0.060592520478241596
2.864933729171753,0.014573249826671741,-0.40301413460894286,0.32129581363966775,0.005369099821018075,-0.029145422691806644,-0.060592520478241596
2.8699092864990234,0.014573249826671741,-0.40301413460894286,0.32129581363966775,0.005369099821018075,-0.029145422691806644,-0.060592520478241596
2.87489652633667,0.014573249826671741,-0.40112347443868934,0.3196199140567044,0.005369099821018075,-0.029145422691806644,-0.060592520478241596
2.879971504211426,0.014573249826671741,-0.40112347443868934,0.3196199140567044,0.005369099821018075,-0.029145422691806644,-0.060592520478241596
2.884871006011963,0.014573249826671741,-0.3992673293628215,0.3164637004256319,0.005369099821018075,-0.029145422691806644,-0.060592520478241596
2.88987398147583,0.014573249826671741,-0.3992673293628215,0.3164637004256319,0.005369099821018075,-0.029145422691806644,-0.060592520478241596
2.8948748111724854,0.014573249826671741,-0.3977486652098383,0.3143966297729608,0.005369099821018075,-0.02991241308574999,-0.060592520478241596
2.8998680114746094,0.014573249826671741,-0.3977486652098383,0.3143966297729608,0.005369099821018075,-0.02991241308574999,-0.060592520478241596
2.9050450325012207,0.014573249826671741,-0.3959193652073818,0.311915377987658,0.005369099821018075,-0.02991241308574999,-0.060592520478241596
2.9098923206329346,0.014573249826671741,-0.3959193652073818,0.311915377987658,0.005369099821018075,-0.02991241308574999,-0.060592520478241596
2.9149835109710693,0.014573249826671741,-0.39460012159974056,0.31144750670820365,0.005369099821018075,-0.02991241308574999,-0.060592520478241596
2.9198644161224365,0.014573249826671741,-0.39326170293966234,0.30778507169280367,0.005369099821018075,-0.030679403479692446,-0.060592520478241596
2.924860954284668,0.014573249826671741,-0.39326170293966234,0.30778507169280367,0.005369099821018075,-0.030679403479692446,-0.060592520478241596
2.929899215698242,0.014573249826671741,-0.39167400859790735,0.3059020815435245,0.005369099821018075,-0.030679403479692446,-0.060592520478241596
2.935065269470215,0.014573249826671741,-0.39167400859790735,0.3059020815435245,0.005369099821018075,-0.030679403479692446,-0.060592520478241596
2.9399287700653076,0.014573249826671741,-0.390078644235178,0.3041494817508146,0.005369099821018075,-0.030679403479692446,-0.060592520478241596
2.9450032711029053,0.014573249826671741,-0.390078644235178,0.3041494817508146,0.005369099821018075,-0.030679403479692446,-0.060592520478241596
2.9498915672302246,0.014573249826671741,-0.38862134024999273,0.3019213406576755,0.005369099821018075,-0.031446393873634904,-0.060592520478241596
2.9552364349365234,0.014573249826671741,-0.38681505031046015,0.2999079601518275,0.006136090214960532,-0.031446393873634904,-0.060592520478241596
2.960063934326172,0.014573249826671741,-0.38681505031046015,0.2999079601518275,0.006136090214960532,-0.031446393873634904,-0.060592520478241596
2.9648914337158203,0.014573249826671741,-0.3857182373110839,0.2983777909673826,0.005369099821018075,-0.031446393873634904,-0.060592520478241596
2.969994068145752,0.014573249826671741,-0.3857182373110839,0.2983777909673826,0.005369099821018075,-0.031446393873634904,-0.060592520478241596
2.974982500076294,0.014573249826671741,-0.3833827159242995,0.2969588370870704,0.006136090214960532,-0.031446393873634904,-0.060592520478241596
2.980062246322632,0.014573249826671741,-0.3833827159242995,0.2969588370870704,0.006136090214960532,-0.031446393873634904,-0.060592520478241596
2.9849190711975098,0.014573249826671741,-0.38187555680277896,0.2956089133955304,0.005369099821018075,-0.031446393873634904,-0.060592520478241596
2.990091323852539,0.014573249826671741,-0.38187555680277896,0.2956089133955304,0.005369099821018075,-0.031446393873634904,-0.060592520478241596
2.9949724674224854,0.014573249826671741,-0.3807634037614531,0.29438554505007186,0.005369099821018075,-0.031446393873634904,-0.060592520478241596
3.000153064727783,0.014573249826671741,-0.37872701319268076,0.2934881525960362,0.005369099821018075,-0.031446393873634904,-0.05982553008429914
3.004910469055176,0.014573249826671741,-0.37872701319268076,0.2934881525960362,0.005369099821018075,-0.031446393873634904,-0.05982553008429914
3.0099053382873535,0.014573249826671741,-0.37647202702613036,0.2925677500790771,0.005369099821018075,-0.031446393873634904,-0.05982553008429914
3.0148990154266357,0.014573249826671741,-0.37647202702613036,0.2925677500790771,0.005369099821018075,-0.031446393873634904,-0.05982553008429914
3.0198638439178467,0.014573249826671741,-0.37496103289412286,0.2919733234535409,0.006136090214960532,-0.03221338426757825,-0.05982553008429914
3.0250353813171387,0.014573249826671741,-0.37496103289412286,0.2919733234535409,0.006136090214960532,-0.03221338426757825,-0.05982553008429914
3.029890537261963,0.014573249826671741,-0.37323911318531167,0.29140957691190383,0.006136090214960532,-0.03221338426757825,-0.05982553008429914
3.0349957942962646,0.014573249826671741,-0.37323911318531167,0.29140957691190383,0.006136090214960532,-0.03221338426757825,-0.05982553008429914
3.0401053428649902,0.014573249826671741,-0.37259866643392714,0.29061572974102656,0.006136090214960532,-0.03221338426757825,-0.05982553008429914
3.0449111461639404,0.014573249826671741,-0.37259866643392714,0.29061572974102656,0.006136090214960532,-0.03221338426757825,-0.05982553008429914
3.0498924255371094,0.014573249826671741,-0.3707501913790341,0.28973751233942746,0.005369099821018075,-0.03221338426757825,-0.05982553008429914
3.0548667907714844,0.014573249826671741,-0.3692775473518992,0.28908172554609424,0.006136090214960532,-0.032980374661520706,-0.05982553008429914
3.05989933013916,0.014573249826671741,-0.3692775473518992,0.28908172554609424,0.006136090214960532,-0.032980374661520706,-0.05982553008429914
3.0648889541625977,0.014573249826671741,-0.3679736437862067,0.28852181401494414,0.006136090214960532,-0.03374736505546316,-0.05982553008429914
3.069934844970703,0.014573249826671741,-0.3679736437862067,0.28852181401494414,0.006136090214960532,-0.03374736505546316,-0.05982553008429914
3.074892282485962,0.014573249826671741,-0.36696503602803876,0.28824185824936865,0.006136090214960532,-0.03374736505546316,-0.05982553008429914
3.079969644546509,0.014573249826671741,-0.36696503602803876,0.28824185824936865,0.006136090214960532,-0.03374736505546316,-0.05982553008429914
3.0848920345306396,0.014573249826671741,-0.3658030278503781,0.2880769527984137,0.006136090214960532,-0.03374736505546316,-0.05982553008429914
3.089916706085205,0.014573249826671741,-0.3658030278503781,0.2880769527984137,0.006136090214960532,-0.03374736505546316,-0.05982553008429914
3.0950751304626465,0.014573249826671741,-0.36533899158141114,0.288046272714515,0.006136090214960532,-0.03374736505546316,-0.05982553008429914
3.0998916625976562,0.014573249826671741,-0.36406193308912993,0.2880577777459772,0.006136090214960532,-0.03451435544940651,-0.05982553008429914
3.104914665222168,0.014573249826671741,-0.36406193308912993,0.2880577777459772,0.006136090214960532,-0.03451435544940651,-0.05982553008429914
3.109893321990967,0.014573249826671741,-0.36297662512121587,0.2880577777459772,0.006136090214960532,-0.03451435544940651,-0.05982553008429914
3.114917755126953,0.014573249826671741,-0.36297662512121587,0.2880577777459772,0.006136090214960532,-0.03451435544940651,-0.05982553008429914
3.119882106781006,0.014573249826671741,-0.3618261219750165,0.2880577777459772,0.005369099821018075,-0.03451435544940651,-0.05982553008429914
3.124872922897339,0.014573249826671741,-0.3618261219750165,0.2880577777459772,0.005369099821018075,-0.03451435544940651,-0.05982553008429914
3.13004207611084,0.014573249826671741,-0.3609479045734183,0.2880577777459772,0.006136090214960532,-0.03451435544940651,-0.05982553008429914
3.135054588317871,0.014573249826671741,-0.3601272123291297,0.2880577777459772,0.006136090214960532,-0.035281345843348966,-0.05982553008429914
3.1399481296539307,0.014573249826671741,-0.3601272123291297,0.2880577777459772,0.006136090214960532,-0.035281345843348966,-0.05982553008429914
3.144895315170288,0.014573249826671741,-0.35908792448706306,0.2880577777459772,0.006136090214960532,-0.035281345843348966,-0.05982553008429914
3.149949073791504,0.014573249826671741,-0.35908792448706306,0.2880577777459772,0.006136090214960532,-0.035281345843348966,-0.05982553008429914
3.1549761295318604,0.014573249826671741,-0.35792975131988936,0.2880577777459772,0.006136090214960532,-0.035281345843348966,-0.05982553008429914
3.1600089073181152,0.014573249826671741,-0.35792975131988936,0.2880577777459772,0.006136090214960532,-0.035281345843348966,-0.05982553008429914
3.1649160385131836,0.014573249826671741,-0.3572586244846061,0.2880577777459772,0.006136090214960532,-0.035281345843348966,-0.05982553008429914
3.1699180603027344,0.014573249826671741,-0.3572586244846061,0.2880577777459772,0.006136090214960532,-0.035281345843348966,-0.05982553008429914
3.1749074459075928,0.014573249826671741,-0.35608511127548326,0.2880424377040276,0.006136090214960532,-0.035281345843348966,-0.05982553008429914
3.179933547973633,0.014573249826671741,-0.3556325800379785,0.28803093267256585,0.006136090214960532,-0.035281345843348966,-0.05982553008429914
3.184898614883423,0.014573249826671741,-0.3556325800379785,0.28803093267256585,0.006136090214960532,-0.035281345843348966,-0.05982553008429914
3.189866065979004,0.014573249826671741,-0.35493460812928435,0.28801559263061627,0.006136090214960532,-0.035281345843348966,-0.05982553008429914
3.1948928833007812,0.014573249826671741,-0.35493460812928435,0.28801559263061627,0.006136090214960532,-0.035281345843348966,-0.05982553008429914
3.1998939514160156,0.01534024022061331,-0.3540794007906096,0.2880040875991545,0.006136090214960532,-0.035281345843348966,-0.05982553008429914
3.2048897743225098,0.01534024022061331,-0.3540794007906096,0.2880040875991545,0.006136090214960532,-0.035281345843348966,-0.05982553008429914
3.209944009780884,0.01534024022061331,-0.35312448317926437,0.2880002525886671,0.006136090214960532,-0.035281345843348966,-0.05982553008429914
3.2149102687835693,0.01534024022061331,-0.35312448317926437,0.2880002525886671,0.006136090214960532,-0.035281345843348966,-0.05982553008429914
3.2198922634124756,0.01534024022061331,-0.3523651511027732,0.2880002525886671,0.006136090214960532,-0.035281345843348966,-0.05982553008429914
3.2250490188598633,0.01534024022061331,-0.3517822295086992,0.2880002525886671,0.006136090214960532,-0.035281345843348966,-0.05982553008429914
3.2300071716308594,0.01534024022061331,-0.3517822295086992,0.2880002525886671,0.006136090214960532,-0.035281345843348966,-0.05982553008429914
3.234894037246704,0.01534024022061331,-0.35124149302998564,0.2880002525886671,0.006136090214960532,-0.035281345843348966,-0.05982553008429914
3.2400259971618652,0.01534024022061331,-0.35124149302998564,0.2880002525886671,0.006136090214960532,-0.035281345843348966,-0.05982553008429914
3.2449891567230225,0.01534024022061331,-0.3509538672434358,0.2880002525886671,0.006136090214960532,-0.035281345843348966,-0.05982553008429914
3.249927520751953,0.01534024022061331,-0.3509538672434358,0.2880002525886671,0.006136090214960532,-0.035281345843348966,-0.05982553008429914
3.2549948692321777,0.01534024022061331,-0.35087716703368876,0.2880002525886671,0.006136090214960532,-0.035281345843348966,-0.05905853969035624
3.2599267959594727,0.01534024022061331,-0.35087716703368876,0.2880002525886671,0.006136090214960532,-0.035281345843348966,-0.05905853969035624
3.265009641647339,0.01534024022061331,-0.3508810020441766,0.2880002525886671,0.006136090214960532,-0.035281345843348966,-0.05905853969035624
3.269977569580078,0.01534024022061331,-0.3509538672434358,0.2880002525886671,0.006136090214960532,-0.035281345843348966,-0.05905853969035624
3.2750096321105957,0.01534024022061331,-0.3509538672434358,0.2880002525886671,0.006136090214960532,-0.035281345843348966,-0.05905853969035624
3.2799184322357178,0.01534024022061331,-0.35096537227489755,0.2880002525886671,0.006136090214960532,-0.035281345843348966,-0.05905853969035624
3.2849693298339844,0.01534024022061331,-0.35096537227489755,0.2880002525886671,0.006136090214960532,-0.035281345843348966,-0.05905853969035624
3.2899022102355957,0.01534024022061331,-0.3509423622119736,0.2880002525886671,0.006136090214960532,-0.035281345843348966,-0.05905853969035624
3.294947385787964,0.01534024022061331,-0.3509423622119736,0.2880002525886671,0.006136090214960532,-0.035281345843348966,-0.05905853969035624
3.2999086380004883,0.01534024022061331,-0.3509308571805114,0.28799641757817973,0.006136090214960532,-0.035281345843348966,-0.05905853969035624
3.304933547973633,0.01534024022061331,-0.3509308571805114,0.28799641757817973,0.006136090214960532,-0.035281345843348966,-0.05905853969035624
3.3098974227905273,0.01534024022061331,-0.35093469219099926,0.2879925825676928,0.006136090214960532,-0.035281345843348966,-0.05905853969035624
3.3149163722991943,0.01534024022061331,-0.35093469219099926,0.2879925825676928,0.006136090214960532,-0.035281345843348966,-0.05905853969035624
3.3199472427368164,0.01534024022061331,-0.35093469219099926,0.2879925825676928,0.006136090214960532,-0.035281345843348966,-0.05905853969035624
3.3249003887176514,0.01534024022061331,-0.3509308571805114,0.28798874755720494,0.006136090214960532,-0.035281345843348966,-0.05905853969035624
3.3299338817596436,0.01534024022061331,-0.3509308571805114,0.28798874755720494,0.006136090214960532,-0.035281345843348966,-0.05905853969035624
3.3349103927612305,0.0168742210085,-0.3509308571805114,0.28798874755720494,0.006136090214960532,-0.035281345843348966,-0.05905853969035624
3.3399367332458496,0.0168742210085,-0.3509308571805114,0.28798874755720494,0.006136090214960532,-0.035281345843348966,-0.05905853969035624
3.344944953918457,0.0168742210085,-0.3509308571805114,0.28798874755720494,0.006136090214960532,-0.035281345843348966,-0.05905853969035624
3.3500564098358154,0.0168742210085,-0.3509308571805114,0.28798874755720494,0.006136090214960532,-0.035281345843348966,-0.05905853969035624
3.3548660278320312,0.0168742210085,-0.35092702217002447,0.28798874755720494,0.006136090214960532,-0.035281345843348966,-0.05905853969035624
3.3598341941833496,0.0168742210085,-0.35092702217002447,0.28798874755720494,0.006136090214960532,-0.035281345843348966,-0.05905853969035624
3.3649044036865234,0.0168742210085,-0.35092702217002447,0.28798874755720494,0.006136090214960532,-0.035281345843348966,-0.05905853969035624
3.3699045181274414,0.0168742210085,-0.3509193521490497,0.28798874755720494,0.006136090214960532,-0.035281345843348966,-0.05905853969035624
3.3749489784240723,0.0168742210085,-0.3509193521490497,0.28798874755720494,0.006136090214960532,-0.035281345843348966,-0.05905853969035624
3.379889726638794,0.0168742210085,-0.3509193521490497,0.287984912546718,0.006136090214960532,-0.035281345843348966,-0.05905853969035624
3.384895086288452,0.0168742210085,-0.3509193521490497,0.287984912546718,0.006136090214960532,-0.035281345843348966,-0.05905853969035624
3.389894723892212,0.0168742210085,-0.3509155171385623,0.2879734075152558,0.006136090214960532,-0.035281345843348966,-0.05905853969035624
3.395143508911133,0.0168742210085,-0.3509155171385623,0.2879734075152558,0.006136090214960532,-0.035281345843348966,-0.05905853969035624
3.400000810623169,0.0168742210085,-0.3509155171385623,0.2879695725047684,0.006136090214960532,-0.035281345843348966,-0.05905853969035624
3.4048855304718018,0.017641211402442458,-0.3509155171385623,0.28796573749428145,0.006136090214960532,-0.035281345843348966,-0.05905853969035624
3.409925937652588,0.017641211402442458,-0.3509155171385623,0.28796573749428145,0.006136090214960532,-0.035281345843348966,-0.05905853969035624
3.414890766143799,0.017641211402442458,-0.3509155171385623,0.28796573749428145,0.006136090214960532,-0.035281345843348966,-0.05905853969035624
3.420032262802124,0.017641211402442458,-0.3509155171385623,0.28796573749428145,0.006136090214960532,-0.035281345843348966,-0.05905853969035624
3.4249067306518555,0.017641211402442458,-0.3509116821280749,0.28796573749428145,0.006136090214960532,-0.035281345843348966,-0.05905853969035624
3.4298644065856934,0.017641211402442458,-0.3509116821280749,0.28796573749428145,0.006136090214960532,-0.035281345843348966,-0.05905853969035624
3.4349043369293213,0.017641211402442458,-0.3509116821280749,0.28796573749428145,0.006136090214960532,-0.035281345843348966,-0.05905853969035624
3.439896821975708,0.017641211402442458,-0.3509116821280749,0.28796573749428145,0.006136090214960532,-0.035281345843348966,-0.05905853969035624
3.4450032711029053,0.017641211402442458,-0.3509116821280749,0.28796573749428145,0.006136090214960532,-0.035281345843348966,-0.05905853969035624
3.4498815536499023,0.017641211402442458,-0.3509116821280749,0.28796573749428145,0.006136090214960532,-0.035281345843348966,-0.05905853969035624
3.454883575439453,0.017641211402442458,-0.3509116821280749,0.28796573749428145,0.006136090214960532,-0.035281345843348966,-0.05905853969035624
3.459873676300049,0.017641211402442458,-0.3509116821280749,0.28796573749428145,0.006136090214960532,-0.035281345843348966,-0.05905853969035624
3.464906692504883,0.017641211402442458,-0.3509116821280749,0.28796573749428145,0.006136090214960532,-0.035281345843348966,-0.05905853969035624
3.4699153900146484,0.017641211402442458,-0.3509116821280749,0.28796573749428145,0.006136090214960532,-0.035281345843348966,-0.05905853969035624
3.4749433994293213,0.017641211402442458,-0.3509116821280749,0.28796573749428145,0.006136090214960532,-0.035281345843348966,-0.05905853969035624
3.4798972606658936,0.017641211402442458,-0.3509116821280749,0.28796573749428145,0.006136090214960532,-0.035281345843348966,-0.05905853969035624
3.4849250316619873,0.017641211402442458,-0.3509116821280749,0.28796573749428145,0.006136090214960532,-0.035281345843348966,-0.05905853969035624
3.489973783493042,0.017641211402442458,-0.3509116821280749,0.2879619024837936,0.006136090214960532,-0.035281345843348966,-0.05905853969035624
3.4950571060180664,0.017641211402442458,-0.3509116821280749,0.2879619024837936,0.006136090214960532,-0.035281345843348966,-0.05905853969035624
3.500011444091797,0.017641211402442458,-0.3509116821280749,0.2879619024837936,0.006136090214960532,-0.035281345843348966,-0.05905853969035624
3.5048673152923584,0.017641211402442458,-0.3509116821280749,0.28795806747330666,0.006136090214960532,-0.035281345843348966,-0.05905853969035624
3.5098631381988525,0.017641211402442458,-0.3509116821280749,0.28795806747330666,0.006136090214960532,-0.035281345843348966,-0.05905853969035624
3.515110492706299,0.017641211402442458,-0.3509116821280749,0.28795806747330666,0.006136090214960532,-0.035281345843348966,-0.05905853969035624
3.519892930984497,0.017641211402442458,-0.3509116821280749,0.28795806747330666,0.006136090214960532,-0.035281345843348966,-0.05905853969035624
3.524890899658203,0.017641211402442458,-0.3509116821280749,0.28795806747330666,0.006136090214960532,-0.035281345843348966,-0.05905853969035624
3.5300192832946777,0.017641211402442458,-0.3509116821280749,0.28795806747330666,0.006136090214960532,-0.035281345843348966,-0.05905853969035624
3.535205364227295,0.017641211402442458,-0.3509116821280749,0.28795806747330666,0.006136090214960532,-0.035281345843348966,-0.05905853969035624
3.5400948524475098,0.017641211402442458,-0.3509116821280749,0.28795806747330666,0.006136090214960532,-0.035281345843348966,-0.05905853969035624
3.5449016094207764,0.017641211402442458,-0.3509116821280749,0.28795806747330666,0.006136090214960532,-0.035281345843348966,-0.05905853969035624
3.5498931407928467,0.017641211402442458,-0.3509116821280749,0.28795806747330666,0.006136090214960532,-0.035281345843348966,-0.05905853969035624
3.5548923015594482,0.017641211402442458,-0.3509116821280749,0.28795806747330666,0.006136090214960532,-0.035281345843348966,-0.05905853969035624
3.5598978996276855,0.017641211402442458,-0.35090784711758793,0.28795806747330666,0.006136090214960532,-0.035281345843348966,-0.05905853969035624
3.564969778060913,0.017641211402442458,-0.35090784711758793,0.28795806747330666,0.006136090214960532,-0.035281345843348966,-0.05905853969035624
3.5698742866516113,0.017641211402442458,-0.3509040121071001,0.28795806747330666,0.006136090214960532,-0.035281345843348966,-0.05905853969035624
3.5749571323394775,0.017641211402442458,-0.3509040121071001,0.28795806747330666,0.006136090214960532,-0.035281345843348966,-0.05905853969035624
3.5799472332000732,0.017641211402442458,-0.3509040121071001,0.28795806747330666,0.006136090214960532,-0.035281345843348966,-0.05905853969035624
3.585026264190674,0.017641211402442458,-0.35090017709661314,0.2879542324628188,0.006136090214960532,-0.035281345843348966,-0.05905853969035624
3.589991807937622,0.017641211402442458,-0.35090017709661314,0.2879542324628188,0.006136090214960532,-0.035281345843348966,-0.05905853969035624
3.594972848892212,0.017641211402442458,-0.35090017709661314,0.2879542324628188,0.006136090214960532,-0.03451435544940651,-0.05905853969035624
3.6000850200653076,0.017641211402442458,-0.35090017709661314,0.2879542324628188,0.006136090214960532,-0.03451435544940651,-0.05905853969035624
3.60489559173584,0.017641211402442458,-0.35090017709661314,0.2879542324628188,0.006136090214960532,-0.03451435544940651,-0.05905853969035624
3.6098885536193848,0.017641211402442458,-0.35090017709661314,0.2879542324628188,0.006136090214960532,-0.03451435544940651,-0.05905853969035624
3.615078926086426,0.017641211402442458,-0.35089634208612575,0.28795039745233186,0.006136090214960532,-0.03451435544940651,-0.05905853969035624
3.619997978210449,0.017641211402442458,-0.35089634208612575,0.28795039745233186,0.006136090214960532,-0.03451435544940651,-0.05905853969035624
3.6248879432678223,0.017641211402442458,-0.35089634208612575,0.28795039745233186,0.006136090214960532,-0.03451435544940651,-0.05905853969035624
3.629892349243164,0.017641211402442458,-0.35089634208612575,0.28795039745233186,0.006136090214960532,-0.03451435544940651,-0.05905853969035624
3.6350080966949463,0.017641211402442458,-0.35089634208612575,0.28794656244184447,0.006136090214960532,-0.03451435544940651,-0.05905853969035624
3.6400160789489746,0.017641211402442458,-0.35089634208612575,0.28794656244184447,0.006136090214960532,-0.03451435544940651,-0.05905853969035624
3.645000457763672,0.017641211402442458,-0.35089634208612575,0.28794656244184447,0.006136090214960532,-0.03451435544940651,-0.05905853969035624
3.6499075889587402,0.017641211402442458,-0.35089634208612575,0.28794272743135707,0.006136090214960532,-0.03451435544940651,-0.05905853969035624
3.654973030090332,0.017641211402442458,-0.35089634208612575,0.28794272743135707,0.006136090214960532,-0.03451435544940651,-0.05905853969035624
3.65993595123291,0.017641211402442458,-0.35089634208612575,0.2879350574103823,0.006136090214960532,-0.03451435544940651,-0.05905853969035624
3.6649303436279297,0.017641211402442458,-0.35089634208612575,0.2879350574103823,0.006136090214960532,-0.03451435544940651,-0.05905853969035624
3.669940233230591,0.017641211402442458,-0.35089634208612575,0.2879312223998953,0.006136090214960532,-0.03451435544940651,-0.05905853969035624
3.6751246452331543,0.017641211402442458,-0.35089634208612575,0.28792738738940793,0.006136090214960532,-0.03451435544940651,-0.05905853969035624
3.6799447536468506,0.017641211402442458,-0.35089634208612575,0.28792738738940793,0.006136090214960532,-0.03451435544940651,-0.05905853969035624
3.6849024295806885,0.017641211402442458,-0.35089634208612575,0.28792355237892053,0.006136090214960532,-0.03451435544940651,-0.05905853969035624
3.6899242401123047,0.017641211402442458,-0.35089634208612575,0.28792355237892053,0.006136090214960532,-0.03451435544940651,-0.05905853969035624
3.6949164867401123,0.017641211402442458,-0.35089634208612575,0.28791971736843314,0.006136090214960532,-0.03374736505546316,-0.05905853969035624
3.699934959411621,0.017641211402442458,-0.35089634208612575,0.28791971736843314,0.006136090214960532,-0.03374736505546316,-0.05905853969035624
3.7049055099487305,0.017641211402442458,-0.35089634208612575,0.28791588235794574,0.006136090214960532,-0.03374736505546316,-0.05905853969035624
3.7098629474639893,0.017641211402442458,-0.35089634208612575,0.28791588235794574,0.006136090214960532,-0.03374736505546316,-0.05905853969035624
3.7149603366851807,0.017641211402442458,-0.35089634208612575,0.2879120473474588,0.006136090214960532,-0.032980374661520706,-0.05905853969035624
3.7199416160583496,0.017641211402442458,-0.35089634208612575,0.28790821233697095,0.006136090214960532,-0.032980374661520706,-0.05905853969035624
3.724910020828247,0.017641211402442458,-0.35089634208612575,0.28790821233697095,0.006136090214960532,-0.032980374661520706,-0.05905853969035624
3.729893207550049,0.017641211402442458,-0.35089634208612575,0.287904377326484,0.006136090214960532,-0.032980374661520706,-0.05905853969035624
3.734936237335205,0.017641211402442458,-0.35089634208612575,0.287904377326484,0.006136090214960532,-0.032980374661520706,-0.05905853969035624
3.739917516708374,0.017641211402442458,-0.35089634208612575,0.28789287229502225,0.006136090214960532,-0.032980374661520706,-0.05905853969035624
3.7449147701263428,0.017641211402442458,-0.35089634208612575,0.28789287229502225,0.006136090214960532,-0.032980374661520706,-0.05905853969035624
3.7499358654022217,0.017641211402442458,-0.35089634208612575,0.2878813672635596,0.006136090214960532,-0.032980374661520706,-0.05905853969035624
3.755047559738159,0.017641211402442458,-0.35089634208612575,0.2878813672635596,0.006136090214960532,-0.032980374661520706,-0.05905853969035624
3.7599174976348877,0.017641211402442458,-0.35089634208612575,0.28787369724258527,0.006136090214960532,-0.03221338426757825,-0.05905853969035624
3.7650418281555176,0.017641211402442458,-0.35089634208612575,0.28787369724258527,0.006136090214960532,-0.03221338426757825,-0.05905853969035624
3.7700114250183105,0.017641211402442458,-0.35089634208612575,0.28787369724258527,0.006136090214960532,-0.03221338426757825,-0.05905853969035624
3.7749006748199463,0.017641211402442458,-0.35089634208612575,0.28787369724258527,0.006136090214960532,-0.03221338426757825,-0.05905853969035624
3.779916286468506,0.017641211402442458,-0.35089634208612575,0.28787369724258527,0.006136090214960532,-0.03221338426757825,-0.05905853969035624
3.784900665283203,0.017641211402442458,-0.35089634208612575,0.28787369724258527,0.006136090214960532,-0.03221338426757825,-0.05905853969035624
3.789902448654175,0.017641211402442458,-0.35089634208612575,0.28787369724258527,0.006136090214960532,-0.03221338426757825,-0.05905853969035624
3.7950029373168945,0.017641211402442458,-0.35089634208612575,0.28787369724258527,0.006136090214960532,-0.03221338426757825,-0.05905853969035624
3.799910545349121,0.017641211402442458,-0.35089634208612575,0.28787369724258527,0.006136090214960532,-0.03221338426757825,-0.05905853969035624
3.804901123046875,0.017641211402442458,-0.35089634208612575,0.28787369724258527,0.006136090214960532,-0.03221338426757825,-0.05905853969035624
3.809985637664795,0.017641211402442458,-0.35089634208612575,0.28787369724258527,0.006136090214960532,-0.03221338426757825,-0.05905853969035624
3.8148984909057617,0.017641211402442458,-0.35089634208612575,0.28787369724258527,0.006136090214960532,-0.03221338426757825,-0.05905853969035624
3.819895029067993,0.017641211402442458,-0.35089634208612575,0.28787369724258527,0.006136090214960532,-0.03221338426757825,-0.05905853969035624
3.8248870372772217,0.017641211402442458,-0.35089634208612575,0.28787369724258527,0.006136090214960532,-0.03221338426757825,-0.05905853969035624
3.829979658126831,0.017641211402442458,-0.35089634208612575,0.28787369724258527,0.006136090214960532,-0.03221338426757825,-0.05905853969035624
3.8349359035491943,0.017641211402442458,-0.35089634208612575,0.28787369724258527,0.006136090214960532,-0.03221338426757825,-0.05905853969035624
3.8398945331573486,0.017641211402442458,-0.35089634208612575,0.28787369724258527,0.006136090214960532,-0.03221338426757825,-0.05905853969035624
3.8449501991271973,0.017641211402442458,-0.35089634208612575,0.28787369724258527,0.006136090214960532,-0.03221338426757825,-0.05905853969035624
3.849991798400879,0.017641211402442458,-0.35089250707563835,0.28787369724258527,0.006136090214960532,-0.03221338426757825,-0.05905853969035624
3.855013847351074,0.017641211402442458,-0.35089250707563835,0.28787369724258527,0.006136090214960532,-0.03221338426757825,-0.05905853969035624
3.8600051403045654,0.017641211402442458,-0.35089250707563835,0.28787369724258527,0.006136090214960532,-0.03221338426757825,-0.05905853969035624
3.864870309829712,0.017641211402442458,-0.35088867206515095,0.28787369724258527,0.006136090214960532,-0.03221338426757825,-0.05905853969035624
3.8698925971984863,0.017641211402442458,-0.35088867206515095,0.28787369724258527,0.006136090214960532,-0.03221338426757825,-0.05905853969035624
3.874891519546509,0.017641211402442458,-0.35087716703368876,0.28787369724258527,0.006136090214960532,-0.03221338426757825,-0.05905853969035624
3.8799262046813965,0.017641211402442458,-0.35087716703368876,0.28787369724258527,0.006136090214960532,-0.03221338426757825,-0.05905853969035624
3.8849966526031494,0.017641211402442458,-0.3508541569707653,0.28787369724258527,0.006136090214960532,-0.03221338426757825,-0.05905853969035624
3.8899943828582764,0.017641211402442458,-0.3508541569707653,0.28787369724258527,0.006136090214960532,-0.03221338426757825,-0.05905853969035624
3.8950576782226562,0.017641211402442458,-0.3507736217505313,0.28787369724258527,0.006136090214960532,-0.03221338426757825,-0.05905853969035624
3.9000277519226074,0.017641211402442458,-0.35063939638347463,0.28787369724258527,0.006136090214960532,-0.03221338426757825,-0.05905853969035624
3.904935121536255,0.017641211402442458,-0.35063939638347463,0.28787369724258527,0.006136090214960532,-0.03221338426757825,-0.05905853969035624
3.90986967086792,0.017641211402442458,-0.35032876053400086,0.28787369724258527,0.006136090214960532,-0.03221338426757825,-0.05905853969035624
3.914997100830078,0.017641211402442458,-0.35032876053400086,0.28787369724258527,0.006136090214960532,-0.03221338426757825,-0.05905853969035624
3.9199280738830566,0.017641211402442458,-0.3500334647264767,0.28787369724258527,0.006136090214960532,-0.03221338426757825,-0.05905853969035624
3.924905300140381,0.017641211402442458,-0.3500334647264767,0.28787369724258527,0.006136090214960532,-0.03221338426757825,-0.05905853969035624
3.9299116134643555,0.017641211402442458,-0.3491092271990297,0.28787369724258527,0.006136090214960532,-0.03221338426757825,-0.05905853969035624
3.9349453449249268,0.017641211402442458,-0.3491092271990297,0.28787369724258527,0.006136090214960532,-0.03221338426757825,-0.05905853969035624
3.9398882389068604,0.017641211402442458,-0.3484419353742343,0.28787369724258527,0.006136090214960532,-0.03221338426757825,-0.05905853969035624
3.9448435306549072,0.017641211402442458,-0.3484419353742343,0.28787369724258527,0.006136090214960532,-0.03221338426757825,-0.05905853969035624
3.9498865604400635,0.017641211402442458,-0.34767109826628095,0.2878660272216105,0.006136090214960532,-0.03221338426757825,-0.05905853969035624
3.9548702239990234,0.017641211402442458,-0.34725691713364926,0.28785068717966134,0.006136090214960532,-0.03221338426757825,-0.05905853969035624
3.959892749786377,0.017641211402442458,-0.34725691713364926,0.28785068717966134,0.006136090214960532,-0.03221338426757825,-0.05905853969035624
3.9648873805999756,0.017641211402442458,-0.3469884663995364,0.2877126268021173,0.006136090214960532,-0.03221338426757825,-0.05905853969035624
3.9699161052703857,0.017641211402442458,-0.3469884663995364,0.2877126268021173,0.006136090214960532,-0.03221338426757825,-0.05905853969035624
3.9750070571899414,0.017641211402442458,-0.34693477625271374,0.28709135510316974,0.006136090214960532,-0.03221338426757825,-0.05905853969035624
3.9799296855926514,0.017641211402442458,-0.34693477625271374,0.28709135510316974,0.006136090214960532,-0.03221338426757825,-0.05905853969035624
3.9850010871887207,0.017641211402442458,-0.3469539513051503,0.28569924629626886,0.006136090214960532,-0.03221338426757825,-0.05905853969035624
3.98995041847229,0.017641211402442458,-0.34699805392575467,0.28422660226913443,0.006136090214960532,-0.03221338426757825,-0.05905853969035624
3.9950249195098877,0.017641211402442458,-0.34699805392575467,0.28422660226913443,0.006136090214960532,-0.03221338426757825,-0.05905853969035624
3.9998927116394043,0.017641211402442458,-0.3469884663995364,0.28229375698351955,0.006136090214960532,-0.03221338426757825,-0.05905853969035624
4.004904270172119,0.017641211402442458,-0.3469884663995364,0.28229375698351955,0.006136090214960532,-0.03221338426757825,-0.05905853969035624
4.009861707687378,0.017641211402442458,-0.34696929134709986,0.28044144691813955,0.006136090214960532,-0.032980374661520706,-0.05905853969035624
4.014914274215698,0.017641211402442458,-0.34696929134709986,0.28044144691813955,0.006136090214960532,-0.032980374661520706,-0.05905853969035624
4.019885778427124,0.017641211402442458,-0.346965456336612,0.278474086538139,0.006136090214960532,-0.032980374661520706,-0.05905853969035624
4.02489972114563,0.017641211402442458,-0.346965456336612,0.278474086538139,0.006136090214960532,-0.032980374661520706,-0.05905853969035624
4.029945135116577,0.017641211402442458,-0.3469577863156377,0.2757013739557994,0.006136090214960532,-0.032980374661520706,-0.05905853969035624
4.034923315048218,0.017641211402442458,-0.3469577863156377,0.2757013739557994,0.006136090214960532,-0.032980374661520706,-0.05905853969035624
4.039997577667236,0.017641211402442458,-0.3469386112632007,0.27266404564983393,0.006136090214960532,-0.032980374661520706,-0.05905853969035624
4.044889688491821,0.017641211402442458,-0.34692327122125155,0.26978011776336164,0.006136090214960532,-0.032980374661520706,-0.05905853969035624
4.049904108047485,0.017641211402442458,-0.34692327122125155,0.26978011776336164,0.006136090214960532,-0.032980374661520706,-0.05905853969035624
4.0548927783966064,0.017641211402442458,-0.34691943621076415,0.26581471691946224,0.006136090214960532,-0.032980374661520706,-0.05905853969035624
4.0599634647369385,0.017641211402442458,-0.34691943621076415,0.26581471691946224,0.006136090214960532,-0.032980374661520706,-0.05905853969035624
4.064900875091553,0.017641211402442458,-0.34691943621076415,0.2632299198510015,0.006136090214960532,-0.032980374661520706,-0.05905853969035624
4.069906711578369,0.017641211402442458,-0.34691943621076415,0.2632299198510015,0.006136090214960532,-0.032980374661520706,-0.05905853969035624
4.0750367641448975,0.017641211402442458,-0.34692327122125155,0.25761162948706273,0.006136090214960532,-0.032980374661520706,-0.05982553008429914
4.079976320266724,0.017641211402442458,-0.34691943621076415,0.25352350830756887,0.006136090214960532,-0.032980374661520706,-0.05982553008429914
4.085578918457031,0.017641211402442458,-0.34691943621076415,0.25352350830756887,0.006136090214960532,-0.032980374661520706,-0.05982553008429914
4.089890956878662,0.017641211402442458,-0.3469405287684446,0.24832706909723612,0.006136090214960532,-0.032980374661520706,-0.05982553008429914
4.094900608062744,0.017641211402442458,-0.3469405287684446,0.24832706909723612,0.006136090214960532,-0.032980374661520706,-0.05982553008429914
4.099893808364868,0.017641211402442458,-0.34694244627368853,0.24408938250873646,0.005369099821018075,-0.032980374661520706,-0.05982553008429914
4.104900598526001,0.017641211402442458,-0.34694244627368853,0.24408938250873646,0.005369099821018075,-0.032980374661520706,-0.05982553008429914
4.109888553619385,0.017641211402442458,-0.34692327122125155,0.24091399382522738,0.005369099821018075,-0.032980374661520706,-0.05982553008429914
4.1149396896362305,0.017641211402442458,-0.34692327122125155,0.24091399382522738,0.005369099821018075,-0.032980374661520706,-0.05982553008429914
4.1199469566345215,0.017641211402442458,-0.34694244627368853,0.23458239151064486,0.005369099821018075,-0.032980374661520706,-0.05982553008429914
4.125103950500488,0.017641211402442458,-0.34693094124222634,0.2294012923422617,0.005369099821018075,-0.032980374661520706,-0.05982553008429914
4.12990665435791,0.017641211402442458,-0.34693094124222634,0.2294012923422617,0.005369099821018075,-0.032980374661520706,-0.05982553008429914
4.134917736053467,0.017641211402442458,-0.34693094124222634,0.22532467619423002,0.005369099821018075,-0.032980374661520706,-0.05982553008429914
4.139949560165405,0.017641211402442458,-0.34693094124222634,0.22532467619423002,0.005369099821018075,-0.032980374661520706,-0.05982553008429914
4.144922494888306,0.017641211402442458,-0.34693477625271374,0.21996716654342974,0.005369099821018075,-0.032980374661520706,-0.05982553008429914
4.150003433227539,0.017641211402442458,-0.34693477625271374,0.21996716654342974,0.005369099821018075,-0.032980374661520706,-0.05982553008429914
4.154866695404053,0.017641211402442458,-0.34693094124222634,0.21562209966128432,0.005369099821018075,-0.032980374661520706,-0.05982553008429914
4.159925699234009,0.017641211402442458,-0.34693094124222634,0.21562209966128432,0.005369099821018075,-0.032980374661520706,-0.05982553008429914
4.164920091629028,0.017641211402442458,-0.34693477625271374,0.21011502460147824,0.005369099821018075,-0.032980374661520706,-0.05982553008429914
4.169951438903809,0.017641211402442458,-0.34692710623173895,0.20566641243617534,0.005369099821018075,-0.032980374661520706,-0.05982553008429914
4.174983739852905,0.017641211402442458,-0.34692710623173895,0.20566641243617534,0.005369099821018075,-0.032980374661520706,-0.05982553008429914
4.1799070835113525,0.017641211402442458,-0.34691943621076415,0.2002475426175776,0.005369099821018075,-0.032980374661520706,-0.05982553008429914
4.184947490692139,0.017641211402442458,-0.34691943621076415,0.2002475426175776,0.005369099821018075,-0.032980374661520706,-0.05982553008429914
4.189906597137451,0.017641211402442458,-0.3469156012002772,0.19597917594517966,0.005369099821018075,-0.032980374661520706,-0.05982553008429914
4.194924592971802,0.017641211402442458,-0.3469156012002772,0.19597917594517966,0.005369099821018075,-0.032980374661520706,-0.05982553008429914
4.199939250946045,0.017641211402442458,-0.3468925911373528,0.1909438071753149,0.005369099821018075,-0.032980374661520706,-0.05982553008429914
4.204960107803345,0.017641211402442458,-0.3468925911373528,0.1909438071753149,0.005369099821018075,-0.032980374661520706,-0.05982553008429914
4.209975719451904,0.017641211402442458,-0.34688492111637803,0.18700908641531422,0.005369099821018075,-0.032980374661520706,-0.05982553008429914
4.215166807174683,0.017641211402442458,-0.34685040602199235,0.183258446158705,0.005369099821018075,-0.032980374661520706,-0.05982553008429914
4.219998121261597,0.017641211402442458,-0.34685040602199235,0.183258446158705,0.005369099821018075,-0.032980374661520706,-0.05982553008429914
4.224889278411865,0.017641211402442458,-0.34681205591711883,0.17895556439192095,0.005369099821018075,-0.032980374661520706,-0.05982553008429914
4.229882001876831,0.017641211402442458,-0.34681205591711883,0.17895556439192095,0.005369099821018075,-0.032980374661520706,-0.05982553008429914
4.234886646270752,0.017641211402442458,-0.34674302572834703,0.17503234866338158,0.005369099821018075,-0.032980374661520706,-0.05982553008429914
4.2398905754089355,0.017641211402442458,-0.34674302572834703,0.17503234866338158,0.005369099821018075,-0.032980374661520706,-0.05982553008429914
4.244888544082642,0.017641211402442458,-0.34660113034031603,0.17351751952088623,0.005369099821018075,-0.032980374661520706,-0.05982553008429914
4.249943733215332,0.017641211402442458,-0.34660113034031603,0.17351751952088623,0.005369099821018075,-0.032980374661520706,-0.05982553008429914
4.254912614822388,0.017641211402442458,-0.34636719470058885,0.16935653314213317,0.005369099821018075,-0.03374736505546316,-0.05982553008429914
4.259888648986816,0.017641211402442458,-0.3460373837986781,0.16645726521371174,0.005369099821018075,-0.03451435544940651,-0.05982553008429914
4.264873743057251,0.017641211402442458,-0.3460373837986781,0.16645726521371174,0.005369099821018075,-0.03451435544940651,-0.05982553008429914
4.269871234893799,0.017641211402442458,-0.34540077205778186,0.1645205849176099,0.005369099821018075,-0.035281345843348966,-0.05982553008429914
4.274939775466919,0.017641211402442458,-0.34540077205778186,0.1645205849176099,0.005369099821018075,-0.035281345843348966,-0.05982553008429914
4.279867172241211,0.017641211402442458,-0.34482935549516913,0.16252637946419846,0.005369099821018075,-0.035281345843348966,-0.05982553008429914
4.284898281097412,0.017641211402442458,-0.34482935549516913,0.16252637946419846,0.005369099821018075,-0.035281345843348966,-0.05982553008429914
4.28992772102356,0.017641211402442458,-0.34323782614292764,0.16105757044755098,0.005369099821018075,-0.03604833623729231,-0.05982553008429914
4.2949278354644775,0.017641211402442458,-0.34323782614292764,0.16105757044755098,0.005369099821018075,-0.03604833623729231,-0.05982553008429914
4.29990553855896,0.017641211402442458,-0.3426433995173914,0.16008731279425614,0.005369099821018075,-0.03604833623729231,-0.05982553008429914
4.304915189743042,0.017641211402442458,-0.3403155481515814,0.15915540524583527,0.005369099821018075,-0.03604833623729231,-0.05982553008429914
4.309916734695435,0.017641211402442458,-0.3403155481515814,0.15915540524583527,0.005369099821018075,-0.03604833623729231,-0.05982553008429914
4.3149189949035645,0.017641211402442458,-0.33876236890421296,0.15879874927051318,0.005369099821018075,-0.03604833623729231,-0.05982553008429914
4.319921016693115,0.017641211402442458,-0.33876236890421296,0.15879874927051318,0.005369099821018075,-0.03604833623729231,-0.05982553008429914
4.32487154006958,0.017641211402442458,-0.3366837932200797,0.15856097862029905,0.005369099821018075,-0.03604833623729231,-0.05982553008429914
4.3299620151519775,0.017641211402442458,-0.3366837932200797,0.15856097862029905,0.005369099821018075,-0.03604833623729231,-0.05982553008429914
4.334944725036621,0.017641211402442458,-0.3347394429030035,0.15867027641918785,0.005369099821018075,-0.03681532663123477,-0.05982553008429914
4.339916467666626,0.017641211402442458,-0.3347394429030035,0.15867027641918785,0.005369099821018075,-0.03681532663123477,-0.05982553008429914
4.344959735870361,0.017641211402442458,-0.3323617364008591,0.15872013155552267,0.005369099821018075,-0.03681532663123477,-0.05982553008429914
4.3499815464019775,0.017641211402442458,-0.33084690725836374,0.15870862652406093,0.005369099821018075,-0.03681532663123477,-0.05982553008429914
4.354946136474609,0.017641211402442458,-0.33084690725836374,0.15870862652406093,0.005369099821018075,-0.03681532663123477,-0.05982553008429914
4.35986328125,0.017641211402442458,-0.32776739383703735,0.15871437903979224,0.005369099821018075,-0.037582317025178114,-0.05982553008429914
4.364930152893066,0.017641211402442458,-0.32776739383703735,0.15871437903979224,0.005369099821018075,-0.037582317025178114,-0.05982553008429914
4.3698883056640625,0.017641211402442458,-0.32578852842557504,0.15871437903979224,0.005369099821018075,-0.03834930741912057,-0.05982553008429914
4.374908447265625,0.017641211402442458,-0.32578852842557504,0.15871437903979224,0.005369099821018075,-0.03834930741912057,-0.05982553008429914
4.3798933029174805,0.017641211402442458,-0.323399316891968,0.15871437903979224,0.005369099821018075,-0.03911629781306303,-0.05982553008429914
4.3849937915802,0.017641211402442458,-0.323399316891968,0.15871437903979224,0.005369099821018075,-0.03911629781306303,-0.05982553008429914
4.389964580535889,0.017641211402442458,-0.32155084183707494,0.15871437903979224,0.005369099821018075,-0.03988328820700637,-0.05982553008429914
4.394928455352783,0.017641211402442458,-0.31938406091173377,0.15871437903979224,0.005369099821018075,-0.04065027860094883,-0.05982553008429914
4.399889945983887,0.017641211402442458,-0.31938406091173377,0.15871437903979224,0.005369099821018075,-0.04065027860094883,-0.05982553008429914
4.404865980148315,0.017641211402442458,-0.3178002015804662,0.15871437903979224,0.005369099821018075,-0.04065027860094883,-0.05982553008429914
4.4100022315979,0.017641211402442458,-0.3178002015804662,0.15871437903979224,0.005369099821018075,-0.04065027860094883,-0.05982553008429914
4.414932012557983,0.017641211402442458,-0.31612046698701546,0.15871437903979224,0.005369099821018075,-0.04065027860094883,-0.05982553008429914
4.419928073883057,0.017641211402442458,-0.31612046698701546,0.15871437903979224,0.005369099821018075,-0.04065027860094883,-0.05982553008429914
4.424866676330566,0.017641211402442458,-0.31422213679578714,0.15871437903979224,0.005369099821018075,-0.04141726899489129,-0.05982553008429914
4.4299468994140625,0.017641211402442458,-0.31422213679578714,0.15871437903979224,0.005369099821018075,-0.04141726899489129,-0.05982553008429914
4.43499755859375,0.017641211402442458,-0.3123774967513815,0.15871437903979224,0.005369099821018075,-0.04141726899489129,-0.05982553008429914
4.439996004104614,0.017641211402442458,-0.31166801981122516,0.15871437903979224,0.005369099821018075,-0.04141726899489129,-0.05982553008429914
4.444904804229736,0.017641211402442458,-0.31166801981122516,0.15871437903979224,0.005369099821018075,-0.04141726899489129,-0.05982553008429914
4.449866771697998,0.017641211402442458,-0.309482063833447,0.15871437903979224,0.005369099821018075,-0.04141726899489129,-0.05982553008429914
4.454930305480957,0.017641211402442458,-0.309482063833447,0.15871437903979224,0.005369099821018075,-0.04141726899489129,-0.05982553008429914
4.45989203453064,0.017641211402442458,-0.3083123856348111,0.1587105440293044,0.005369099821018075,-0.04141726899489129,-0.05982553008429914
4.464920520782471,0.017641211402442458,-0.3083123856348111,0.1587105440293044,0.005369099821018075,-0.04141726899489129,-0.05982553008429914
4.469896078109741,0.017641211402442458,-0.3073958181283394,0.15870670901881745,0.005369099821018075,-0.04141726899489129,-0.05982553008429914
4.474915266036987,0.017641211402442458,-0.3073958181283394,0.15870670901881745,0.005369099821018075,-0.04141726899489129,-0.05982553008429914
4.479999780654907,0.017641211402442458,-0.30568156844050254,0.15870670901881745,0.005369099821018075,-0.04141726899489129,-0.05982553008429914
4.484870433807373,0.017641211402442458,-0.30568156844050254,0.15870670901881745,0.005369099821018075,-0.04141726899489129,-0.05982553008429914
4.489978075027466,0.017641211402442458,-0.3043546548118865,0.15869903899784266,0.005369099821018075,-0.04141726899489129,-0.05982553008429914
4.494895935058594,0.017641211402442458,-0.3035838177039336,0.15869520398735526,0.005369099821018075,-0.04141726899489129,-0.05982553008429914
4.500028848648071,0.017641211402442458,-0.3035838177039336,0.15869520398735526,0.005369099821018075,-0.04141726899489129,-0.05982553008429914
4.504953145980835,0.017641211402442458,-0.302241564033368,0.15869136897686786,0.005369099821018075,-0.04141726899489129,-0.05982553008429914
4.509970426559448,0.017641211402442458,-0.302241564033368,0.15869136897686786,0.005369099821018075,-0.04141726899489129,-0.05982553008429914
4.51486873626709,0.017641211402442458,-0.3014745619359016,0.15869136897686786,0.005369099821018075,-0.04141726899489129,-0.05982553008429914
4.519986391067505,0.017641211402442458,-0.3014745619359016,0.15869136897686786,0.005369099821018075,-0.04141726899489129,-0.05982553008429914
4.524909496307373,0.017641211402442458,-0.30056182943991683,0.1586875339663809,0.005369099821018075,-0.04141726899489129,-0.05982553008429914
4.530007839202881,0.017641211402442458,-0.29976798226903956,0.1586875339663809,0.005369099821018075,-0.04141726899489129,-0.05982553008429914
4.534968137741089,0.017641211402442458,-0.29976798226903956,0.1586875339663809,0.005369099821018075,-0.04141726899489129,-0.05982553008429914
4.539891242980957,0.017641211402442458,-0.298786219584283,0.1586875339663809,0.005369099821018075,-0.04141726899489129,-0.05982553008429914
4.5449018478393555,0.017641211402442458,-0.298786219584283,0.1586875339663809,0.005369099821018075,-0.04141726899489129,-0.05982553008429914
4.549893617630005,0.017641211402442458,-0.29813043279094975,0.1586875339663809,0.005369099821018075,-0.04141726899489129,-0.05982553008429914
4.554948568344116,0.017641211402442458,-0.29813043279094975,0.1586875339663809,0.005369099821018075,-0.04141726899489129,-0.05982553008429914
4.559861898422241,0.017641211402442458,-0.29745163593469215,0.1586875339663809,0.005369099821018075,-0.04141726899489129,-0.05982553008429914
4.565012454986572,0.017641211402442458,-0.29745163593469215,0.1586875339663809,0.005369099821018075,-0.04141726899489129,-0.05982553008429914
4.569931507110596,0.017641211402442458,-0.29729823551519896,0.1586875339663809,0.005369099821018075,-0.04141726899489129,-0.05982553008429914
4.574960947036743,0.017641211402442458,-0.2962704527045945,0.1586875339663809,0.005369099821018075,-0.04141726899489129,-0.05982553008429914
4.579919338226318,0.017641211402442458,-0.2962704527045945,0.1586875339663809,0.005369099821018075,-0.04141726899489129,-0.05982553008429914
4.584901571273804,0.017641211402442458,-0.2962704527045945,0.1586875339663809,0.005369099821018075,-0.04141726899489129,-0.05982553008429914
4.589935541152954,0.017641211402442458,-0.2962704527045945,0.1586875339663809,0.005369099821018075,-0.04141726899489129,-0.05982553008429914
4.594907999038696,0.017641211402442458,-0.29491285899207975,0.1586875339663809,0.005369099821018075,-0.04141726899489129,-0.05982553008429914
4.599956750869751,0.017641211402442458,-0.29491285899207975,0.1586875339663809,0.005369099821018075,-0.04141726899489129,-0.05982553008429914
4.604940891265869,0.017641211402442458,-0.2943989675867771,0.1586875339663809,0.005369099821018075,-0.04141726899489129,-0.05982553008429914
4.609964847564697,0.017641211402442458,-0.2943989675867771,0.1586875339663809,0.005369099821018075,-0.04141726899489129,-0.05982553008429914
4.614939212799072,0.017641211402442458,-0.29407299169535417,0.1586875339663809,0.005369099821018075,-0.04141726899489129,-0.05982553008429914
4.619982481002808,0.017641211402442458,-0.29360128540541286,0.1586875339663809,0.005369099821018075,-0.04141726899489129,-0.05982553008429914
4.624932050704956,0.017641211402442458,-0.29360128540541286,0.1586875339663809,0.005369099821018075,-0.04141726899489129,-0.05982553008429914
4.629871606826782,0.017641211402442458,-0.29338268980763527,0.1586875339663809,0.005369099821018075,-0.04141726899489129,-0.05982553008429914
4.634862899780273,0.017641211402442458,-0.29338268980763527,0.1586875339663809,0.005369099821018075,-0.04141726899489129,-0.05982553008429914
4.639863014221191,0.017641211402442458,-0.29326380448252776,0.1586875339663809,0.005369099821018075,-0.04141726899489129,-0.05982553008429914
4.644975900650024,0.017641211402442458,-0.29326380448252776,0.1586875339663809,0.005369099821018075,-0.04141726899489129,-0.05982553008429914
4.649890422821045,0.017641211402442458,-0.2931372491364459,0.1586875339663809,0.005369099821018075,-0.04141726899489129,-0.05982553008429914
4.654865026473999,0.017641211402442458,-0.2931372491364459,0.1586875339663809,0.005369099821018075,-0.04141726899489129,-0.05982553008429914
4.6598851680755615,0.017641211402442458,-0.29294166360159224,0.1586875339663809,0.005369099821018075,-0.04141726899489129,-0.05982553008429914
4.66485857963562,0.017641211402442458,-0.29273840804576334,0.1586875339663809,0.005369099821018075,-0.04141726899489129,-0.05982553008429914
4.669929027557373,0.017641211402442458,-0.29273840804576334,0.1586875339663809,0.005369099821018075,-0.04141726899489129,-0.05982553008429914
4.674862623214722,0.017641211402442458,-0.2923779170599543,0.1586875339663809,0.005369099821018075,-0.04141726899489129,-0.05982553008429914
4.679867506027222,0.017641211402442458,-0.2923779170599543,0.1586875339663809,0.005369099821018075,-0.04141726899489129,-0.05982553008429914
4.684858083724976,0.017641211402442458,-0.29176815039246895,0.1586875339663809,0.005369099821018075,-0.04141726899489129,-0.05982553008429914
4.689918518066406,0.017641211402442458,-0.29176815039246895,0.1586875339663809,0.005369099821018075,-0.04141726899489129,-0.05982553008429914
4.694873571395874,0.017641211402442458,-0.2911123635991357,0.1586875339663809,0.005369099821018075,-0.04141726899489129,-0.05982553008429914
4.699924945831299,0.017641211402442458,-0.2911123635991357,0.1586875339663809,0.005369099821018075,-0.04141726899489129,-0.05982553008429914
4.704912900924683,0.017641211402442458,-0.2901612809982774,0.1586875339663809,0.005369099821018075,-0.04141726899489129,-0.05982553008429914
4.709848642349243,0.017641211402442458,-0.2894709791105581,0.1586875339663809,0.005369099821018075,-0.04141726899489129,-0.05982553008429914
4.714946031570435,0.017641211402442458,-0.2894709791105581,0.1586875339663809,0.005369099821018075,-0.04141726899489129,-0.05982553008429914
4.719895362854004,0.017641211402442458,-0.28888422250599666,0.1586875339663809,0.005369099821018075,-0.04141726899489129,-0.05982553008429914
4.724991798400879,0.017641211402442458,-0.28888422250599666,0.1586875339663809,0.005369099821018075,-0.04141726899489129,-0.05982553008429914
4.729936599731445,0.017641211402442458,-0.28854674158311155,0.15868369895589307,0.005369099821018075,-0.04141726899489129,-0.05982553008429914
4.735034942626953,0.017641211402442458,-0.28854674158311155,0.15868369895589307,0.005369099821018075,-0.04141726899489129,-0.05982553008429914
4.740108489990234,0.017641211402442458,-0.28829363089094784,0.15867219392443133,0.005369099821018075,-0.04141726899489129,-0.05982553008429914
4.745118856430054,0.017641211402442458,-0.28829363089094784,0.15867219392443133,0.005369099821018075,-0.04141726899489129,-0.05982553008429914
4.749985456466675,0.017641211402442458,-0.28821693068120124,0.15866068889296958,0.005369099821018075,-0.04141726899489129,-0.05982553008429914
4.755112171173096,0.017641211402442458,-0.28814023047145465,0.15865685388248219,0.005369099821018075,-0.04141726899489129,-0.05982553008429914
4.759943008422852,0.017641211402442458,-0.28814023047145465,0.15865685388248219,0.005369099821018075,-0.04141726899489129,-0.05982553008429914
4.764895439147949,0.017641211402442458,-0.2880827053141446,0.15865685388248219,0.005369099821018075,-0.04141726899489129,-0.05982553008429914
4.769972801208496,0.017641211402442458,-0.2880827053141446,0.15865685388248219,0.005369099821018075,-0.04141726899489129,-0.05982553008429914
4.774864673614502,0.017641211402442458,-0.28799066506244886,0.15865685388248219,0.005369099821018075,-0.04141726899489129,-0.05982553008429914
4.779867172241211,0.017641211402442458,-0.28799066506244886,0.15865685388248219,0.005369099821018075,-0.04141726899489129,-0.05982553008429914
4.7848615646362305,0.017641211402442458,-0.28779124451710736,0.15865685388248219,0.005369099821018075,-0.04141726899489129,-0.05982553008429914
4.7898643016815186,0.017641211402442458,-0.28779124451710736,0.15865685388248219,0.005369099821018075,-0.04141726899489129,-0.05982553008429914
4.794958114624023,0.017641211402442458,-0.2875342988144567,0.15865685388248219,0.005369099821018075,-0.04141726899489129,-0.05982553008429914
4.799916505813599,0.017641211402442458,-0.28698589231476834,0.15866068889296958,0.005369099821018075,-0.04141726899489129,-0.05982553008429914
4.805049419403076,0.017641211402442458,-0.28698589231476834,0.15866068889296958,0.005369099821018075,-0.04141726899489129,-0.05982553008429914
4.809867858886719,0.017641211402442458,-0.2864068057311817,0.15866068889296958,0.005369099821018075,-0.04141726899489129,-0.05982553008429914
4.815001010894775,0.017641211402442458,-0.2864068057311817,0.15866068889296958,0.005369099821018075,-0.04141726899489129,-0.05982553008429914
4.8198912143707275,0.017641211402442458,-0.2857165038434619,0.15866068889296958,0.005369099821018075,-0.04141726899489129,-0.05982553008429914
4.824966192245483,0.017641211402442458,-0.2857165038434619,0.15866068889296958,0.005369099821018075,-0.04141726899489129,-0.05982553008429914
4.829890489578247,0.017641211402442458,-0.2851144071969509,0.15866068889296958,0.005369099821018075,-0.04141726899489129,-0.05982553008429914
4.835067987442017,0.017641211402442458,-0.2851144071969509,0.15866068889296958,0.005369099821018075,-0.04141726899489129,-0.05982553008429914
4.840001106262207,0.017641211402442458,-0.2848267814104011,0.15866068889296958,0.005369099821018075,-0.04141726899489129,-0.05982553008429914
4.844885587692261,0.017641211402442458,-0.2848267814104011,0.15866068889296958,0.005369099821018075,-0.04141726899489129,-0.05982553008429914
4.849938154220581,0.017641211402442458,-0.28465804094895875,0.15865685388248219,0.005369099821018075,-0.04141726899489129,-0.05982553008429914
4.854892730712891,0.017641211402442458,-0.2846196908440852,0.1586491838615074,0.005369099821018075,-0.04141726899489129,-0.05982553008429914
4.8599255084991455,0.017641211402442458,-0.2846196908440852,0.1586491838615074,0.005369099821018075,-0.04141726899489129,-0.05982553008429914
4.864892244338989,0.017641211402442458,-0.2846196908440852,0.15864151384053304,0.005369099821018075,-0.04141726899489129,-0.05982553008429914
4.8698930740356445,0.017641211402442458,-0.2846196908440852,0.15864151384053304,0.005369099821018075,-0.04141726899489129,-0.05982553008429914
4.874892711639404,0.017641211402442458,-0.2846196908440852,0.15864151384053304,0.005369099821018075,-0.04141726899489129,-0.05982553008429914
4.8799662590026855,0.017641211402442458,-0.2846196908440852,0.15864151384053304,0.005369099821018075,-0.04141726899489129,-0.05982553008429914
4.884870767593384,0.017641211402442458,-0.28460435080213653,0.15864151384053304,0.005369099821018075,-0.04141726899489129,-0.05982553008429914
4.889912128448486,0.017641211402442458,-0.2845775057287252,0.15864151384053304,0.005369099821018075,-0.04141726899489129,-0.05982553008429914
4.89492130279541,0.017641211402442458,-0.2845775057287252,0.15864151384053304,0.005369099821018075,-0.04141726899489129,-0.05982553008429914
4.899886608123779,0.017641211402442458,-0.28450847553995295,0.15864534885102,0.005369099821018075,-0.04141726899489129,-0.05982553008429914
4.904928684234619,0.017641211402442458,-0.28450847553995295,0.15864534885102,0.005369099821018075,-0.04141726899489129,-0.05982553008429914
4.909903526306152,0.017641211402442458,-0.2844087652672824,0.15864534885102,0.005369099821018075,-0.04141726899489129,-0.05982553008429914
4.914939880371094,0.017641211402442458,-0.2844087652672824,0.15864534885102,0.005369099821018075,-0.04141726899489129,-0.05982553008429914
4.920425176620483,0.017641211402442458,-0.2843090549946119,0.15864534885102,0.005369099821018075,-0.04141726899489129,-0.05982553008429914
4.9249067306518555,0.017641211402442458,-0.2843090549946119,0.15864534885102,0.005369099821018075,-0.04141726899489129,-0.05982553008429914
4.929904937744141,0.017641211402442458,-0.2840329342395238,0.15864534885102,0.005369099821018075,-0.04141726899489129,-0.05982553008429914
4.9348976612091064,0.017641211402442458,-0.2840329342395238,0.15864534885102,0.005369099821018075,-0.04141726899489129,-0.05982553008429914
4.93989634513855,0.017641211402442458,-0.28386802878856887,0.15864534885102,0.005369099821018075,-0.04141726899489129,-0.05982553008429914
4.944870710372925,0.017641211402442458,-0.2835190428342216,0.15864534885102,0.005369099821018075,-0.04141726899489129,-0.05982553008429914
4.949897766113281,0.017641211402442458,-0.2835190428342216,0.15864534885102,0.005369099821018075,-0.04141726899489129,-0.05982553008429914
4.954865455627441,0.017641211402442458,-0.283139376795976,0.15864534885102,0.005369099821018075,-0.04141726899489129,-0.05982553008429914
4.959979057312012,0.017641211402442458,-0.283139376795976,0.15864534885102,0.005369099821018075,-0.04141726899489129,-0.05982553008429914
4.9648919105529785,0.017641211402442458,-0.28275971075773043,0.15864534885102,0.005369099821018075,-0.04141726899489129,-0.05982553008429914
4.969937801361084,0.017641211402442458,-0.28275971075773043,0.15864534885102,0.005369099821018075,-0.04141726899489129,-0.05982553008429914
4.974894285202026,0.017641211402442458,-0.2822880044677887,0.15864534885102,0.005369099821018075,-0.04141726899489129,-0.05982553008429914
4.979892015457153,0.017641211402442458,-0.2815670224961706,0.15864534885102,0.005369099821018075,-0.04141726899489129,-0.05982553008429914
4.98493504524231,0.017641211402442458,-0.2815670224961706,0.15864534885102,0.005369099821018075,-0.04141726899489129,-0.05982553008429914
4.989890098571777,0.017641211402442458,-0.2809227407342991,0.15864534885102,0.005369099821018075,-0.04141726899489129,-0.05982553008429914
4.995030641555786,0.017641211402442458,-0.2809227407342991,0.15864534885102,0.005369099821018075,-0.04141726899489129,-0.05982553008429914
4.999905824661255,0.017641211402442458,-0.2802362738570672,0.15864534885102,0.005369099821018075,-0.04141726899489129,-0.05982553008429914
5.004933595657349,0.017641211402442458,-0.2802362738570672,0.15864534885102,0.005369099821018075,-0.04141726899489129,-0.05982553008429914
5.009917259216309,0.017641211402442458,-0.2797568975461511,0.15864534885102,0.005369099821018075,-0.04141726899489129,-0.05982553008429914
5.014942646026611,0.017641211402442458,-0.2797568975461511,0.15864534885102,0.005369099821018075,-0.04141726899489129,-0.05982553008429914
5.019924879074097,0.017641211402442458,-0.2797568975461511,0.15864534885102,0.005369099821018075,-0.04141726899489129,-0.05982553008429914
5.025017023086548,0.017641211402442458,-0.2792545111723106,0.15864534885102,0.005369099821018075,-0.04141726899489129,-0.05982553008429914
5.029935598373413,0.017641211402442458,-0.2792545111723106,0.15864534885102,0.005369099821018075,-0.04141726899489129,-0.05982553008429914
5.034892559051514,0.017641211402442458,-0.27915096588915267,0.15864151384053304,0.005369099821018075,-0.04141726899489129,-0.05982553008429914
5.039933443069458,0.017641211402442458,-0.27915096588915267,0.15864151384053304,0.005369099821018075,-0.04141726899489129,-0.05982553008429914
5.044905424118042,0.017641211402442458,-0.2790857707108678,0.1586376788300452,0.005369099821018075,-0.04141726899489129,-0.05982553008429914
5.050131559371948,0.017641211402442458,-0.2790857707108678,0.1586376788300452,0.005369099821018075,-0.04141726899489129,-0.05982553008429914
5.0550360679626465,0.017641211402442458,-0.27893620530186247,0.1586376788300452,0.005369099821018075,-0.04141726899489129,-0.05982553008429914
5.060013294219971,0.017641211402442458,-0.27893620530186247,0.1586376788300452,0.005369099821018075,-0.04141726899489129,-0.05982553008429914
5.064974069595337,0.017641211402442458,-0.2787291147355466,0.1586376788300452,0.005369099821018075,-0.04141726899489129,-0.05982553008429914
5.0701210498809814,0.017641211402442458,-0.27854503423215426,0.1586376788300452,0.005369099821018075,-0.04141726899489129,-0.05982553008429914
5.07511305809021,0.017641211402442458,-0.27854503423215426,0.1586376788300452,0.005369099821018075,-0.04141726899489129,-0.05982553008429914
5.079893112182617,0.017641211402442458,-0.27818454324634523,0.1586376788300452,0.005369099821018075,-0.04141726899489129,-0.05982553008429914
5.085064172744751,0.017641211402442458,-0.27818454324634523,0.1586376788300452,0.005369099821018075,-0.04141726899489129,-0.05982553008429914
5.089908599853516,0.017641211402442458,-0.27770133192494173,0.1586376788300452,0.005369099821018075,-0.04141726899489129,-0.05982553008429914
5.095003366470337,0.017641211402442458,-0.27770133192494173,0.1586376788300452,0.005369099821018075,-0.04141726899489129,-0.05982553008429914
5.099911212921143,0.017641211402442458,-0.27691515477503925,0.1586376788300452,0.005369099821018075,-0.04141726899489129,-0.05982553008429914
5.1048994064331055,0.017641211402442458,-0.27691515477503925,0.1586376788300452,0.005369099821018075,-0.04141726899489129,-0.05982553008429914
5.110004663467407,0.017641211402442458,-0.2764281084431479,0.1586376788300452,0.005369099821018075,-0.04141726899489129,-0.05982553008429914
5.115116834640503,0.017641211402442458,-0.27584518684907433,0.1586376788300452,0.005369099821018075,-0.04141726899489129,-0.05982553008429914
5.120095252990723,0.017641211402442458,-0.27584518684907433,0.1586376788300452,0.005369099821018075,-0.04141726899489129,-0.05982553008429914
5.124868392944336,0.017641211402442458,-0.2755153759471636,0.1586376788300452,0.005369099821018075,-0.04141726899489129,-0.05982553008429914
5.1300368309021,0.017641211402442458,-0.2755153759471636,0.1586376788300452,0.005369099821018075,-0.04141726899489129,-0.05982553008429914
5.1349098682403564,0.017641211402442458,-0.27518556504525327,0.1586376788300452,0.005369099821018075,-0.04141726899489129,-0.05982553008429914
5.139967441558838,0.017641211402442458,-0.27518556504525327,0.1586376788300452,0.005369099821018075,-0.04141726899489129,-0.05982553008429914
5.144995450973511,0.017641211402442458,-0.27492478433211476,0.1586376788300452,0.005369099821018075,-0.04141726899489129,-0.05982553008429914
5.150004863739014,0.017641211402442458,-0.27492478433211476,0.1586376788300452,0.005369099821018075,-0.04141726899489129,-0.05982553008429914
5.154913902282715,0.017641211402442458,-0.27462565351410273,0.1586376788300452,0.005369099821018075,-0.04141726899489129,-0.05982553008429914
5.159906625747681,0.017641211402442458,-0.2743840478534012,0.1586376788300452,0.005369099821018075,-0.04065027860094883,-0.05982553008429914
5.165003776550293,0.017641211402442458,-0.2743840478534012,0.1586376788300452,0.005369099821018075,-0.04065027860094883,-0.05982553008429914
5.169867992401123,0.017641211402442458,-0.27402739187807956,0.1586376788300452,0.005369099821018075,-0.04065027860094883,-0.05982553008429914
5.174935340881348,0.017641211402442458,-0.27402739187807956,0.1586376788300452,0.005369099821018075,-0.04065027860094883,-0.05982553008429914
5.1798951625823975,0.017641211402442458,-0.2736822409342201,0.1586376788300452,0.005369099821018075,-0.04065027860094883,-0.05982553008429914
5.184994220733643,0.017641211402442458,-0.2736822409342201,0.1586376788300452,0.005369099821018075,-0.04065027860094883,-0.05982553008429914
5.189916372299194,0.017641211402442458,-0.2732297096967149,0.1586376788300452,0.005369099821018075,-0.04065027860094883,-0.05982553008429914
5.194997787475586,0.017641211402442458,-0.2732297096967149,0.1586376788300452,0.005369099821018075,-0.04065027860094883,-0.05982553008429914
5.1999897956848145,0.017641211402442458,-0.27287305372139325,0.1586376788300452,0.005369099821018075,-0.04065027860094883,-0.05982553008429914
5.205052614212036,0.017641211402442458,-0.2721137216449021,0.15863384381955825,0.005369099821018075,-0.04065027860094883,-0.05982553008429914
5.209914922714233,0.017641211402442458,-0.2721137216449021,0.15863384381955825,0.005369099821018075,-0.04065027860094883,-0.05982553008429914
5.214888334274292,0.017641211402442458,-0.2715729851661881,0.15863000880907085,0.005369099821018075,-0.04065027860094883,-0.05982553008429914
5.219934940338135,0.017641211402442458,-0.2715729851661881,0.15863000880907085,0.005369099821018075,-0.04065027860094883,-0.05982553008429914
5.2249531745910645,0.017641211402442458,-0.27104375371893674,0.15862617379858346,0.005369099821018075,-0.04065027860094883,-0.05982553008429914
5.229961156845093,0.017641211402442458,-0.27104375371893674,0.15862617379858346,0.005369099821018075,-0.04065027860094883,-0.05982553008429914
5.234922170639038,0.017641211402442458,-0.270652582649229,0.15862233878809606,0.005369099821018075,-0.04065027860094883,-0.05982553008429914
5.239936590194702,0.017641211402442458,-0.270652582649229,0.15862233878809606,0.005369099821018075,-0.04065027860094883,-0.05982553008429914
5.2449212074279785,0.017641211402442458,-0.2702038864222116,0.15861850377760867,0.005369099821018075,-0.03988328820700637,-0.05982553008429914
5.24990701675415,0.017641211402442458,-0.2702038864222116,0.15861850377760867,0.005369099821018075,-0.03988328820700637,-0.05982553008429914
5.2550036907196045,0.017641211402442458,-0.2699661157719966,0.15861850377760867,0.005369099821018075,-0.03988328820700637,-0.05982553008429914
5.2598960399627686,0.017641211402442458,-0.2694062042408465,0.15861850377760867,0.005369099821018075,-0.03988328820700637,-0.05982553008429914
5.264909744262695,0.017641211402442458,-0.2694062042408465,0.15861850377760867,0.005369099821018075,-0.03988328820700637,-0.05982553008429914
5.269894361495972,0.017641211402442458,-0.2694062042408465,0.15861850377760867,0.005369099821018075,-0.03988328820700637,-0.05982553008429914
5.274893760681152,0.017641211402442458,-0.2694062042408465,0.15861850377760867,0.005369099821018075,-0.03988328820700637,-0.05982553008429914
5.279890775680542,0.017641211402442458,-0.26827487614708456,0.15861850377760867,0.005369099821018075,-0.03988328820700637,-0.05982553008429914
5.284930944442749,0.017641211402442458,-0.26827487614708456,0.15861850377760867,0.005369099821018075,-0.03988328820700637,-0.05982553008429914
5.289911508560181,0.017641211402442458,-0.26781083987811716,0.15861850377760867,0.005369099821018075,-0.03988328820700637,-0.05982553008429914
5.294837236404419,0.017641211402442458,-0.267273938409891,0.15861850377760867,0.005369099821018075,-0.03911629781306303,-0.05982553008429914
5.2999267578125,0.017641211402442458,-0.267273938409891,0.15861850377760867,0.005369099821018075,-0.03911629781306303,-0.05982553008429914
5.304896593093872,0.017641211402442458,-0.2669441275079807,0.15861850377760867,0.005369099821018075,-0.03911629781306303,-0.05982553008429914
5.309980154037476,0.017641211402442458,-0.2669441275079807,0.15861850377760867,0.005369099821018075,-0.03911629781306303,-0.05982553008429914
5.314876556396484,0.017641211402442458,-0.26667184176338043,0.1586146687671217,0.005369099821018075,-0.03911629781306303,-0.05982553008429914
5.319864273071289,0.017641211402442458,-0.26667184176338043,0.1586146687671217,0.005369099821018075,-0.03911629781306303,-0.05982553008429914
5.324897289276123,0.017641211402442458,-0.2664724212180394,0.15861083375663387,0.005369099821018075,-0.03911629781306303,-0.05982553008429914
5.329913854598999,0.017641211402442458,-0.2664724212180394,0.15861083375663387,0.005369099821018075,-0.03911629781306303,-0.05982553008429914
5.334870338439941,0.017641211402442458,-0.26613877530564123,0.15861083375663387,0.005369099821018075,-0.03911629781306303,-0.05982553008429914
5.340020656585693,0.017641211402442458,-0.26575910926739565,0.15861083375663387,0.005369099821018075,-0.03834930741912057,-0.05982553008429914
5.344897508621216,0.017641211402442458,-0.26575910926739565,0.15861083375663387,0.005369099821018075,-0.03834930741912057,-0.05982553008429914
5.349964618682861,0.017641211402442458,-0.26524138285160603,0.15861083375663387,0.005369099821018075,-0.03834930741912057,-0.05982553008429914
5.355046987533569,0.017641211402442458,-0.26524138285160603,0.15861083375663387,0.005369099821018075,-0.03834930741912057,-0.05982553008429914
5.359890937805176,0.017641211402442458,-0.2647696765616647,0.15861083375663387,0.005369099821018075,-0.03834930741912057,-0.05982553008429914
5.365023374557495,0.017641211402442458,-0.2647696765616647,0.15861083375663387,0.005369099821018075,-0.03834930741912057,-0.05982553008429914
5.370000123977661,0.017641211402442458,-0.26402951953760967,0.15861083375663387,0.005369099821018075,-0.03834930741912057,-0.05982553008429914
5.374957799911499,0.017641211402442458,-0.26402951953760967,0.15861083375663387,0.005369099821018075,-0.03834930741912057,-0.05982553008429914
5.3798909187316895,0.017641211402442458,-0.2634082478386621,0.15861083375663387,0.005369099821018075,-0.03834930741912057,-0.05982553008429914
5.384859323501587,0.017641211402442458,-0.2634082478386621,0.15861083375663387,0.005369099821018075,-0.03834930741912057,-0.05982553008429914
5.38997745513916,0.017641211402442458,-0.2629633866221317,0.15860699874614692,0.005369099821018075,-0.03834930741912057,-0.05982553008429914
5.394888877868652,0.017641211402442458,-0.2622232295980771,0.15860316373565952,0.005369099821018075,-0.03834930741912057,-0.05982553008429914
5.399927377700806,0.017641211402442458,-0.2622232295980771,0.15860316373565952,0.005369099821018075,-0.03834930741912057,-0.05982553008429914
5.404891014099121,0.017641211402442458,-0.2618167184864202,0.15859932872517213,0.005369099821018075,-0.03834930741912057,-0.05982553008429914
5.4100141525268555,0.017641211402442458,-0.2618167184864202,0.15859932872517213,0.005369099821018075,-0.03834930741912057,-0.05982553008429914
5.414942264556885,0.017641211402442458,-0.2616479780249774,0.15859549371468473,0.005369099821018075,-0.03834930741912057,-0.05982553008429914
5.419909238815308,0.017641211402442458,-0.2616479780249774,0.15859549371468473,0.005369099821018075,-0.03834930741912057,-0.05982553008429914
5.424896478652954,0.017641211402442458,-0.2613450121964789,0.15859549371468473,0.005369099821018075,-0.03834930741912057,-0.05982553008429914
5.430083513259888,0.017641211402442458,-0.26115326167211217,0.15859549371468473,0.005369099821018075,-0.03834930741912057,-0.05982553008429914
5.4350011348724365,0.017641211402442458,-0.26115326167211217,0.15859549371468473,0.005369099821018075,-0.03834930741912057,-0.05982553008429914
5.4399027824401855,0.017641211402442458,-0.2609078210009228,0.15859549371468473,0.005369099821018075,-0.03834930741912057,-0.05982553008429914
5.444894313812256,0.017641211402442458,-0.2609078210009228,0.15859549371468473,0.005369099821018075,-0.03834930741912057,-0.05982553008429914
5.449866533279419,0.017641211402442458,-0.2604629597843928,0.15859549371468473,0.005369099821018075,-0.03834930741912057,-0.05982553008429914
5.4549384117126465,0.017641211402442458,-0.2604629597843928,0.15859549371468473,0.005369099821018075,-0.03834930741912057,-0.05982553008429914
5.460002422332764,0.017641211402442458,-0.25981100800154655,0.15859549371468473,0.005369099821018075,-0.03834930741912057,-0.05982553008429914
5.4650022983551025,0.017641211402442458,-0.25981100800154655,0.15859549371468473,0.005369099821018075,-0.03834930741912057,-0.05982553008429914
5.469888687133789,0.017641211402442458,-0.25924726145990906,0.15859549371468473,0.005369099821018075,-0.03834930741912057,-0.05982553008429914
5.475206136703491,0.017641211402442458,-0.25861448472949977,0.15859549371468473,0.005369099821018075,-0.03834930741912057,-0.05982553008429914
5.479975700378418,0.017641211402442458,-0.25861448472949977,0.15859549371468473,0.005369099821018075,-0.03834930741912057,-0.05982553008429914
5.484905481338501,0.017641211402442458,-0.2582079736178424,0.15859549371468473,0.005369099821018075,-0.03834930741912057,-0.05982553008429914
5.4899749755859375,0.017641211402442458,-0.2582079736178424,0.15859549371468473,0.005369099821018075,-0.03834930741912057,-0.05982553008429914
5.494874000549316,0.017641211402442458,-0.25797787298860264,0.15859549371468473,0.005369099821018075,-0.03834930741912057,-0.05982553008429914
5.499898672103882,0.017641211402442458,-0.25797787298860264,0.15859549371468473,0.005369099821018075,-0.03834930741912057,-0.05982553008429914
5.504956960678101,0.017641211402442458,-0.2578935027578817,0.15859165870419734,0.005369099821018075,-0.03834930741912057,-0.05982553008429914
5.509901285171509,0.017641211402442458,-0.2578935027578817,0.15859165870419734,0.005369099821018075,-0.03834930741912057,-0.05982553008429914
5.514949321746826,0.017641211402442458,-0.25790309028409997,0.15859165870419734,0.005369099821018075,-0.03834930741912057,-0.05982553008429914
5.520141363143921,0.017641211402442458,-0.25791267781031824,0.15859165870419734,0.005369099821018075,-0.03834930741912057,-0.05982553008429914
5.5249340534210205,0.017641211402442458,-0.25791267781031824,0.15859165870419734,0.005369099821018075,-0.03834930741912057,-0.05982553008429914
5.5298991203308105,0.017641211402442458,-0.25788966774739386,0.15859165870419734,0.005369099821018075,-0.03834930741912057,-0.05982553008429914
5.535018682479858,0.017641211402442458,-0.25788966774739386,0.15859165870419734,0.005369099821018075,-0.03834930741912057,-0.05982553008429914
5.539918422698975,0.017641211402442458,-0.2578858327369069,0.15859165870419734,0.005369099821018075,-0.03834930741912057,-0.05982553008429914
5.544985294342041,0.017641211402442458,-0.2578858327369069,0.15859165870419734,0.005369099821018075,-0.03834930741912057,-0.05982553008429914
5.54990553855896,0.017641211402442458,-0.2578781627159321,0.15859165870419734,0.005369099821018075,-0.03834930741912057,-0.05982553008429914
5.554889440536499,0.017641211402442458,-0.2578781627159321,0.15859165870419734,0.005369099821018075,-0.03834930741912057,-0.05982553008429914
5.559967279434204,0.017641211402442458,-0.2578743277054447,0.15859165870419734,0.005369099821018075,-0.03834930741912057,-0.05982553008429914
5.564969539642334,0.017641211402442458,-0.25783597760057164,0.15859165870419734,0.005369099821018075,-0.03834930741912057,-0.05982553008429914
5.569953918457031,0.017641211402442458,-0.25783597760057164,0.15859165870419734,0.005369099821018075,-0.03834930741912057,-0.05982553008429914
5.5748984813690186,0.017641211402442458,-0.25780913252715987,0.15859165870419734,0.005369099821018075,-0.03834930741912057,-0.05982553008429914
5.580036401748657,0.017641211402442458,-0.25780913252715987,0.15859165870419734,0.005369099821018075,-0.03834930741912057,-0.05982553008429914
5.5849621295928955,0.017641211402442458,-0.25774393734887546,0.15859165870419734,0.005369099821018075,-0.03834930741912057,-0.05982553008429914
5.590050935745239,0.017641211402442458,-0.25774393734887546,0.15859165870419734,0.005369099821018075,-0.03834930741912057,-0.05982553008429914
5.595226764678955,0.017641211402442458,-0.2576902472020528,0.15859165870419734,0.005369099821018075,-0.03834930741912057,-0.05982553008429914
5.59991717338562,0.017641211402442458,-0.2576902472020528,0.15859165870419734,0.005369099821018075,-0.03834930741912057,-0.05982553008429914
5.604862928390503,0.017641211402442458,-0.2576135469923062,0.15859165870419734,0.005369099821018075,-0.03834930741912057,-0.05982553008429914
5.60985803604126,0.017641211402442458,-0.2575483518140218,0.15859165870419734,0.005369099821018075,-0.03834930741912057,-0.05982553008429914
5.614864826202393,0.017641211402442458,-0.2575483518140218,0.15859165870419734,0.005369099821018075,-0.03834930741912057,-0.05982553008429914
5.619863510131836,0.017641211402442458,-0.2574678165937878,0.15859165870419734,0.005369099821018075,-0.03834930741912057,-0.05982553008429914
5.624890327453613,0.017641211402442458,-0.2574678165937878,0.15859165870419734,0.005369099821018075,-0.03834930741912057,-0.05982553008429914
5.6298933029174805,0.017641211402442458,-0.25732975621624377,0.15859165870419734,0.005369099821018075,-0.037582317025178114,-0.05982553008429914
5.634895086288452,0.017641211402442458,-0.25732975621624377,0.15859165870419734,0.005369099821018075,-0.037582317025178114,-0.05982553008429914
5.640001535415649,0.017641211402442458,-0.25711499562895357,0.15859165870419734,0.005369099821018075,-0.037582317025178114,-0.05982553008429914
5.644897937774658,0.017641211402442458,-0.25711499562895357,0.15859165870419734,0.005369099821018075,-0.037582317025178114,-0.05982553008429914
5.649892807006836,0.017641211402442458,-0.25696159520945994,0.15859165870419734,0.005369099821018075,-0.037582317025178114,-0.05982553008429914
5.654856204986572,0.017641211402442458,-0.25685421491581506,0.15859165870419734,0.005369099821018075,-0.037582317025178114,-0.05982553008429914
5.659965515136719,0.017641211402442458,-0.25685421491581506,0.15859165870419734,0.005369099821018075,-0.037582317025178114,-0.05982553008429914
5.664865016937256,0.017641211402442458,-0.25655891910829043,0.15859165870419734,0.005369099821018075,-0.037582317025178114,-0.05982553008429914
5.669864892959595,0.017641211402442458,-0.25655891910829043,0.15859165870419734,0.005369099821018075,-0.037582317025178114,-0.05982553008429914
5.674922227859497,0.017641211402442458,-0.2564592088356199,0.15859165870419734,0.005369099821018075,-0.037582317025178114,-0.05982553008429914
5.679948329925537,0.017641211402442458,-0.2564592088356199,0.15859165870419734,0.005369099821018075,-0.037582317025178114,-0.05982553008429914
5.684868574142456,0.017641211402442458,-0.2563403235105124,0.15859165870419734,0.005369099821018075,-0.037582317025178114,-0.05982553008429914
5.689973592758179,0.017641211402442458,-0.2563403235105124,0.15859165870419734,0.005369099821018075,-0.037582317025178114,-0.05982553008429914
5.694879055023193,0.017641211402442458,-0.25611022288127305,0.15859165870419734,0.005369099821018075,-0.037582317025178114,-0.05982553008429914
5.700033187866211,0.017641211402442458,-0.25570371176961615,0.15859165870419734,0.005369099821018075,-0.03681532663123477,-0.05982553008429914
5.704892635345459,0.017641211402442458,-0.25570371176961615,0.15859165870419734,0.005369099821018075,-0.03681532663123477,-0.05982553008429914
5.70986270904541,0.017641211402442458,-0.2550440899657951,0.15859165870419734,0.005369099821018075,-0.03681532663123477,-0.05982553008429914
5.714936017990112,0.017641211402442458,-0.2550440899657951,0.15859165870419734,0.005369099821018075,-0.03681532663123477,-0.05982553008429914
5.71987509727478,0.017641211402442458,-0.25449951847659413,0.15859165870419734,0.005369099821018075,-0.03681532663123477,-0.05982553008429914
5.724895715713501,0.017641211402442458,-0.25449951847659413,0.15859165870419734,0.005369099821018075,-0.03681532663123477,-0.05982553008429914
5.7299158573150635,0.017641211402442458,-0.253882081788134,0.15859165870419734,0.005369099821018075,-0.03681532663123477,-0.05982553008429914
5.73490571975708,0.017641211402442458,-0.253882081788134,0.15859165870419734,0.005369099821018075,-0.03681532663123477,-0.05982553008429914
5.739934682846069,0.017641211402442458,-0.2534755706764771,0.15858782369371038,0.005369099821018075,-0.03681532663123477,-0.05982553008429914
5.745100736618042,0.017641211402442458,-0.25321862497382597,0.15858782369371038,0.005369099821018075,-0.03681532663123477,-0.05982553008429914
5.74989128112793,0.017641211402442458,-0.25321862497382597,0.15858782369371038,0.005369099821018075,-0.03681532663123477,-0.05982553008429914
5.754903078079224,0.017641211402442458,-0.2531074096696937,0.15858782369371038,0.005369099821018075,-0.03681532663123477,-0.05982553008429914
5.759907245635986,0.017641211402442458,-0.2531074096696937,0.15858782369371038,0.005369099821018075,-0.03681532663123477,-0.05982553008429914
5.764896869659424,0.017641211402442458,-0.2531246672168863,0.15858782369371038,0.005369099821018075,-0.03681532663123477,-0.05982553008429914
5.769912242889404,0.017641211402442458,-0.2531246672168863,0.15858782369371038,0.005369099821018075,-0.03681532663123477,-0.05982553008429914
5.7749035358428955,0.017641211402442458,-0.253138089753592,0.15858782369371038,0.005369099821018075,-0.03681532663123477,-0.05982553008429914
5.779898405075073,0.017641211402442458,-0.253138089753592,0.15858782369371038,0.005369099821018075,-0.03681532663123477,-0.05982553008429914
5.784961700439453,0.017641211402442458,-0.2531304197326172,0.15858782369371038,0.005369099821018075,-0.03681532663123477,-0.05982553008429914
5.790088653564453,0.017641211402442458,-0.2531304197326172,0.15858782369371038,0.005369099821018075,-0.03681532663123477,-0.05982553008429914
5.794888496398926,0.017641211402442458,-0.2531304197326172,0.15858782369371038,0.005369099821018075,-0.03681532663123477,-0.05982553008429914
5.799916505813599,0.017641211402442458,-0.2531304197326172,0.15858782369371038,0.005369099821018075,-0.03681532663123477,-0.05982553008429914
5.804994106292725,0.017641211402442458,-0.2531304197326172,0.15858782369371038,0.005369099821018075,-0.03681532663123477,-0.05982553008429914
5.810005187988281,0.017641211402442458,-0.2531304197326172,0.15858782369371038,0.005369099821018075,-0.03681532663123477,-0.05982553008429914
5.815050363540649,0.017641211402442458,-0.2531304197326172,0.15858782369371038,0.005369099821018075,-0.03681532663123477,-0.05982553008429914
5.819997787475586,0.017641211402442458,-0.2531304197326172,0.15858782369371038,0.005369099821018075,-0.03681532663123477,-0.05982553008429914
5.825002431869507,0.017641211402442458,-0.2531304197326172,0.15858782369371038,0.005369099821018075,-0.03681532663123477,-0.05982553008429914
5.82997465133667,0.017641211402442458,-0.2531304197326172,0.15859165870419734,0.005369099821018075,-0.03681532663123477,-0.05982553008429914
5.835002899169922,0.017641211402442458,-0.2531323372378611,0.15859165870419734,0.005369099821018075,-0.03681532663123477,-0.05982553008429914
5.839922666549683,0.017641211402442458,-0.2531323372378611,0.15859165870419734,0.005369099821018075,-0.03681532663123477,-0.05982553008429914
5.844867467880249,0.017641211402442458,-0.253138089753592,0.15859165870419734,0.005369099821018075,-0.03681532663123477,-0.05982553008429914
5.849998712539673,0.017641211402442458,-0.253138089753592,0.15859165870419734,0.005369099821018075,-0.03681532663123477,-0.05982553008429914
5.8549981117248535,0.018408201796384915,-0.25314575977456677,0.15859165870419734,0.005369099821018075,-0.03681532663123477,-0.05982553008429914
5.859962701797485,0.018408201796384915,-0.25314575977456677,0.15859165870419734,0.005369099821018075,-0.03681532663123477,-0.05982553008429914
5.864996433258057,0.01917519219032826,-0.25315918231127243,0.15859165870419734,0.005369099821018075,-0.03681532663123477,-0.05982553008429914
5.869992733001709,0.01917519219032826,-0.25315918231127243,0.15859165870419734,0.005369099821018075,-0.03681532663123477,-0.05982553008429914
5.8749353885650635,0.019942182584270718,-0.2531745223532216,0.15859165870419734,0.005369099821018075,-0.03681532663123477,-0.05982553008429914
5.879988670349121,0.019942182584270718,-0.25318410987943984,0.15859165870419734,0.005369099821018075,-0.03681532663123477,-0.05982553008429914
5.884997844696045,0.019942182584270718,-0.25318410987943984,0.15859165870419734,0.005369099821018075,-0.03681532663123477,-0.05982553008429914
5.889867305755615,0.019942182584270718,-0.2532052024371203,0.15859165870419734,0.005369099821018075,-0.03681532663123477,-0.05982553008429914
5.895017862319946,0.019942182584270718,-0.2532052024371203,0.15859165870419734,0.005369099821018075,-0.03681532663123477,-0.05982553008429914
5.8998939990997314,0.019942182584270718,-0.25322054247906944,0.15859165870419734,0.005369099821018075,-0.03681532663123477,-0.05982553008429914
5.904914855957031,0.019942182584270718,-0.25322054247906944,0.15859165870419734,0.005369099821018075,-0.03681532663123477,-0.05982553008429914
5.909994840621948,0.019942182584270718,-0.2532512225629686,0.15859165870419734,0.005369099821018075,-0.03681532663123477,-0.05982553008429914
5.9149956703186035,0.019942182584270718,-0.2532512225629686,0.15859165870419734,0.005369099821018075,-0.03681532663123477,-0.05982553008429914
5.919918060302734,0.019942182584270718,-0.25326848011016123,0.15859165870419734,0.005369099821018075,-0.03681532663123477,-0.05982553008429914
5.925022602081299,0.019942182584270718,-0.2532780676363795,0.15859165870419734,0.005369099821018075,-0.03681532663123477,-0.05982553008429914
5.929942607879639,0.019942182584270718,-0.2532780676363795,0.15859165870419734,0.005369099821018075,-0.03681532663123477,-0.05982553008429914
5.9349071979522705,0.019942182584270718,-0.2532838201521104,0.15859165870419734,0.005369099821018075,-0.03681532663123477,-0.05982553008429914
5.939996004104614,0.019942182584270718,-0.2532838201521104,0.15859165870419734,0.005369099821018075,-0.03681532663123477,-0.05982553008429914
5.944896936416626,0.019942182584270718,-0.2532838201521104,0.15859165870419734,0.005369099821018075,-0.03681532663123477,-0.05982553008429914
5.949978828430176,0.019942182584270718,-0.2532838201521104,0.15859165870419734,0.005369099821018075,-0.03681532663123477,-0.05982553008429914
5.95493221282959,0.019942182584270718,-0.2532838201521104,0.15859165870419734,0.005369099821018075,-0.03681532663123477,-0.05982553008429914
5.959921360015869,0.019942182584270718,-0.2532838201521104,0.15859165870419734,0.005369099821018075,-0.03681532663123477,-0.05982553008429914
5.9649131298065186,0.019942182584270718,-0.2532838201521104,0.15859165870419734,0.005369099821018075,-0.03681532663123477,-0.05982553008429914
5.969893455505371,0.019942182584270718,-0.2532838201521104,0.15859165870419734,0.005369099821018075,-0.03681532663123477,-0.05982553008429914
5.9749109745025635,0.019942182584270718,-0.2532838201521104,0.15859165870419734,0.005369099821018075,-0.03681532663123477,-0.05982553008429914
5.979865789413452,0.019942182584270718,-0.2532838201521104,0.15859165870419734,0.005369099821018075,-0.03681532663123477,-0.05982553008429914
5.984900712966919,0.019942182584270718,-0.2532838201521104,0.15859165870419734,0.005369099821018075,-0.03681532663123477,-0.05982553008429914
5.9899742603302,0.019942182584270718,-0.2532838201521104,0.15859165870419734,0.005369099821018075,-0.03681532663123477,-0.05982553008429914
5.994901895523071,0.019942182584270718,-0.2532838201521104,0.15859165870419734,0.005369099821018075,-0.03681532663123477,-0.05982553008429914
5.9999964237213135,0.019942182584270718,-0.2532838201521104,0.15859165870419734,0.005369099821018075,-0.03681532663123477,-0.05982553008429914
6.004930019378662,0.019942182584270718,-0.2532838201521104,0.15859165870419734,0.005369099821018075,-0.03681532663123477,-0.05982553008429914
6.009929895401001,0.019942182584270718,-0.2532838201521104,0.15859165870419734,0.005369099821018075,-0.03681532663123477,-0.05982553008429914
6.014853477478027,0.019942182584270718,-0.2532838201521104,0.15859165870419734,0.005369099821018075,-0.03681532663123477,-0.05982553008429914
6.020036697387695,0.019942182584270718,-0.2532838201521104,0.15859165870419734,0.005369099821018075,-0.03681532663123477,-0.05982553008429914
6.024891138076782,0.019942182584270718,-0.2532838201521104,0.15859165870419734,0.005369099821018075,-0.03681532663123477,-0.05982553008429914
6.0299072265625,0.019942182584270718,-0.2532838201521104,0.15859165870419734,0.005369099821018075,-0.03681532663123477,-0.05982553008429914
6.0348968505859375,0.019942182584270718,-0.2532838201521104,0.15859165870419734,0.005369099821018075,-0.03681532663123477,-0.05982553008429914
6.040002107620239,0.019942182584270718,-0.2532838201521104,0.15859165870419734,0.005369099821018075,-0.03681532663123477,-0.05982553008429914
6.044868230819702,0.019942182584270718,-0.2532838201521104,0.15859165870419734,0.005369099821018075,-0.03681532663123477,-0.05982553008429914
6.049862861633301,0.019942182584270718,-0.2532838201521104,0.15859165870419734,0.005369099821018075,-0.03681532663123477,-0.05982553008429914
6.054900407791138,0.019942182584270718,-0.2532838201521104,0.15859165870419734,0.005369099821018075,-0.03681532663123477,-0.05982553008429914
6.06000542640686,0.019942182584270718,-0.2532838201521104,0.15859165870419734,0.005369099821018075,-0.03681532663123477,-0.05982553008429914
6.064867258071899,0.019942182584270718,-0.2532838201521104,0.15859165870419734,0.005369099821018075,-0.03681532663123477,-0.05982553008429914
6.06989598274231,0.019942182584270718,-0.2532838201521104,0.15859165870419734,0.005369099821018075,-0.03681532663123477,-0.05982553008429914
6.074890613555908,0.019942182584270718,-0.2532838201521104,0.15859165870419734,0.005369099821018075,-0.03681532663123477,-0.05982553008429914
6.0798869132995605,0.019942182584270718,-0.2532838201521104,0.15859549371468473,0.005369099821018075,-0.03681532663123477,-0.05982553008429914
6.0849597454071045,0.019942182584270718,-0.2532838201521104,0.15859549371468473,0.005369099821018075,-0.03681532663123477,-0.05982553008429914
6.089910984039307,0.019942182584270718,-0.2532838201521104,0.15859549371468473,0.005369099821018075,-0.03681532663123477,-0.05982553008429914
6.094913005828857,0.019942182584270718,-0.2532838201521104,0.15859549371468473,0.005369099821018075,-0.03681532663123477,-0.05982553008429914
6.099901914596558,0.019942182584270718,-0.2532838201521104,0.15859549371468473,0.005369099821018075,-0.03681532663123477,-0.05982553008429914
6.104987859725952,0.019942182584270718,-0.2532838201521104,0.15859932872517213,0.005369099821018075,-0.03681532663123477,-0.05982553008429914
6.1099159717559814,0.019942182584270718,-0.2532838201521104,0.15859932872517213,0.005369099821018075,-0.03681532663123477,-0.05982553008429914
6.114867448806763,0.019942182584270718,-0.2532838201521104,0.15859932872517213,0.005369099821018075,-0.03681532663123477,-0.05982553008429914
6.119943857192993,0.019942182584270718,-0.2532838201521104,0.15859932872517213,0.005369099821018075,-0.03681532663123477,-0.05982553008429914
6.124892234802246,0.019942182584270718,-0.2532838201521104,0.15859932872517213,0.005369099821018075,-0.03681532663123477,-0.05982553008429914
6.130008935928345,0.019942182584270718,-0.2532838201521104,0.15859932872517213,0.005369099821018075,-0.03681532663123477,-0.05982553008429914
6.134891986846924,0.019942182584270718,-0.2532838201521104,0.15859932872517213,0.005369099821018075,-0.03681532663123477,-0.05982553008429914
6.139876127243042,0.019942182584270718,-0.2532838201521104,0.15859932872517213,0.005369099821018075,-0.03681532663123477,-0.05982553008429914
6.144911050796509,0.019942182584270718,-0.2532838201521104,0.15859932872517213,0.005369099821018075,-0.03681532663123477,-0.05982553008429914
6.149998188018799,0.019942182584270718,-0.2532838201521104,0.15859932872517213,0.005369099821018075,-0.03681532663123477,-0.05982553008429914
6.1549224853515625,0.019942182584270718,-0.2532838201521104,0.15859932872517213,0.005369099821018075,-0.03681532663123477,-0.05982553008429914
6.159967660903931,0.019942182584270718,-0.2532838201521104,0.15859932872517213,0.005369099821018075,-0.03681532663123477,-0.05982553008429914
6.164906024932861,0.019942182584270718,-0.2532838201521104,0.15859932872517213,0.005369099821018075,-0.03681532663123477,-0.05982553008429914
6.169894218444824,0.019942182584270718,-0.2532838201521104,0.15859932872517213,0.005369099821018075,-0.03681532663123477,-0.05982553008429914
6.174953937530518,0.019942182584270718,-0.2532838201521104,0.15859932872517213,0.005369099821018075,-0.03681532663123477,-0.05982553008429914
6.179892539978027,0.019942182584270718,-0.2532838201521104,0.15859932872517213,0.005369099821018075,-0.03681532663123477,-0.05982553008429914
6.184889793395996,0.019942182584270718,-0.2532838201521104,0.15859932872517213,0.005369099821018075,-0.03681532663123477,-0.05982553008429914
6.18990421295166,0.019942182584270718,-0.2532838201521104,0.15859932872517213,0.005369099821018075,-0.03681532663123477,-0.05982553008429914
6.19508957862854,0.019942182584270718,-0.2532838201521104,0.15859932872517213,0.005369099821018075,-0.03681532663123477,-0.05982553008429914
6.199940919876099,0.019942182584270718,-0.2532838201521104,0.15859932872517213,0.005369099821018075,-0.03681532663123477,-0.05982553008429914
6.204864501953125,0.019942182584270718,-0.2532838201521104,0.15859932872517213,0.005369099821018075,-0.03681532663123477,-0.05982553008429914
6.2099974155426025,0.019942182584270718,-0.2532838201521104,0.15859932872517213,0.005369099821018075,-0.03681532663123477,-0.05982553008429914
6.214893817901611,0.019942182584270718,-0.2532838201521104,0.15859932872517213,0.005369099821018075,-0.03681532663123477,-0.05982553008429914
6.219879865646362,0.019942182584270718,-0.2532838201521104,0.15859932872517213,0.005369099821018075,-0.03681532663123477,-0.05982553008429914
6.224925518035889,0.019942182584270718,-0.2532838201521104,0.15859932872517213,0.005369099821018075,-0.03681532663123477,-0.05982553008429914
6.229891300201416,0.019942182584270718,-0.2532838201521104,0.15859932872517213,0.005369099821018075,-0.03681532663123477,-0.05982553008429914
6.23495078086853,0.019942182584270718,-0.2532838201521104,0.15859932872517213,0.005369099821018075,-0.03681532663123477,-0.05982553008429914
6.240048170089722,0.019942182584270718,-0.2532838201521104,0.15859932872517213,0.005369099821018075,-0.03681532663123477,-0.05982553008429914
6.244906663894653,0.019942182584270718,-0.2532838201521104,0.15859932872517213,0.005369099821018075,-0.03681532663123477,-0.05982553008429914
6.249897003173828,0.019942182584270718,-0.2532838201521104,0.15859932872517213,0.005369099821018075,-0.03681532663123477,-0.05982553008429914
6.254993915557861,0.019942182584270718,-0.2532838201521104,0.15859932872517213,0.005369099821018075,-0.03681532663123477,-0.05982553008429914
6.259972333908081,0.019942182584270718,-0.2532838201521104,0.15859932872517213,0.005369099821018075,-0.03681532663123477,-0.05982553008429914
6.26494288444519,0.019942182584270718,-0.2532838201521104,0.15859932872517213,0.005369099821018075,-0.03681532663123477,-0.05982553008429914
6.269994735717773,0.019942182584270718,-0.2532838201521104,0.15859932872517213,0.005369099821018075,-0.03681532663123477,-0.05982553008429914
6.274973630905151,0.019942182584270718,-0.2532838201521104,0.15859932872517213,0.005369099821018075,-0.03681532663123477,-0.05982553008429914
6.279868125915527,0.019942182584270718,-0.2532838201521104,0.15859932872517213,0.005369099821018075,-0.03681532663123477,-0.05982553008429914
6.284833192825317,0.019942182584270718,-0.2532838201521104,0.15859932872517213,0.005369099821018075,-0.03681532663123477,-0.05982553008429914
6.28995418548584,0.019942182584270718,-0.2532838201521104,0.15859932872517213,0.005369099821018075,-0.03681532663123477,-0.05982553008429914
6.2948644161224365,0.019942182584270718,-0.2532838201521104,0.15859932872517213,0.005369099821018075,-0.03681532663123477,-0.05982553008429914
6.299893617630005,0.019942182584270718,-0.2532838201521104,0.15859932872517213,0.005369099821018075,-0.03681532663123477,-0.05982553008429914
6.304893732070923,0.019942182584270718,-0.2532838201521104,0.15859932872517213,0.005369099821018075,-0.03681532663123477,-0.05982553008429914
6.310018301010132,0.019942182584270718,-0.2532838201521104,0.15859932872517213,0.005369099821018075,-0.03681532663123477,-0.05982553008429914
6.314933776855469,0.019942182584270718,-0.2532838201521104,0.15859932872517213,0.005369099821018075,-0.03681532663123477,-0.05982553008429914
6.319890737533569,0.019942182584270718,-0.2532838201521104,0.15859932872517213,0.005369099821018075,-0.03681532663123477,-0.05982553008429914
6.324904203414917,0.019942182584270718,-0.2532838201521104,0.15859932872517213,0.005369099821018075,-0.03681532663123477,-0.05982553008429914
6.329990386962891,0.019942182584270718,-0.2532838201521104,0.15859932872517213,0.005369099821018075,-0.03681532663123477,-0.05982553008429914
6.334901809692383,0.019942182584270718,-0.2532838201521104,0.15859932872517213,0.005369099821018075,-0.03681532663123477,-0.05982553008429914
6.339921951293945,0.019942182584270718,-0.2532838201521104,0.15859932872517213,0.005369099821018075,-0.03681532663123477,-0.05982553008429914
6.3449132442474365,0.019942182584270718,-0.2532838201521104,0.15859932872517213,0.005369099821018075,-0.03681532663123477,-0.05982553008429914
6.349888563156128,0.019942182584270718,-0.2532838201521104,0.15859932872517213,0.005369099821018075,-0.03681532663123477,-0.05982553008429914
6.3550026416778564,0.019942182584270718,-0.2532838201521104,0.15859932872517213,0.005369099821018075,-0.03681532663123477,-0.05982553008429914
6.35993218421936,0.019942182584270718,-0.2532838201521104,0.15859932872517213,0.005369099821018075,-0.03681532663123477,-0.05982553008429914
6.364953994750977,0.019942182584270718,-0.2532838201521104,0.15859932872517213,0.005369099821018075,-0.03681532663123477,-0.05982553008429914
6.3699164390563965,0.019942182584270718,-0.2532838201521104,0.15859932872517213,0.005369099821018075,-0.03681532663123477,-0.05982553008429914
6.374805688858032,0.019942182584270718,-0.2532838201521104,0.15859932872517213,0.005369099821018075,-0.03681532663123477,-0.05982553008429914
6.37987208366394,0.019942182584270718,-0.2532838201521104,0.15859932872517213,0.005369099821018075,-0.03681532663123477,-0.05982553008429914
6.384869575500488,0.019942182584270718,-0.2532838201521104,0.15859932872517213,0.005369099821018075,-0.03681532663123477,-0.05982553008429914
6.389892101287842,0.019942182584270718,-0.2532838201521104,0.15859932872517213,0.005369099821018075,-0.03681532663123477,-0.05982553008429914
6.394930362701416,0.019942182584270718,-0.2532857376573543,0.15859932872517213,0.005369099821018075,-0.03681532663123477,-0.05982553008429914
6.400009870529175,0.019942182584270718,-0.2532857376573543,0.15859932872517213,0.005369099821018075,-0.03681532663123477,-0.05982553008429914
6.40495753288269,0.019942182584270718,-0.25329149017308517,0.15859932872517213,0.005369099821018075,-0.03681532663123477,-0.05982553008429914
6.410036325454712,0.019942182584270718,-0.25329149017308517,0.15859932872517213,0.005369099821018075,-0.03681532663123477,-0.05982553008429914
6.414892196655273,0.019942182584270718,-0.25329532518357256,0.15859932872517213,0.005369099821018075,-0.03681532663123477,-0.05982553008429914
6.420032262802124,0.019942182584270718,-0.25329916019405996,0.15859932872517213,0.005369099821018075,-0.03681532663123477,-0.05982553008429914
6.424981355667114,0.019942182584270718,-0.25329916019405996,0.15859932872517213,0.005369099821018075,-0.03681532663123477,-0.05982553008429914
6.429894208908081,0.019942182584270718,-0.2533087477202782,0.15859932872517213,0.005369099821018075,-0.03681532663123477,-0.05982553008429914
6.434966087341309,0.019942182584270718,-0.2533087477202782,0.15859932872517213,0.005369099821018075,-0.03681532663123477,-0.05982553008429914
6.439938545227051,0.019942182584270718,-0.2533221702569839,0.15859932872517213,0.006136090214960532,-0.03681532663123477,-0.05982553008429914
6.4449028968811035,0.019942182584270718,-0.2533221702569839,0.15859932872517213,0.006136090214960532,-0.03681532663123477,-0.05982553008429914
6.4499194622039795,0.019942182584270718,-0.25334326281466435,0.15859932872517213,0.005369099821018075,-0.03681532663123477,-0.05982553008429914
6.454914331436157,0.019942182584270718,-0.25334326281466435,0.15859932872517213,0.005369099821018075,-0.03681532663123477,-0.05982553008429914
6.459946870803833,0.019942182584270718,-0.25336435537234436,0.15859932872517213,0.005369099821018075,-0.03681532663123477,-0.05982553008429914
6.464998722076416,0.019942182584270718,-0.2534027054772179,0.15859932872517213,0.005369099821018075,-0.03681532663123477,-0.05982553008429914
6.470010995864868,0.019942182584270718,-0.2534027054772179,0.15859932872517213,0.005369099821018075,-0.03681532663123477,-0.05982553008429914
6.474869728088379,0.019942182584270718,-0.25343722057160356,0.15859932872517213,0.005369099821018075,-0.03681532663123477,-0.05982553008429914
6.480072021484375,0.019942182584270718,-0.25343722057160356,0.15859932872517213,0.005369099821018075,-0.03681532663123477,-0.05982553008429914
6.484900712966919,0.019942182584270718,-0.25347365317123316,0.15859549371468473,0.005369099821018075,-0.03681532663123477,-0.05982553008429914
6.490020751953125,0.019942182584270718,-0.25347365317123316,0.15859549371468473,0.005369099821018075,-0.03681532663123477,-0.05982553008429914
6.495006084442139,0.019942182584270718,-0.25349474572891406,0.15859549371468473,0.005369099821018075,-0.03681532663123477,-0.05982553008429914
6.499938488006592,0.019942182584270718,-0.25349474572891406,0.15859549371468473,0.005369099821018075,-0.03681532663123477,-0.05982553008429914
6.50499415397644,0.019942182584270718,-0.25351967329708147,0.15859549371468473,0.005369099821018075,-0.03681532663123477,-0.05982553008429914
6.509961843490601,0.019942182584270718,-0.2535446008652489,0.15859549371468473,0.005369099821018075,-0.03681532663123477,-0.05982553008429914
6.514929294586182,0.019942182584270718,-0.2535446008652489,0.15859549371468473,0.005369099821018075,-0.03681532663123477,-0.05982553008429914
6.519879102706909,0.019942182584270718,-0.2535752809491476,0.15859549371468473,0.005369099821018075,-0.03681532663123477,-0.05982553008429914
6.524986982345581,0.019942182584270718,-0.2535752809491476,0.15859549371468473,0.005369099821018075,-0.03681532663123477,-0.05982553008429914
6.529891729354858,0.019942182584270718,-0.25359829101207154,0.15859549371468473,0.005369099821018075,-0.03681532663123477,-0.05982553008429914
6.534938335418701,0.019942182584270718,-0.25359829101207154,0.15859549371468473,0.005369099821018075,-0.03681532663123477,-0.05982553008429914
6.539913892745972,0.019942182584270718,-0.25360404352780286,0.15859549371468473,0.005369099821018075,-0.03681532663123477,-0.05982553008429914
6.544919729232788,0.019942182584270718,-0.25360404352780286,0.15859549371468473,0.005369099821018075,-0.03681532663123477,-0.05982553008429914
6.549989223480225,0.019942182584270718,-0.25361171354877765,0.15859549371468473,0.005369099821018075,-0.03681532663123477,-0.05982553008429914
6.5550055503845215,0.019942182584270718,-0.2536308886012142,0.15859549371468473,0.005369099821018075,-0.03681532663123477,-0.05982553008429914
6.559934377670288,0.019942182584270718,-0.2536308886012142,0.15859549371468473,0.005369099821018075,-0.03681532663123477,-0.05982553008429914
6.564891815185547,0.019942182584270718,-0.25366348619035595,0.15859549371468473,0.005369099821018075,-0.03681532663123477,-0.05982553008429914
6.56988787651062,0.019942182584270718,-0.25366348619035595,0.15859549371468473,0.005369099821018075,-0.03681532663123477,-0.05982553008429914
6.574990272521973,0.019942182584270718,-0.25370567130571686,0.15859549371468473,0.005369099821018075,-0.03681532663123477,-0.05982553008429914
6.5799338817596436,0.019942182584270718,-0.25370567130571686,0.15859549371468473,0.005369099821018075,-0.03681532663123477,-0.05982553008429914
6.584867238998413,0.019942182584270718,-0.25372868136864124,0.15859549371468473,0.005369099821018075,-0.03681532663123477,-0.05982553008429914
6.589940071105957,0.019942182584270718,-0.25372868136864124,0.15859549371468473,0.005369099821018075,-0.03681532663123477,-0.05982553008429914
6.594919204711914,0.019942182584270718,-0.25375169143156473,0.15859549371468473,0.005369099821018075,-0.03681532663123477,-0.05982553008429914
6.600018262863159,0.019942182584270718,-0.2537555264420521,0.15859165870419734,0.005369099821018075,-0.03681532663123477,-0.05982553008429914
6.604872941970825,0.019942182584270718,-0.2537555264420521,0.15859165870419734,0.005369099821018075,-0.03681532663123477,-0.05982553008429914
6.609869003295898,0.019942182584270718,-0.2537555264420521,0.15859165870419734,0.005369099821018075,-0.03681532663123477,-0.05982553008429914
6.614985227584839,0.019942182584270718,-0.2537555264420521,0.15859165870419734,0.005369099821018075,-0.03681532663123477,-0.05982553008429914
6.619887351989746,0.019942182584270718,-0.2537555264420521,0.15859165870419734,0.006136090214960532,-0.03681532663123477,-0.05982553008429914
6.624916076660156,0.019942182584270718,-0.2537555264420521,0.15859165870419734,0.006136090214960532,-0.03681532663123477,-0.05982553008429914
6.630019426345825,0.019942182584270718,-0.2537555264420521,0.15859165870419734,0.005369099821018075,-0.03681532663123477,-0.05982553008429914
6.634928226470947,0.019942182584270718,-0.2537555264420521,0.15859165870419734,0.005369099821018075,-0.03681532663123477,-0.05982553008429914
6.640098810195923,0.019942182584270718,-0.2537555264420521,0.15859165870419734,0.005369099821018075,-0.03681532663123477,-0.05982553008429914
6.645186185836792,0.019942182584270718,-0.2537555264420521,0.15859165870419734,0.006136090214960532,-0.03681532663123477,-0.05982553008429914
6.649991750717163,0.019942182584270718,-0.2537555264420521,0.15859165870419734,0.006136090214960532,-0.03681532663123477,-0.05982553008429914
6.654917240142822,0.019942182584270718,-0.2537555264420521,0.15859165870419734,0.005369099821018075,-0.03681532663123477,-0.05982553008429914
6.6599225997924805,0.019942182584270718,-0.2537555264420521,0.15859165870419734,0.005369099821018075,-0.03681532663123477,-0.05982553008429914
6.6649863719940186,0.019942182584270718,-0.2537555264420521,0.15859165870419734,0.005369099821018075,-0.03681532663123477,-0.05982553008429914
6.6700193881988525,0.019942182584270718,-0.2537555264420521,0.15859165870419734,0.005369099821018075,-0.03681532663123477,-0.05982553008429914
6.675222635269165,0.019942182584270718,-0.2537555264420521,0.15859165870419734,0.005369099821018075,-0.03681532663123477,-0.05982553008429914
6.6800007820129395,0.019942182584270718,-0.2537555264420521,0.15859165870419734,0.005369099821018075,-0.03681532663123477,-0.05982553008429914
6.684916019439697,0.019942182584270718,-0.2537555264420521,0.15859165870419734,0.005369099821018075,-0.03681532663123477,-0.05982553008429914
6.690009593963623,0.019942182584270718,-0.2537555264420521,0.15859165870419734,0.005369099821018075,-0.03681532663123477,-0.05982553008429914
6.695068359375,0.019942182584270718,-0.2537555264420521,0.15859165870419734,0.005369099821018075,-0.03681532663123477,-0.05982553008429914
6.699906349182129,0.019942182584270718,-0.2537555264420521,0.15859165870419734,0.005369099821018075,-0.03681532663123477,-0.05982553008429914
6.704895257949829,0.019942182584270718,-0.2537555264420521,0.15859165870419734,0.005369099821018075,-0.03681532663123477,-0.05982553008429914
6.709894895553589,0.019942182584270718,-0.2537555264420521,0.15859165870419734,0.005369099821018075,-0.03681532663123477,-0.05982553008429914
6.71493124961853,0.019942182584270718,-0.2537555264420521,0.15859165870419734,0.005369099821018075,-0.03681532663123477,-0.05982553008429914
6.719907522201538,0.019942182584270718,-0.2537555264420521,0.15859165870419734,0.005369099821018075,-0.03681532663123477,-0.05982553008429914
6.724961519241333,0.019942182584270718,-0.2537555264420521,0.15859165870419734,0.005369099821018075,-0.03681532663123477,-0.05982553008429914
6.730078935623169,0.019942182584270718,-0.2537555264420521,0.15859165870419734,0.005369099821018075,-0.03681532663123477,-0.05982553008429914
6.735081195831299,0.019942182584270718,-0.2537555264420521,0.15859165870419734,0.005369099821018075,-0.03681532663123477,-0.05982553008429914
6.740129470825195,0.019942182584270718,-0.2537555264420521,0.15859165870419734,0.005369099821018075,-0.03681532663123477,-0.05982553008429914
6.744983434677124,0.019942182584270718,-0.2537555264420521,0.15859165870419734,0.005369099821018075,-0.03681532663123477,-0.05982553008429914
6.750016212463379,0.019942182584270718,-0.2537555264420521,0.15859165870419734,0.005369099821018075,-0.03681532663123477,-0.05982553008429914
6.754913568496704,0.019942182584270718,-0.2537555264420521,0.15859165870419734,0.005369099821018075,-0.03681532663123477,-0.05982553008429914
6.76000714302063,0.019942182584270718,-0.2537555264420521,0.15859165870419734,0.005369099821018075,-0.03681532663123477,-0.05982553008429914
6.7649431228637695,0.019942182584270718,-0.2537555264420521,0.15859165870419734,0.005369099821018075,-0.03681532663123477,-0.05982553008429914
6.769969940185547,0.019942182584270718,-0.2537555264420521,0.15859165870419734,0.005369099821018075,-0.03681532663123477,-0.05982553008429914
6.774896860122681,0.019942182584270718,-0.2537555264420521,0.15859165870419734,0.005369099821018075,-0.03681532663123477,-0.05982553008429914
6.779978513717651,0.019942182584270718,-0.2537555264420521,0.15859165870419734,0.005369099821018075,-0.03681532663123477,-0.05982553008429914
6.784998416900635,0.019942182584270718,-0.2537555264420521,0.15859165870419734,0.005369099821018075,-0.03681532663123477,-0.05982553008429914
6.789891004562378,0.019942182584270718,-0.2537555264420521,0.15859165870419734,0.005369099821018075,-0.03681532663123477,-0.05982553008429914
6.794989347457886,0.019942182584270718,-0.2537555264420521,0.15859165870419734,0.005369099821018075,-0.03681532663123477,-0.05982553008429914
6.799911022186279,0.019942182584270718,-0.2537555264420521,0.15859165870419734,0.005369099821018075,-0.03681532663123477,-0.05982553008429914
6.805103302001953,0.019942182584270718,-0.2537555264420521,0.15859165870419734,0.005369099821018075,-0.03681532663123477,-0.05982553008429914
6.809916257858276,0.019942182584270718,-0.2537555264420521,0.15859165870419734,0.005369099821018075,-0.03681532663123477,-0.05982553008429914
6.814917802810669,0.019942182584270718,-0.2537555264420521,0.15859165870419734,0.005369099821018075,-0.03681532663123477,-0.05982553008429914
6.819922208786011,0.020709172978213175,-0.2537555264420521,0.15859165870419734,0.005369099821018075,-0.03681532663123477,-0.05982553008429914
6.825054883956909,0.020709172978213175,-0.2537555264420521,0.15859165870419734,0.005369099821018075,-0.03681532663123477,-0.05982553008429914
6.83002495765686,0.020709172978213175,-0.2537555264420521,0.15859165870419734,0.005369099821018075,-0.03681532663123477,-0.05982553008429914
6.834904432296753,0.020709172978213175,-0.2537555264420521,0.15859165870419734,0.005369099821018075,-0.03681532663123477,-0.05982553008429914
6.84001898765564,0.020709172978213175,-0.2537555264420521,0.15859165870419734,0.005369099821018075,-0.03681532663123477,-0.05982553008429914
6.844980001449585,0.020709172978213175,-0.2537555264420521,0.15859165870419734,0.005369099821018075,-0.03681532663123477,-0.05982553008429914
6.850130558013916,0.020709172978213175,-0.2537555264420521,0.15859165870419734,0.005369099821018075,-0.03681532663123477,-0.05982553008429914
6.855106830596924,0.02147616337215652,-0.2537555264420521,0.15859165870419734,0.005369099821018075,-0.03681532663123477,-0.05982553008429914
6.859991550445557,0.02147616337215652,-0.2537555264420521,0.15859165870419734,0.005369099821018075,-0.03681532663123477,-0.05982553008429914
6.864899396896362,0.022243153766099866,-0.2537555264420521,0.15859165870419734,0.005369099821018075,-0.03681532663123477,-0.05982553008429914
6.869906902313232,0.022243153766099866,-0.25375169143156473,0.15859165870419734,0.005369099821018075,-0.03681532663123477,-0.05982553008429914
6.874916315078735,0.022243153766099866,-0.25375169143156473,0.15859165870419734,0.005369099821018075,-0.03681532663123477,-0.05982553008429914
6.8798909187316895,0.022243153766099866,-0.25375169143156473,0.15859165870419734,0.005369099821018075,-0.03681532663123477,-0.05982553008429914
6.8849005699157715,0.022243153766099866,-0.25375169143156473,0.15859165870419734,0.005369099821018075,-0.03681532663123477,-0.05982553008429914
6.8899009227752686,0.022243153766099866,-0.25375169143156473,0.15859165870419734,0.005369099821018075,-0.03681532663123477,-0.05982553008429914
6.894994497299194,0.022243153766099866,-0.25375169143156473,0.15859165870419734,0.005369099821018075,-0.03681532663123477,-0.05982553008429914
6.899963855743408,0.023010144160042323,-0.25375169143156473,0.15859549371468473,0.006136090214960532,-0.03681532663123477,-0.05982553008429914
6.904917240142822,0.023010144160042323,-0.25375169143156473,0.15859549371468473,0.006136090214960532,-0.03681532663123477,-0.05982553008429914
6.909996271133423,0.023010144160042323,-0.25375169143156473,0.15859549371468473,0.005369099821018075,-0.03681532663123477,-0.05982553008429914
6.914992570877075,0.023010144160042323,-0.25375169143156473,0.15859549371468473,0.005369099821018075,-0.03681532663123477,-0.05982553008429914
6.9201340675354,0.023010144160042323,-0.25375169143156473,0.15859549371468473,0.005369099821018075,-0.03681532663123477,-0.05982553008429914
6.924870252609253,0.023010144160042323,-0.25375169143156473,0.15859549371468473,0.005369099821018075,-0.03681532663123477,-0.05982553008429914
6.929876327514648,0.023010144160042323,-0.25375169143156473,0.15859549371468473,0.005369099821018075,-0.03681532663123477,-0.05982553008429914
6.9349470138549805,0.023010144160042323,-0.2537478564210778,0.15859549371468473,0.005369099821018075,-0.03681532663123477,-0.05982553008429914
6.93988299369812,0.023010144160042323,-0.2537478564210778,0.15859549371468473,0.005369099821018075,-0.03681532663123477,-0.05982553008429914
6.944864988327026,0.023010144160042323,-0.25374402141058994,0.15859549371468473,0.005369099821018075,-0.03681532663123477,-0.05982553008429914
6.949924468994141,0.023010144160042323,-0.25374402141058994,0.15859549371468473,0.005369099821018075,-0.03681532663123477,-0.05982553008429914
6.9549009799957275,0.023010144160042323,-0.253740186400103,0.15859549371468473,0.005369099821018075,-0.03681532663123477,-0.05982553008429914
6.960017204284668,0.023010144160042323,-0.2537363513896156,0.15859549371468473,0.005369099821018075,-0.03681532663123477,-0.05982553008429914
6.965043783187866,0.023010144160042323,-0.2537363513896156,0.15859549371468473,0.005369099821018075,-0.03681532663123477,-0.05982553008429914
6.96989107131958,0.023010144160042323,-0.2537325163791282,0.15859549371468473,0.005369099821018075,-0.03681532663123477,-0.05982553008429914
6.9749555587768555,0.023010144160042323,-0.2537325163791282,0.15859549371468473,0.005369099821018075,-0.03681532663123477,-0.05982553008429914
6.980006217956543,0.023010144160042323,-0.25372868136864124,0.15859549371468473,0.005369099821018075,-0.03681532663123477,-0.05982553008429914
6.98500394821167,0.023010144160042323,-0.25372868136864124,0.15859549371468473,0.005369099821018075,-0.03681532663123477,-0.05982553008429914
6.989999055862427,0.023010144160042323,-0.25372101134766645,0.15859549371468473,0.005369099821018075,-0.03681532663123477,-0.05982553008429914
6.994999885559082,0.023010144160042323,-0.25372101134766645,0.15859549371468473,0.005369099821018075,-0.03681532663123477,-0.05982553008429914
6.999920606613159,0.023010144160042323,-0.25371334132669165,0.15859549371468473,0.005369099821018075,-0.03681532663123477,-0.05982553008429914
7.004960060119629,0.023010144160042323,-0.25370567130571686,0.15859549371468473,0.005369099821018075,-0.03681532663123477,-0.05982553008429914
7.00999641418457,0.023010144160042323,-0.25370567130571686,0.15859549371468473,0.005369099821018075,-0.03681532663123477,-0.05982553008429914
7.014894247055054,0.023010144160042323,-0.2536941662742551,0.15859549371468473,0.005369099821018075,-0.03681532663123477,-0.05982553008429914
7.020004034042358,0.023010144160042323,-0.2536941662742551,0.15859549371468473,0.005369099821018075,-0.03681532663123477,-0.05982553008429914
7.024934768676758,0.023010144160042323,-0.25367115621133074,0.15859549371468473,0.005369099821018075,-0.03681532663123477,-0.05982553008429914
7.030007600784302,0.023010144160042323,-0.25367115621133074,0.15859549371468473,0.005369099821018075,-0.03681532663123477,-0.05982553008429914
7.03499698638916,0.023010144160042323,-0.25364047612743246,0.15859549371468473,0.005369099821018075,-0.03681532663123477,-0.05982553008429914
7.0400710105896,0.023010144160042323,-0.25364047612743246,0.15859549371468473,0.005369099821018075,-0.03681532663123477,-0.05982553008429914
7.0449254512786865,0.023010144160042323,-0.2536174660645081,0.15859932872517213,0.005369099821018075,-0.03681532663123477,-0.05982553008429914
7.0499749183654785,0.023010144160042323,-0.25359829101207154,0.15860316373565952,0.005369099821018075,-0.03681532663123477,-0.05982553008429914
7.054863691329956,0.023010144160042323,-0.25359829101207154,0.15860316373565952,0.005369099821018075,-0.03681532663123477,-0.05982553008429914
7.059960842132568,0.023010144160042323,-0.25359829101207154,0.15860316373565952,0.005369099821018075,-0.03681532663123477,-0.05982553008429914
7.064901828765869,0.023010144160042323,-0.253579115959635,0.15860316373565952,0.005369099821018075,-0.03681532663123477,-0.05982553008429914
7.069900751113892,0.023010144160042323,-0.2535522708862237,0.15860316373565952,0.005369099821018075,-0.03681532663123477,-0.05982553008429914
7.074909448623657,0.023010144160042323,-0.2535522708862237,0.15860316373565952,0.005369099821018075,-0.03681532663123477,-0.05982553008429914
7.079907655715942,0.023010144160042323,-0.253498580739401,0.15860316373565952,0.005369099821018075,-0.03681532663123477,-0.05982553008429914
7.084939241409302,0.023010144160042323,-0.253498580739401,0.15860316373565952,0.005369099821018075,-0.03681532663123477,-0.05982553008429914
7.089866876602173,0.023010144160042323,-0.25346023063452794,0.15860699874614692,0.005369099821018075,-0.03681532663123477,-0.05982553008429914
7.094942331314087,0.023010144160042323,-0.25341421050868007,0.15860699874614692,0.005369099821018075,-0.03681532663123477,-0.05982553008429914
7.099972486495972,0.023010144160042323,-0.25341421050868007,0.15860699874614692,0.005369099821018075,-0.03681532663123477,-0.05982553008429914
7.104868412017822,0.023010144160042323,-0.25337969541429395,0.15860699874614692,0.005369099821018075,-0.03681532663123477,-0.05982553008429914
7.109896659851074,0.023010144160042323,-0.25337969541429395,0.15860699874614692,0.005369099821018075,-0.03681532663123477,-0.05982553008429914
7.114947557449341,0.023010144160042323,-0.2533451803199078,0.15861083375663387,0.005369099821018075,-0.03681532663123477,-0.05982553008429914
7.119901180267334,0.023010144160042323,-0.2533451803199078,0.15861083375663387,0.005369099821018075,-0.03681532663123477,-0.05982553008429914
7.124904632568359,0.023010144160042323,-0.2533145002360091,0.1586127512618778,0.005369099821018075,-0.03681532663123477,-0.05982553008429914
7.129963397979736,0.023010144160042323,-0.2533145002360091,0.1586127512618778,0.005369099821018075,-0.03681532663123477,-0.05982553008429914
7.1350085735321045,0.023010144160042323,-0.25327231512064863,0.1586146687671217,0.005369099821018075,-0.03681532663123477,-0.05982553008429914
7.139916658401489,0.023010144160042323,-0.2532416350367499,0.1586146687671217,0.005369099821018075,-0.03681532663123477,-0.05982553008429914
7.144958019256592,0.023010144160042323,-0.2532416350367499,0.1586146687671217,0.005369099821018075,-0.03681532663123477,-0.05982553008429914
7.149890661239624,0.023010144160042323,-0.2532109549528512,0.1586146687671217,0.005369099821018075,-0.03681532663123477,-0.05982553008429914
7.154924392700195,0.023010144160042323,-0.2532109549528512,0.1586146687671217,0.005369099821018075,-0.03681532663123477,-0.05982553008429914
7.159900426864624,0.023010144160042323,-0.25319177990041464,0.1586146687671217,0.005369099821018075,-0.03681532663123477,-0.05982553008429914
7.16489577293396,0.023010144160042323,-0.25319177990041464,0.1586146687671217,0.005369099821018075,-0.03681532663123477,-0.05982553008429914
7.16998028755188,0.023010144160042323,-0.2531572648060285,0.1586146687671217,0.005369099821018075,-0.03681532663123477,-0.05982553008429914
7.174928426742554,0.023010144160042323,-0.2531572648060285,0.1586146687671217,0.005369099821018075,-0.03681532663123477,-0.05982553008429914
7.179898500442505,0.023010144160042323,-0.25312658472213023,0.1586146687671217,0.005369099821018075,-0.03681532663123477,-0.05982553008429914
7.184988975524902,0.023010144160042323,-0.25308056459628236,0.1586165862723652,0.005369099821018075,-0.03681532663123477,-0.05982553008429914
7.189898490905762,0.023010144160042323,-0.25308056459628236,0.1586165862723652,0.005369099821018075,-0.03681532663123477,-0.05982553008429914
7.194889783859253,0.023010144160042323,-0.25303070945994666,0.15861850377760867,0.005369099821018075,-0.03681532663123477,-0.05982553008429914
7.2000768184661865,0.023010144160042323,-0.25303070945994666,0.15861850377760867,0.005369099821018075,-0.03681532663123477,-0.05982553008429914
7.204999923706055,0.023010144160042323,-0.2529348341977635,0.15861850377760867,0.005369099821018075,-0.03681532663123477,-0.05982553008429914
7.2099103927612305,0.023010144160042323,-0.2529348341977635,0.15861850377760867,0.005369099821018075,-0.03681532663123477,-0.05982553008429914
7.214887857437134,0.023010144160042323,-0.25285429897752953,0.15861850377760867,0.005369099821018075,-0.03681532663123477,-0.05982553008429914
7.219891309738159,0.023010144160042323,-0.25285429897752953,0.15861850377760867,0.005369099821018075,-0.03681532663123477,-0.05982553008429914
7.22487735748291,0.023010144160042323,-0.25263186836926455,0.15861850377760867,0.005369099821018075,-0.03681532663123477,-0.05982553008429914
7.2298736572265625,0.023010144160042323,-0.25243628283441044,0.15861850377760867,0.005369099821018075,-0.03681532663123477,-0.05982553008429914
7.235016822814941,0.023010144160042323,-0.25243628283441044,0.15861850377760867,0.005369099821018075,-0.03681532663123477,-0.05982553008429914
7.239863634109497,0.023010144160042323,-0.2521639970898102,0.15861850377760867,0.005369099821018075,-0.03681532663123477,-0.05982553008429914
7.2449729442596436,0.023010144160042323,-0.2521639970898102,0.15861850377760867,0.005369099821018075,-0.03681532663123477,-0.05982553008429914
7.249893426895142,0.023010144160042323,-0.251930061450083,0.15861850377760867,0.005369099821018075,-0.03681532663123477,-0.05982553008429914
7.254919767379761,0.023010144160042323,-0.251930061450083,0.15861850377760867,0.005369099821018075,-0.03681532663123477,-0.05982553008429914
7.2598912715911865,0.023010144160042323,-0.251569570464274,0.15861850377760867,0.005369099821018075,-0.03681532663123477,-0.05982553008429914
7.264993667602539,0.023010144160042323,-0.251569570464274,0.15861850377760867,0.005369099821018075,-0.03681532663123477,-0.05982553008429914
7.269963026046753,0.023010144160042323,-0.2512244195204145,0.15861850377760867,0.005369099821018075,-0.03681532663123477,-0.05982553008429914
7.274912357330322,0.023010144160042323,-0.2506875180521879,0.15861850377760867,0.005369099821018075,-0.03681532663123477,-0.05982553008429914
7.280005931854248,0.023010144160042323,-0.2506875180521879,0.15861850377760867,0.005369099821018075,-0.03681532663123477,-0.05982553008429914
7.28489089012146,0.023010144160042323,-0.25015445159444916,0.15861850377760867,0.005369099821018075,-0.03681532663123477,-0.05982553008429914
7.289902210235596,0.023010144160042323,-0.25015445159444916,0.15861850377760867,0.005369099821018075,-0.03681532663123477,-0.05982553008429914
7.294980525970459,0.023010144160042323,-0.24960221008427386,0.15861850377760867,0.005369099821018075,-0.03681532663123477,-0.05982553008429914
7.300082683563232,0.023010144160042323,-0.24960221008427386,0.15861850377760867,0.005369099821018075,-0.03681532663123477,-0.05982553008429914
7.3049821853637695,0.023010144160042323,-0.24909598869994598,0.15861850377760867,0.005369099821018075,-0.03681532663123477,-0.05982553008429914
7.30998682975769,0.023010144160042323,-0.24909598869994598,0.15861850377760867,0.005369099821018075,-0.03681532663123477,-0.05982553008429914
7.3149192333221436,0.023010144160042323,-0.24857826228415636,0.15861850377760867,0.005369099821018075,-0.03681532663123477,-0.05982553008429914
7.320075035095215,0.023010144160042323,-0.24832515159199264,0.15861850377760867,0.005369099821018075,-0.03681532663123477,-0.05982553008429914
7.325018405914307,0.023010144160042323,-0.24832515159199264,0.15861850377760867,0.005369099821018075,-0.03681532663123477,-0.05982553008429914
7.329901456832886,0.023010144160042323,-0.2481180610256768,0.15861850377760867,0.005369099821018075,-0.03681532663123477,-0.05982553008429914
7.334948539733887,0.023010144160042323,-0.2481180610256768,0.15861850377760867,0.005369099821018075,-0.03681532663123477,-0.05982553008429914
7.339896202087402,0.023010144160042323,-0.24791097045936095,0.15861850377760867,0.005369099821018075,-0.03604833623729231,-0.05982553008429914
7.344899892807007,0.023010144160042323,-0.24791097045936095,0.15861850377760867,0.005369099821018075,-0.03604833623729231,-0.05982553008429914
7.349899768829346,0.023010144160042323,-0.24779208513425388,0.15861850377760867,0.005369099821018075,-0.03604833623729231,-0.05982553008429914
7.3549933433532715,0.023010144160042323,-0.24779208513425388,0.15861850377760867,0.005369099821018075,-0.03604833623729231,-0.05982553008429914
7.359884023666382,0.023010144160042323,-0.24775757003986776,0.15861850377760867,0.005369099821018075,-0.035281345843348966,-0.05982553008429914
7.365025758743286,0.023010144160042323,-0.247746065008406,0.15861850377760867,0.005369099821018075,-0.035281345843348966,-0.05982553008429914
7.369940996170044,0.023010144160042323,-0.247746065008406,0.15861850377760867,0.005369099821018075,-0.035281345843348966,-0.05982553008429914
7.3748698234558105,0.023010144160042323,-0.24772305494548164,0.15861850377760867,0.005369099821018075,-0.03451435544940651,-0.05982553008429914
7.379937648773193,0.023010144160042323,-0.24772305494548164,0.15861850377760867,0.005369099821018075,-0.03451435544940651,-0.05982553008429914
7.384873867034912,0.023010144160042323,-0.24768470484060856,0.15861850377760867,0.005369099821018075,-0.035281345843348966,-0.05982553008429914
7.3898632526397705,0.023010144160042323,-0.24768470484060856,0.15861850377760867,0.005369099821018075,-0.035281345843348966,-0.05982553008429914
7.394916534423828,0.023010144160042323,-0.24759649959939978,0.15861850377760867,0.005369099821018075,-0.03451435544940651,-0.05982553008429914
7.399963140487671,0.023010144160042323,-0.24759649959939978,0.15861850377760867,0.005369099821018075,-0.03451435544940651,-0.05982553008429914
7.404916048049927,0.023010144160042323,-0.2474776142742927,0.15861850377760867,0.005369099821018075,-0.03451435544940651,-0.05982553008429914
7.4101715087890625,0.023010144160042323,-0.247224503582129,0.15861850377760867,0.005369099821018075,-0.03451435544940651,-0.05982553008429914
7.414952754974365,0.023010144160042323,-0.247224503582129,0.15861850377760867,0.005369099821018075,-0.03451435544940651,-0.05982553008429914
7.41986608505249,0.023010144160042323,-0.2467988174180351,0.15861850377760867,0.005369099821018075,-0.03451435544940651,-0.05982553008429914
7.42495322227478,0.023010144160042323,-0.2467988174180351,0.15861850377760867,0.005369099821018075,-0.03451435544940651,-0.05982553008429914
7.429864168167114,0.023010144160042323,-0.24627725599175854,0.15861850377760867,0.005369099821018075,-0.03451435544940651,-0.05982553008429914
7.435016393661499,0.023010144160042323,-0.24627725599175854,0.15861850377760867,0.005369099821018075,-0.03451435544940651,-0.05982553008429914
7.439919948577881,0.023010144160042323,-0.24562913921939966,0.15861850377760867,0.005369099821018075,-0.03451435544940651,-0.05982553008429914
7.444914817810059,0.023010144160042323,-0.24562913921939966,0.15861850377760867,0.005369099821018075,-0.03451435544940651,-0.05982553008429914
7.449974775314331,0.023010144160042323,-0.24508073271971131,0.15861850377760867,0.005369099821018075,-0.03451435544940651,-0.05982553008429914
7.455047607421875,0.023010144160042323,-0.24436742076906803,0.15861850377760867,0.005369099821018075,-0.03451435544940651,-0.05982553008429914
7.4598870277404785,0.023010144160042323,-0.24436742076906803,0.15861850377760867,0.005369099821018075,-0.03451435544940651,-0.05982553008429914
7.464894771575928,0.023010144160042323,-0.24402993984618293,0.15861850377760867,0.005369099821018075,-0.03451435544940651,-0.05982553008429914
7.469926595687866,0.023010144160042323,-0.24402993984618293,0.15861850377760867,0.005369099821018075,-0.03451435544940651,-0.05982553008429914
7.47494101524353,0.023010144160042323,-0.2434623582940576,0.15861850377760867,0.005369099821018075,-0.03451435544940651,-0.05982553008429914
7.479926824569702,0.023010144160042323,-0.2434623582940576,0.15861850377760867,0.005369099821018075,-0.03451435544940651,-0.05982553008429914
7.484927654266357,0.023010144160042323,-0.24312104236068555,0.15861850377760867,0.005369099821018075,-0.03451435544940651,-0.05982553008429914
7.489913463592529,0.023010144160042323,-0.24312104236068555,0.15861850377760867,0.005369099821018075,-0.03451435544940651,-0.05982553008429914
7.4949376583099365,0.023010144160042323,-0.24272603628049083,0.15861850377760867,0.005369099821018075,-0.03451435544940651,-0.05982553008429914
7.500061511993408,0.023010144160042323,-0.24238472034711833,0.15861850377760867,0.005369099821018075,-0.03451435544940651,-0.05982553008429914
7.504907846450806,0.023010144160042323,-0.24238472034711833,0.15861850377760867,0.005369099821018075,-0.03451435544940651,-0.05982553008429914
7.509866714477539,0.023010144160042323,-0.24185165388937957,0.15861850377760867,0.005369099821018075,-0.03451435544940651,-0.05982553008429914
7.514906406402588,0.023010144160042323,-0.24185165388937957,0.15861850377760867,0.005369099821018075,-0.03451435544940651,-0.05982553008429914
7.519905090332031,0.023010144160042323,-0.24149499791405749,0.15861850377760867,0.005369099821018075,-0.03451435544940651,-0.05982553008429914
7.524861097335815,0.023010144160042323,-0.24149499791405749,0.15861850377760867,0.005369099821018075,-0.03451435544940651,-0.05982553008429914
7.529919624328613,0.023010144160042323,-0.24074717086902808,0.15861850377760867,0.005369099821018075,-0.03451435544940651,-0.05982553008429914
7.534919023513794,0.023010144160042323,-0.24074717086902808,0.15861850377760867,0.005369099821018075,-0.03451435544940651,-0.05982553008429914
7.539903879165649,0.023010144160042323,-0.24027162956859938,0.15861850377760867,0.005369099821018075,-0.03451435544940651,-0.05982553008429914
7.5450239181518555,0.023010144160042323,-0.23965419288013923,0.15861850377760867,0.005369099821018075,-0.03374736505546316,-0.05982553008429914
7.549928665161133,0.023010144160042323,-0.23965419288013923,0.15861850377760867,0.005369099821018075,-0.03374736505546316,-0.05982553008429914
7.554872035980225,0.023010144160042323,-0.23927452684189365,0.15861850377760867,0.005369099821018075,-0.03374736505546316,-0.05982553008429914
7.5599000453948975,0.023010144160042323,-0.23927452684189365,0.15861850377760867,0.005369099821018075,-0.03374736505546316,-0.05982553008429914
7.564868688583374,0.023010144160042323,-0.23850368973393987,0.15861850377760867,0.005369099821018075,-0.03374736505546316,-0.05982553008429914
7.5699543952941895,0.023010144160042323,-0.23850368973393987,0.15861850377760867,0.005369099821018075,-0.03374736505546316,-0.05982553008429914
7.575019836425781,0.023010144160042323,-0.23809334361179602,0.15861850377760867,0.005369099821018075,-0.03374736505546316,-0.05982553008429914
7.580035448074341,0.023010144160042323,-0.23809334361179602,0.15861850377760867,0.005369099821018075,-0.03374736505546316,-0.05982553008429914
7.5849714279174805,0.023010144160042323,-0.23706172579070373,0.15861850377760867,0.005369099821018075,-0.03374736505546316,-0.05982553008429914
7.5899834632873535,0.023010144160042323,-0.2363944339659083,0.15861850377760867,0.005369099821018075,-0.032980374661520706,-0.05982553008429914
7.594913482666016,0.023010144160042323,-0.2363944339659083,0.15861850377760867,0.005369099821018075,-0.032980374661520706,-0.05982553008429914
7.599865198135376,0.023010144160042323,-0.23570413207818897,0.15861850377760867,0.005369099821018075,-0.032980374661520706,-0.05982553008429914
7.604858636856079,0.023010144160042323,-0.23570413207818897,0.15861850377760867,0.005369099821018075,-0.032980374661520706,-0.05982553008429914
7.609867811203003,0.023010144160042323,-0.23502533522193136,0.15861850377760867,0.005369099821018075,-0.032980374661520706,-0.05982553008429914
7.614899396896362,0.023010144160042323,-0.23502533522193136,0.15861850377760867,0.005369099821018075,-0.032980374661520706,-0.05982553008429914
7.619867563247681,0.023010144160042323,-0.23432352830274983,0.15861850377760867,0.005369099821018075,-0.032980374661520706,-0.05982553008429914
7.624917030334473,0.023010144160042323,-0.23432352830274983,0.15861850377760867,0.005369099821018075,-0.032980374661520706,-0.05982553008429914
7.629863500595093,0.023010144160042323,-0.2338978421386564,0.15861850377760867,0.005369099821018075,-0.032980374661520706,-0.05982553008429914
7.634859323501587,0.023010144160042323,-0.23291224444341285,0.15861850377760867,0.005369099821018075,-0.032980374661520706,-0.05982553008429914
7.639888763427734,0.023010144160042323,-0.23291224444341285,0.15861850377760867,0.005369099821018075,-0.032980374661520706,-0.05982553008429914
7.644960165023804,0.023010144160042323,-0.23291224444341285,0.15861850377760867,0.005369099821018075,-0.032980374661520706,-0.05982553008429914
7.650012254714966,0.023010144160042323,-0.23218359245082,0.15861850377760867,0.005369099821018075,-0.032980374661520706,-0.05982553008429914
7.654890537261963,0.023010144160042323,-0.23218359245082,0.15861850377760867,0.005369099821018075,-0.032980374661520706,-0.05982553008429914
7.6599202156066895,0.023010144160042323,-0.23218359245082,0.15861850377760867,0.005369099821018075,-0.032980374661520706,-0.05982553008429914
7.665002346038818,0.023010144160042323,-0.2308758538746405,0.15861850377760867,0.005369099821018075,-0.032980374661520706,-0.05982553008429914
7.669918537139893,0.023010144160042323,-0.2308758538746405,0.15861850377760867,0.005369099821018075,-0.032980374661520706,-0.05982553008429914
7.674898386001587,0.023010144160042323,-0.23040031257421134,0.15861850377760867,0.005369099821018075,-0.032980374661520706,-0.05982553008429914
7.679970026016235,0.023010144160042323,-0.2301050167666867,0.15861850377760867,0.005369099821018075,-0.032980374661520706,-0.05982553008429914
7.685023784637451,0.023010144160042323,-0.2301050167666867,0.15861850377760867,0.005369099821018075,-0.032980374661520706,-0.05982553008429914
7.689864158630371,0.023010144160042323,-0.22972918573892853,0.15861850377760867,0.005369099821018075,-0.032980374661520706,-0.05982553008429914
7.694942951202393,0.023010144160042323,-0.22972918573892853,0.15861850377760867,0.005369099821018075,-0.032980374661520706,-0.05982553008429914
7.700000286102295,0.023010144160042323,-0.2292996645643477,0.15861850377760867,0.005369099821018075,-0.032980374661520706,-0.05982553008429914
7.705022573471069,0.023010144160042323,-0.2292996645643477,0.15861850377760867,0.005369099821018075,-0.032980374661520706,-0.05982553008429914
7.709897994995117,0.023010144160042323,-0.22850965240395738,0.15861850377760867,0.005369099821018075,-0.032980374661520706,-0.05982553008429914
7.714893579483032,0.023010144160042323,-0.22850965240395738,0.15861850377760867,0.005369099821018075,-0.032980374661520706,-0.05982553008429914
7.719979763031006,0.023010144160042323,-0.22776949537990276,0.15861850377760867,0.005369099821018075,-0.032980374661520706,-0.05982553008429914
7.7250816822052,0.023010144160042323,-0.2273898293416572,0.15861850377760867,0.005369099821018075,-0.032980374661520706,-0.05982553008429914
7.729899883270264,0.023010144160042323,-0.2273898293416572,0.15861850377760867,0.005369099821018075,-0.032980374661520706,-0.05982553008429914
7.734924793243408,0.023010144160042323,-0.22623549118497088,0.15861850377760867,0.005369099821018075,-0.032980374661520706,-0.05982553008429914
7.740017652511597,0.023010144160042323,-0.22623549118497088,0.15861850377760867,0.005369099821018075,-0.032980374661520706,-0.05982553008429914
7.744864463806152,0.023010144160042323,-0.2257254347901556,0.15861850377760867,0.005369099821018075,-0.032980374661520706,-0.05982553008429914
7.749865293502808,0.023010144160042323,-0.2257254347901556,0.15861850377760867,0.005369099821018075,-0.032980374661520706,-0.05982553008429914
7.754904270172119,0.023010144160042323,-0.2252575635107017,0.15861850377760867,0.005369099821018075,-0.032980374661520706,-0.05982553008429914
7.759925842285156,0.023010144160042323,-0.2252575635107017,0.15861850377760867,0.005369099821018075,-0.032980374661520706,-0.05982553008429914
7.764901161193848,0.023010144160042323,-0.22466313688516548,0.15861850377760867,0.005369099821018075,-0.032980374661520706,-0.05982553008429914
7.769965171813965,0.023010144160042323,-0.22414541046937586,0.15861850377760867,0.005369099821018075,-0.032980374661520706,-0.05982553008429914
7.774937868118286,0.023010144160042323,-0.22414541046937586,0.15861850377760867,0.005369099821018075,-0.032980374661520706,-0.05982553008429914
7.7798988819122314,0.023010144160042323,-0.22335539830898554,0.15861850377760867,0.005369099821018075,-0.032980374661520706,-0.05982553008429914
7.784976005554199,0.023010144160042323,-0.22335539830898554,0.15861850377760867,0.005369099821018075,-0.032980374661520706,-0.05982553008429914
7.789906978607178,0.023010144160042323,-0.22290286707148077,0.15861850377760867,0.005369099821018075,-0.03221338426757825,-0.05982553008429914
7.794906377792358,0.023010144160042323,-0.22290286707148077,0.15861850377760867,0.005369099821018075,-0.03221338426757825,-0.05982553008429914
7.8000054359436035,0.023010144160042323,-0.2221051848901161,0.15861850377760867,0.005369099821018075,-0.03221338426757825,-0.05982553008429914
7.8048927783966064,0.023010144160042323,-0.2221051848901161,0.15861850377760867,0.005369099821018075,-0.03221338426757825,-0.05982553008429914
7.809943437576294,0.023010144160042323,-0.22175619893576926,0.15861850377760867,0.005369099821018075,-0.03221338426757825,-0.05982553008429914
7.8150670528411865,0.023010144160042323,-0.22151075826458033,0.15861850377760867,0.005369099821018075,-0.03221338426757825,-0.05982553008429914
7.81993842124939,0.023010144160042323,-0.22151075826458033,0.15861850377760867,0.005369099821018075,-0.03221338426757825,-0.05982553008429914
7.824887990951538,0.023010144160042323,-0.221403377970935,0.15861850377760867,0.005369099821018075,-0.03221338426757825,-0.05982553008429914
7.829943656921387,0.023010144160042323,-0.221403377970935,0.15861850377760867,0.005369099821018075,-0.03221338426757825,-0.05982553008429914
7.834906101226807,0.023010144160042323,-0.22131133771923883,0.1586146687671217,0.005369099821018075,-0.031446393873634904,-0.05982553008429914
7.839934825897217,0.023010144160042323,-0.22131133771923883,0.1586146687671217,0.005369099821018075,-0.031446393873634904,-0.05982553008429914
7.8449387550354,0.023010144160042323,-0.22125381256192878,0.15861083375663387,0.005369099821018075,-0.031446393873634904,-0.05982553008429914
7.849995136260986,0.023010144160042323,-0.22125381256192878,0.15861083375663387,0.005369099821018075,-0.031446393873634904,-0.05982553008429914
7.8549485206604,0.023010144160042323,-0.2212116274465683,0.15861083375663387,0.005369099821018075,-0.030679403479692446,-0.05982553008429914
7.860004663467407,0.023010144160042323,-0.22112342220535997,0.15861083375663387,0.005369099821018075,-0.030679403479692446,-0.05982553008429914
7.86498761177063,0.023010144160042323,-0.22112342220535997,0.15861083375663387,0.005369099821018075,-0.030679403479692446,-0.05982553008429914
7.8699119091033936,0.023010144160042323,-0.2210620620375625,0.15861083375663387,0.005369099821018075,-0.02991241308574999,-0.05982553008429914
7.874949216842651,0.023010144160042323,-0.2210620620375625,0.15861083375663387,0.005369099821018075,-0.02991241308574999,-0.05982553008429914
7.879920721054077,0.023010144160042323,-0.22100453688025246,0.15861083375663387,0.005369099821018075,-0.02991241308574999,-0.05982553008429914
7.884945631027222,0.023010144160042323,-0.22100453688025246,0.15861083375663387,0.005369099821018075,-0.02991241308574999,-0.05982553008429914
7.8899757862091064,0.023010144160042323,-0.22096235176489198,0.15861083375663387,0.005369099821018075,-0.029145422691806644,-0.05982553008429914
7.89490008354187,0.023010144160042323,-0.22096235176489198,0.15861083375663387,0.005369099821018075,-0.029145422691806644,-0.05982553008429914
7.899883031845093,0.023010144160042323,-0.22093550669148065,0.15861083375663387,0.005369099821018075,-0.029145422691806644,-0.05982553008429914
7.905076265335083,0.023010144160042323,-0.22090482660758148,0.15861083375663387,0.005369099821018075,-0.0283784322978633,-0.05982553008429914
7.909897804260254,0.023010144160042323,-0.22090482660758148,0.15861083375663387,0.005369099821018075,-0.0283784322978633,-0.05982553008429914
7.914906024932861,0.023010144160042323,-0.220881816544658,0.15860699874614692,0.005369099821018075,-0.02761144190392084,-0.05982553008429914
7.920002222061157,0.023010144160042323,-0.220881816544658,0.15860699874614692,0.005369099821018075,-0.02761144190392084,-0.05982553008429914
7.924906969070435,0.023010144160042323,-0.22083579641881013,0.15860316373565952,0.005369099821018075,-0.02761144190392084,-0.05982553008429914
7.929940700531006,0.023010144160042323,-0.22083579641881013,0.15860316373565952,0.005369099821018075,-0.02761144190392084,-0.05982553008429914
7.934911489486694,0.023010144160042323,-0.22080511633491096,0.15860316373565952,0.005369099821018075,-0.026844451509978384,-0.05982553008429914
7.93989634513855,0.023010144160042323,-0.22080511633491096,0.15860316373565952,0.005369099821018075,-0.026844451509978384,-0.05982553008429914
7.944890975952148,0.023010144160042323,-0.22070924107272827,0.15860316373565952,0.005369099821018075,-0.026844451509978384,-0.05982553008429914
7.950049877166748,0.023010144160042323,-0.2206056957895699,0.15860316373565952,0.005369099821018075,-0.02607746111603504,-0.05982553008429914
7.954995393753052,0.023010144160042323,-0.2206056957895699,0.15860316373565952,0.005369099821018075,-0.02607746111603504,-0.05982553008429914
7.959869384765625,0.023010144160042323,-0.22040627524422884,0.15860316373565952,0.005369099821018075,-0.02607746111603504,-0.05982553008429914
7.964879274368286,0.023010144160042323,-0.22040627524422884,0.15860316373565952,0.005369099821018075,-0.02607746111603504,-0.05982553008429914
7.969942092895508,0.023010144160042323,-0.22018000962547646,0.15860316373565952,0.005369099821018075,-0.02607746111603504,-0.05982553008429914
7.974973678588867,0.023010144160042323,-0.22018000962547646,0.15860316373565952,0.005369099821018075,-0.02607746111603504,-0.05982553008429914
7.979939937591553,0.023010144160042323,-0.2199077238808762,0.15860316373565952,0.005369099821018075,-0.02607746111603504,-0.05982553008429914
7.985003471374512,0.023010144160042323,-0.2199077238808762,0.15860316373565952,0.005369099821018075,-0.02607746111603504,-0.05982553008429914
7.989990234375,0.023010144160042323,-0.21942834756995966,0.15860316373565952,0.005369099821018075,-0.02607746111603504,-0.05982553008429914
7.994987726211548,0.023010144160042323,-0.21882241591296125,0.15860316373565952,0.005369099821018075,-0.02607746111603504,-0.05982553008429914
7.9999473094940186,0.023010144160042323,-0.21882241591296125,0.15860316373565952,0.005369099821018075,-0.02607746111603504,-0.05982553008429914
8.004865646362305,0.023010144160042323,-0.21829701947619728,0.15860316373565952,0.005369099821018075,-0.02607746111603504,-0.05982553008429914
8.009908676147461,0.023010144160042323,-0.21829701947619728,0.15860316373565952,0.005369099821018075,-0.02607746111603504,-0.05982553008429914
8.014869451522827,0.022243153766099866,-0.21770259285066107,0.15860316373565952,0.005369099821018075,-0.02607746111603504,-0.05982553008429914
8.019859313964844,0.022243153766099866,-0.21770259285066107,0.15860316373565952,0.005369099821018075,-0.02607746111603504,-0.05982553008429914
8.024940729141235,0.022243153766099866,-0.21736894693826336,0.15860316373565952,0.005369099821018075,-0.02607746111603504,-0.05982553008429914
8.030051469802856,0.022243153766099866,-0.21736894693826336,0.15860316373565952,0.005369099821018075,-0.02607746111603504,-0.05982553008429914
8.035009145736694,0.022243153766099866,-0.21708899117268832,0.15860316373565952,0.005369099821018075,-0.02607746111603504,-0.05982553008429914
8.039968967437744,0.022243153766099866,-0.21695860081611906,0.15860316373565952,0.005369099821018075,-0.025310470722092582,-0.05982553008429914
8.045024871826172,0.022243153766099866,-0.21695860081611906,0.15860316373565952,0.005369099821018075,-0.025310470722092582,-0.05982553008429914
8.049892663955688,0.022243153766099866,-0.21695860081611906,0.15860316373565952,0.005369099821018075,-0.025310470722092582,-0.05982553008429914
8.054887771606445,0.022243153766099866,-0.21695860081611906,0.15860316373565952,0.005369099821018075,-0.025310470722092582,-0.05982553008429914
8.059975862503052,0.022243153766099866,-0.2166402949456705,0.15860316373565952,0.005369099821018075,-0.025310470722092582,-0.05982553008429914
8.064931631088257,0.022243153766099866,-0.2166402949456705,0.15860316373565952,0.005369099821018075,-0.025310470722092582,-0.05982553008429914
8.069893598556519,0.022243153766099866,-0.2165022345681269,0.15860316373565952,0.005369099821018075,-0.025310470722092582,-0.05982553008429914
8.074950456619263,0.022243153766099866,-0.2165022345681269,0.15860316373565952,0.005369099821018075,-0.025310470722092582,-0.05982553008429914
8.0800039768219,0.022243153766099866,-0.21644470941081684,0.15860316373565952,0.005369099821018075,-0.025310470722092582,-0.05982553008429914
8.08500862121582,0.022243153766099866,-0.21639485427448157,0.15860316373565952,0.005369099821018075,-0.025310470722092582,-0.05982553008429914
8.090016841888428,0.022243153766099866,-0.21639485427448157,0.15860316373565952,0.005369099821018075,-0.025310470722092582,-0.05982553008429914
8.094863414764404,0.022243153766099866,-0.21633349410668412,0.15860316373565952,0.005369099821018075,-0.025310470722092582,-0.05982553008429914
8.099936485290527,0.022243153766099866,-0.21633349410668412,0.15860316373565952,0.005369099821018075,-0.025310470722092582,-0.05982553008429914
8.104894638061523,0.022243153766099866,-0.2162759689493745,0.15860316373565952,0.005369099821018075,-0.025310470722092582,-0.05982553008429914
8.109951972961426,0.022243153766099866,-0.2162759689493745,0.15860316373565952,0.005369099821018075,-0.025310470722092582,-0.05982553008429914
8.114894390106201,0.022243153766099866,-0.21621077377108966,0.15860316373565952,0.005369099821018075,-0.025310470722092582,-0.05982553008429914
8.119875431060791,0.022243153766099866,-0.21621077377108966,0.15860316373565952,0.005369099821018075,-0.025310470722092582,-0.05982553008429914
8.12500286102295,0.022243153766099866,-0.21609955846695694,0.15860316373565952,0.005369099821018075,-0.025310470722092582,-0.05982553008429914
8.129968404769897,0.022243153766099866,-0.21609955846695694,0.15860316373565952,0.005369099821018075,-0.025310470722092582,-0.05982553008429914
8.135030746459961,0.022243153766099866,-0.21598450815233727,0.15860316373565952,0.005369099821018075,-0.025310470722092582,-0.05982553008429914
8.139864921569824,0.022243153766099866,-0.2158617878167428,0.15860316373565952,0.005369099821018075,-0.024543480328150125,-0.05982553008429914
8.144920110702515,0.022243153766099866,-0.2158617878167428,0.15860316373565952,0.005369099821018075,-0.024543480328150125,-0.05982553008429914
8.149895906448364,0.022243153766099866,-0.21556265699873078,0.15860316373565952,0.005369099821018075,-0.024543480328150125,-0.05982553008429914
8.155081510543823,0.022243153766099866,-0.21556265699873078,0.15860316373565952,0.005369099821018075,-0.024543480328150125,-0.05982553008429914
8.159905672073364,0.022243153766099866,-0.2149835704151437,0.15860316373565952,0.005369099821018075,-0.02377648993420678,-0.05982553008429914
8.164893388748169,0.022243153766099866,-0.2149835704151437,0.15860316373565952,0.005369099821018075,-0.02377648993420678,-0.05982553008429914
8.169869184494019,0.022243153766099866,-0.21456938928251246,0.15860316373565952,0.005369099821018075,-0.02377648993420678,-0.05982553008429914
8.175062656402588,0.022243153766099866,-0.21409384798208375,0.15860316373565952,0.005369099821018075,-0.023009499540264322,-0.05982553008429914
8.180010318756104,0.022243153766099866,-0.21409384798208375,0.15860316373565952,0.005369099821018075,-0.023009499540264322,-0.05982553008429914
8.184863328933716,0.022243153766099866,-0.2136911718809138,0.15859932872517213,0.005369099821018075,-0.023009499540264322,-0.05982553008429914
8.189934253692627,0.022243153766099866,-0.2136911718809138,0.15859932872517213,0.005369099821018075,-0.023009499540264322,-0.05982553008429914
8.194880723953247,0.022243153766099866,-0.21315810542317504,0.15859549371468473,0.005369099821018075,-0.022242509146320977,-0.05982553008429914
8.199935913085938,0.022243153766099866,-0.21315810542317504,0.15859549371468473,0.005369099821018075,-0.022242509146320977,-0.05982553008429914
8.204868078231812,0.022243153766099866,-0.21289732471003653,0.15859549371468473,0.005369099821018075,-0.02147551875237852,-0.05982553008429914
8.209894180297852,0.022243153766099866,-0.21289732471003653,0.15859549371468473,0.005369099821018075,-0.02147551875237852,-0.05982553008429914
8.21492314338684,0.022243153766099866,-0.21257901883958796,0.15859549371468473,0.005369099821018075,-0.02147551875237852,-0.05982553008429914
8.219881772994995,0.022243153766099866,-0.21257901883958796,0.15859549371468473,0.005369099821018075,-0.02147551875237852,-0.05982553008429914
8.224958658218384,0.022243153766099866,-0.2123412481893734,0.15859165870419734,0.005369099821018075,-0.020708528358435174,-0.05982553008429914
8.229894876480103,0.022243153766099866,-0.2121303226125706,0.15859165870419734,0.005369099821018075,-0.020708528358435174,-0.05982553008429914
8.234992980957031,0.022243153766099866,-0.2121303226125706,0.15859165870419734,0.005369099821018075,-0.020708528358435174,-0.05982553008429914
8.239892721176147,0.022243153766099866,-0.21197308718258956,0.15859165870419734,0.005369099821018075,-0.019941537964492717,-0.05982553008429914
8.245009660720825,0.022243153766099866,-0.21197308718258956,0.15859165870419734,0.005369099821018075,-0.019941537964492717,-0.05982553008429914
8.249894380569458,0.022243153766099866,-0.21184269682602075,0.15859165870419734,0.005369099821018075,-0.019941537964492717,-0.05982553008429914
8.254939556121826,0.022243153766099866,-0.21184269682602075,0.15859165870419734,0.005369099821018075,-0.019941537964492717,-0.05982553008429914
8.259995937347412,0.022243153766099866,-0.2117008014379893,0.15859165870419734,0.005369099821018075,-0.019941537964492717,-0.05982553008429914
8.264911651611328,0.022243153766099866,-0.21152822596605958,0.15858782369371038,0.005369099821018075,-0.019941537964492717,-0.05982553008429914
8.270047664642334,0.022243153766099866,-0.21152822596605958,0.15858782369371038,0.005369099821018075,-0.019941537964492717,-0.05982553008429914
8.274865627288818,0.022243153766099866,-0.21134798047315506,0.15858398868322254,0.005369099821018075,-0.01917454757055026,-0.05982553008429914
8.279894590377808,0.022243153766099866,-0.21134798047315506,0.15858398868322254,0.005369099821018075,-0.01917454757055026,-0.05982553008429914
8.284871339797974,0.022243153766099866,-0.21112554986488963,0.15858398868322254,0.005369099821018075,-0.01917454757055026,-0.05982553008429914
8.28989577293396,0.022243153766099866,-0.21112554986488963,0.15858398868322254,0.005369099821018075,-0.01917454757055026,-0.05982553008429914
8.294924974441528,0.022243153766099866,-0.21074588382664405,0.15858398868322254,0.005369099821018075,-0.01917454757055026,-0.05982553008429914
8.299954891204834,0.022243153766099866,-0.21074588382664405,0.15858398868322254,0.005369099821018075,-0.01917454757055026,-0.05982553008429914
8.3048996925354,0.022243153766099866,-0.21026650751572795,0.15858398868322254,0.005369099821018075,-0.01917454757055026,-0.05982553008429914
8.310087203979492,0.022243153766099866,-0.21007092198087385,0.15858398868322254,0.005369099821018075,-0.01917454757055026,-0.05982553008429914
8.314917087554932,0.022243153766099866,-0.21007092198087385,0.15858398868322254,0.005369099821018075,-0.01917454757055026,-0.05982553008429914
8.319885492324829,0.022243153766099866,-0.2094266402190028,0.15858398868322254,0.005369099821018075,-0.018407557176606915,-0.05982553008429914
8.32489275932312,0.022243153766099866,-0.2094266402190028,0.15858398868322254,0.005369099821018075,-0.018407557176606915,-0.05982553008429914
8.329896450042725,0.022243153766099866,-0.2091620244953769,0.1585801536727356,0.005369099821018075,-0.018407557176606915,-0.05982553008429914
8.334951400756836,0.022243153766099866,-0.2091620244953769,0.1585801536727356,0.005369099821018075,-0.018407557176606915,-0.05982553008429914
8.339903831481934,0.022243153766099866,-0.20894342889759887,0.1585763186622482,0.005369099821018075,-0.018407557176606915,-0.05982553008429914
8.34495496749878,0.022243153766099866,-0.20894342889759887,0.1585763186622482,0.005369099821018075,-0.018407557176606915,-0.05982553008429914
8.34990382194519,0.022243153766099866,-0.20874400835225781,0.1585724836517608,0.005369099821018075,-0.017640566782664457,-0.05982553008429914
8.354995012283325,0.022243153766099866,-0.2085637628593533,0.1585724836517608,0.005369099821018075,-0.016873576388722,-0.05982553008429914
8.359982013702393,0.022243153766099866,-0.2085637628593533,0.1585724836517608,0.005369099821018075,-0.016873576388722,-0.05982553008429914
8.36490273475647,0.022243153766099866,-0.20842186747132185,0.1585724836517608,0.005369099821018075,-0.016106585994778655,-0.05982553008429914
8.369895935058594,0.022243153766099866,-0.20842186747132185,0.1585724836517608,0.005369099821018075,-0.016106585994778655,-0.05982553008429914
8.37491512298584,0.022243153766099866,-0.2082646320413417,0.1585686486412734,0.005369099821018075,-0.01533959560083531,-0.05982553008429914
8.379904985427856,0.022243153766099866,-0.2082646320413417,0.1585686486412734,0.005369099821018075,-0.01533959560083531,-0.05982553008429914
8.38493013381958,0.022243153766099866,-0.2081572517476964,0.1585686486412734,0.005369099821018075,-0.014572605206892852,-0.05982553008429914
8.389903783798218,0.022243153766099866,-0.2081572517476964,0.1585686486412734,0.005369099821018075,-0.014572605206892852,-0.05982553008429914
8.395002365112305,0.022243153766099866,-0.20802686139112714,0.1585686486412734,0.005369099821018075,-0.014572605206892852,-0.05905853969035624
8.39991569519043,0.022243153766099866,-0.207930986128944,0.158564813630786,0.005369099821018075,-0.014572605206892852,-0.05905853969035624
8.404947996139526,0.022243153766099866,-0.207930986128944,0.158564813630786,0.005369099821018075,-0.014572605206892852,-0.05905853969035624
8.409861326217651,0.022243153766099866,-0.2078005957723743,0.15856097862029905,0.005369099821018075,-0.013805614812950395,-0.05905853969035624
8.414906978607178,0.022243153766099866,-0.2078005957723743,0.15856097862029905,0.005369099821018075,-0.013805614812950395,-0.05905853969035624
8.419878721237183,0.022243153766099866,-0.2078005957723743,0.15856097862029905,0.005369099821018075,-0.013805614812950395,-0.05905853969035624
8.424906969070435,0.022243153766099866,-0.2078005957723743,0.15856097862029905,0.005369099821018075,-0.013805614812950395,-0.05905853969035624
8.42985987663269,0.022243153766099866,-0.20762418528995763,0.1585571436098112,0.005369099821018075,-0.013805614812950395,-0.05905853969035624
8.434868812561035,0.022243153766099866,-0.20762418528995763,0.1585571436098112,0.005369099821018075,-0.013805614812950395,-0.05905853969035624
8.439930200576782,0.022243153766099866,-0.20750146495436272,0.1585571436098112,0.006136090214960532,-0.013805614812950395,-0.05905853969035624
8.444937705993652,0.022243153766099866,-0.2074439397970531,0.1585571436098112,0.005369099821018075,-0.01303862441900705,-0.05905853969035624
8.449980974197388,0.022243153766099866,-0.2074439397970531,0.1585571436098112,0.005369099821018075,-0.01303862441900705,-0.05905853969035624
8.454921245574951,0.022243153766099866,-0.20741709472364178,0.1585571436098112,0.005369099821018075,-0.01303862441900705,-0.05905853969035624
8.459919691085815,0.022243153766099866,-0.20741709472364178,0.1585571436098112,0.005369099821018075,-0.01303862441900705,-0.05905853969035624
8.464929580688477,0.022243153766099866,-0.207409424702667,0.1585571436098112,0.005369099821018075,-0.01303862441900705,-0.05905853969035624
8.469939708709717,0.022243153766099866,-0.207409424702667,0.1585571436098112,0.005369099821018075,-0.01303862441900705,-0.05905853969035624
8.474928617477417,0.022243153766099866,-0.207409424702667,0.1585571436098112,0.006136090214960532,-0.01303862441900705,-0.05905853969035624
8.47998595237732,0.022243153766099866,-0.207409424702667,0.1585571436098112,0.006136090214960532,-0.01303862441900705,-0.05905853969035624
8.484954357147217,0.022243153766099866,-0.207409424702667,0.1585571436098112,0.005369099821018075,-0.01303862441900705,-0.05905853969035624
8.49018406867981,0.022243153766099866,-0.2074017546816922,0.1585571436098112,0.006136090214960532,-0.01303862441900705,-0.05905853969035624
8.494945764541626,0.022243153766099866,-0.2074017546816922,0.1585571436098112,0.006136090214960532,-0.01303862441900705,-0.05905853969035624
8.499950408935547,0.022243153766099866,-0.20738257962925566,0.1585571436098112,0.005369099821018075,-0.01303862441900705,-0.05905853969035624
8.504926204681396,0.022243153766099866,-0.20738257962925566,0.1585571436098112,0.005369099821018075,-0.01303862441900705,-0.05905853969035624
8.509935140609741,0.022243153766099866,-0.20735956956633173,0.1585571436098112,0.005369099821018075,-0.01303862441900705,-0.05905853969035624
8.514938116073608,0.022243153766099866,-0.20735956956633173,0.1585571436098112,0.005369099821018075,-0.01303862441900705,-0.05905853969035624
8.519894361495972,0.022243153766099866,-0.20730204440902167,0.1585571436098112,0.006136090214960532,-0.01303862441900705,-0.05905853969035624
8.52489972114563,0.022243153766099866,-0.20730204440902167,0.1585571436098112,0.006136090214960532,-0.01303862441900705,-0.05905853969035624
8.529939889907837,0.022243153766099866,-0.20722534419927507,0.15855330859932426,0.005369099821018075,-0.01303862441900705,-0.05905853969035624
8.534911155700684,0.022243153766099866,-0.20709495384270582,0.15855330859932426,0.005369099821018075,-0.01303862441900705,-0.05905853969035624
8.539933443069458,0.022243153766099866,-0.20709495384270582,0.15855330859932426,0.005369099821018075,-0.01303862441900705,-0.05905853969035624
8.544914722442627,0.022243153766099866,-0.20694155342321263,0.15855330859932426,0.005369099821018075,-0.01303862441900705,-0.05905853969035624
8.55001187324524,0.022243153766099866,-0.20694155342321263,0.15855330859932426,0.005369099821018075,-0.01303862441900705,-0.05905853969035624
8.554891586303711,0.022243153766099866,-0.20668077271007412,0.15854947358883686,0.005369099821018075,-0.01303862441900705,-0.05905853969035624
8.559918880462646,0.022243153766099866,-0.20668077271007412,0.15854947358883686,0.005369099821018075,-0.01303862441900705,-0.05905853969035624
8.564891815185547,0.022243153766099866,-0.20641615698644866,0.15854947358883686,0.005369099821018075,-0.01303862441900705,-0.05905853969035624
8.569995403289795,0.022243153766099866,-0.20641615698644866,0.15854947358883686,0.005369099821018075,-0.01303862441900705,-0.05905853969035624
8.574899911880493,0.022243153766099866,-0.20641615698644866,0.15854947358883686,0.006136090214960532,-0.012271634025064593,-0.05905853969035624
8.579909086227417,0.022243153766099866,-0.2058255653713994,0.15854947358883686,0.005369099821018075,-0.012271634025064593,-0.05905853969035624
8.58486270904541,0.022243153766099866,-0.2058255653713994,0.15854947358883686,0.005369099821018075,-0.012271634025064593,-0.05905853969035624
8.589899778366089,0.022243153766099866,-0.20561080478410876,0.15854947358883686,0.006136090214960532,-0.012271634025064593,-0.05905853969035624
8.59491491317749,0.022243153766099866,-0.20561080478410876,0.15854947358883686,0.006136090214960532,-0.012271634025064593,-0.05905853969035624
8.599910736083984,0.022243153766099866,-0.20558779472118527,0.15854947358883686,0.006136090214960532,-0.012271634025064593,-0.05905853969035624
8.604982137680054,0.022243153766099866,-0.20558779472118527,0.15854947358883686,0.006136090214960532,-0.012271634025064593,-0.05905853969035624
8.609893083572388,0.022243153766099866,-0.2056012172578905,0.15854563857834947,0.005369099821018075,-0.011504643631122136,-0.05905853969035624
8.614935398101807,0.022243153766099866,-0.2056012172578905,0.15854563857834947,0.005369099821018075,-0.011504643631122136,-0.05905853969035624
8.619888305664062,0.022243153766099866,-0.2056031347631344,0.15854563857834947,0.006136090214960532,-0.011504643631122136,-0.05905853969035624
8.624858856201172,0.022243153766099866,-0.205599299752647,0.15854563857834947,0.005369099821018075,-0.01073765323717879,-0.05905853969035624
8.630204677581787,0.022243153766099866,-0.205599299752647,0.15854563857834947,0.005369099821018075,-0.01073765323717879,-0.05905853969035624
8.634895086288452,0.022243153766099866,-0.205599299752647,0.15854563857834947,0.006136090214960532,-0.009970662843236333,-0.05905853969035624
8.639950037002563,0.022243153766099866,-0.205599299752647,0.15854563857834947,0.006136090214960532,-0.009970662843236333,-0.05905853969035624
8.644889831542969,0.022243153766099866,-0.205599299752647,0.15854563857834947,0.006136090214960532,-0.009970662843236333,-0.05905853969035624
8.649961471557617,0.022243153766099866,-0.205599299752647,0.15854563857834947,0.006136090214960532,-0.009970662843236333,-0.05905853969035624
8.654966592788696,0.022243153766099866,-0.205599299752647,0.15854563857834947,0.005369099821018075,-0.009203672449292988,-0.05905853969035624
8.659974575042725,0.022243153766099866,-0.205599299752647,0.15854563857834947,0.005369099821018075,-0.009203672449292988,-0.05905853969035624
8.665021419525146,0.022243153766099866,-0.205599299752647,0.15854563857834947,0.005369099821018075,-0.00843668205535053,-0.05905853969035624
8.670148849487305,0.022243153766099866,-0.20559546474215962,0.15854563857834947,0.006136090214960532,-0.00843668205535053,-0.05905853969035624
8.675100326538086,0.022243153766099866,-0.20559546474215962,0.15854563857834947,0.006136090214960532,-0.00843668205535053,-0.05905853969035624
8.679915189743042,0.022243153766099866,-0.20558779472118527,0.15854563857834947,0.005369099821018075,-0.007669691661407185,-0.05905853969035624
8.684922933578491,0.022243153766099866,-0.20558779472118527,0.15854563857834947,0.005369099821018075,-0.007669691661407185,-0.05905853969035624
8.689862489700317,0.022243153766099866,-0.20558395971069787,0.15854563857834947,0.005369099821018075,-0.006902701267464728,-0.05905853969035624
8.694937467575073,0.022243153766099866,-0.20558395971069787,0.15854563857834947,0.005369099821018075,-0.006902701267464728,-0.05905853969035624
8.699969291687012,0.022243153766099866,-0.20558012470021048,0.15854563857834947,0.005369099821018075,-0.006902701267464728,-0.05905853969035624
8.704903364181519,0.022243153766099866,-0.20558012470021048,0.15854563857834947,0.005369099821018075,-0.006902701267464728,-0.05905853969035624
8.709948778152466,0.022243153766099866,-0.20557628968972308,0.15854563857834947,0.006136090214960532,-0.006135710873522271,-0.058291549296413336
8.715045928955078,0.022243153766099866,-0.20556094964777394,0.15854563857834947,0.005369099821018075,-0.006135710873522271,-0.058291549296413336
8.71989917755127,0.022243153766099866,-0.20556094964777394,0.15854563857834947,0.005369099821018075,-0.006135710873522271,-0.058291549296413336
8.72492527961731,0.022243153766099866,-0.20555327962679915,0.15854563857834947,0.006136090214960532,-0.006135710873522271,-0.05752455890247088
8.729936361312866,0.022243153766099866,-0.20555327962679915,0.15854563857834947,0.006136090214960532,-0.006135710873522271,-0.05752455890247088
8.734893560409546,0.022243153766099866,-0.20554944461631175,0.15854563857834947,0.006136090214960532,-0.006135710873522271,-0.056757568508527534
8.739924192428589,0.022243153766099866,-0.20554944461631175,0.15854563857834947,0.006136090214960532,-0.006135710873522271,-0.056757568508527534
8.744893550872803,0.022243153766099866,-0.20553793958484956,0.15854563857834947,0.005369099821018075,-0.005368720479578926,-0.05599057811458508
8.749890804290771,0.022243153766099866,-0.20553793958484956,0.15854563857834947,0.005369099821018075,-0.005368720479578926,-0.05599057811458508
8.754992723464966,0.022243153766099866,-0.20552259954290042,0.15854563857834947,0.005369099821018075,-0.005368720479578926,-0.05292261653881347
8.760080814361572,0.022243153766099866,-0.20550725950095128,0.15854563857834947,0.006136090214960532,-0.0046017300856364685,-0.052155626144871015
8.764914989471436,0.022243153766099866,-0.20550725950095128,0.15854563857834947,0.006136090214960532,-0.0046017300856364685,-0.052155626144871015
8.769894123077393,0.022243153766099866,-0.20548041442753995,0.15854563857834947,0.006136090214960532,-0.0046017300856364685,-0.05138863575092811
8.774972438812256,0.022243153766099866,-0.20548041442753995,0.15854563857834947,0.006136090214960532,-0.0046017300856364685,-0.05138863575092811
8.77989411354065,0.022243153766099866,-0.20546890939607776,0.15854563857834947,0.006136090214960532,-0.0038347396916940113,-0.05062164535698521
8.784923315048218,0.022243153766099866,-0.20546890939607776,0.15854563857834947,0.006136090214960532,-0.0038347396916940113,-0.05062164535698521
8.7899169921875,0.022243153766099866,-0.20545356935412862,0.15854563857834947,0.006136090214960532,-0.003067749297750666,-0.05062164535698521
8.794908285140991,0.022243153766099866,-0.20545356935412862,0.15854563857834947,0.006136090214960532,-0.003067749297750666,-0.05062164535698521
8.799880266189575,0.022243153766099866,-0.20544206432266687,0.15854563857834947,0.006136090214960532,-0.002300758903808209,-0.05062164535698521
8.805031538009644,0.022243153766099866,-0.20541521924925554,0.15854563857834947,0.006136090214960532,-0.002300758903808209,-0.04985465496304231
8.809919595718384,0.022243153766099866,-0.20541521924925554,0.15854563857834947,0.006136090214960532,-0.002300758903808209,-0.04985465496304231
8.814876079559326,0.022243153766099866,-0.20539220918633116,0.15854563857834947,0.006136090214960532,-0.0015337685098648635,-0.04832067417515695
8.81994342803955,0.022243153766099866,-0.20539220918633116,0.15854563857834947,0.006136090214960532,-0.0015337685098648635,-0.04832067417515695
8.824868440628052,0.022243153766099866,-0.20536536411291983,0.15854180356786207,0.006136090214960532,-0.0015337685098648635,-0.04601970299332825
8.830055236816406,0.022243153766099866,-0.20536536411291983,0.15854180356786207,0.006136090214960532,-0.0015337685098648635,-0.04601970299332825
8.835036516189575,0.022243153766099866,-0.2053461890604833,0.15854180356786207,0.006136090214960532,-0.0015337685098648635,-0.04525271259938535
8.839908599853516,0.022243153766099866,-0.2053461890604833,0.15854180356786207,0.006136090214960532,-0.0015337685098648635,-0.04525271259938535
8.844924688339233,0.022243153766099866,-0.2053385190395085,0.15854180356786207,0.006136090214960532,-0.0007667781159224063,-0.04448572220544289
8.850081443786621,0.022243153766099866,-0.20533468402902155,0.15854180356786207,0.006136090214960532,-0.0007667781159224063,-0.04448572220544289
8.854942321777344,0.022243153766099866,-0.20533468402902155,0.15854180356786207,0.006136090214960532,-0.0007667781159224063,-0.04448572220544289
8.859872579574585,0.022243153766099866,-0.20531934398707197,0.15854180356786207,0.006136090214960532,-0.0007667781159224063,-0.04448572220544289
8.864910125732422,0.022243153766099866,-0.20531934398707197,0.15854180356786207,0.006136090214960532,-0.0007667781159224063,-0.04448572220544289
8.86985993385315,0.022243153766099866,-0.20531167396609717,0.15854180356786207,0.006136090214960532,-0.0007667781159224063,-0.04448572220544289
8.874911308288574,0.022243153766099866,-0.20531167396609717,0.15854180356786207,0.006136090214960532,-0.0007667781159224063,-0.04448572220544289
8.879873752593994,0.022243153766099866,-0.20530400394512238,0.15854180356786207,0.006136090214960532,-0.0007667781159224063,-0.04448572220544289
8.884918451309204,0.022243153766099866,-0.20530400394512238,0.15854180356786207,0.006136090214960532,-0.0007667781159224063,-0.04448572220544289
8.889938354492188,0.022243153766099866,-0.20529249891366064,0.15854180356786207,0.006136090214960532,2.1227802093903847e-07,-0.04448572220544289
8.894832372665405,0.022243153766099866,-0.20527715887171105,0.15854180356786207,0.006136090214960532,2.1227802093903847e-07,-0.04448572220544289
8.899923324584961,0.022243153766099866,-0.20527715887171105,0.15854180356786207,0.006136090214960532,2.1227802093903847e-07,-0.04448572220544289
8.904863357543945,0.022243153766099866,-0.2052656538402493,0.15854180356786207,0.006136090214960532,2.1227802093903847e-07,-0.04448572220544289
8.910004615783691,0.022243153766099866,-0.2052656538402493,0.15854180356786207,0.006136090214960532,2.1227802093903847e-07,-0.04448572220544289
8.914896488189697,0.022243153766099866,-0.20523497375635058,0.15854180356786207,0.006136090214960532,2.1227802093903847e-07,-0.04448572220544289
8.919906616210938,0.022243153766099866,-0.20523497375635058,0.15854180356786207,0.006136090214960532,2.1227802093903847e-07,-0.04448572220544289
8.924902200698853,0.022243153766099866,-0.20520429367245185,0.15854180356786207,0.006136090214960532,2.1227802093903847e-07,-0.04448572220544289
8.929925441741943,0.022243153766099866,-0.20520429367245185,0.15854180356786207,0.006136090214960532,2.1227802093903847e-07,-0.04448572220544289
8.934905052185059,0.022243153766099866,-0.20513526348368005,0.15854180356786207,0.006136090214960532,2.1227802093903847e-07,-0.04448572220544289
8.939959049224854,0.022243153766099866,-0.20507390331588304,0.15854180356786207,0.006136090214960532,2.1227802093903847e-07,-0.04448572220544289
8.945016384124756,0.022243153766099866,-0.20507390331588304,0.15854180356786207,0.006136090214960532,2.1227802093903847e-07,-0.04448572220544289
8.949891090393066,0.022243153766099866,-0.20488982281249069,0.15854180356786207,0.006136090214960532,2.1227802093903847e-07,-0.04448572220544289
8.954917907714844,0.022243153766099866,-0.20488982281249069,0.15854180356786207,0.006136090214960532,2.1227802093903847e-07,-0.04448572220544289
8.95993971824646,0.022243153766099866,-0.20473258738251054,0.15854180356786207,0.006136090214960532,2.1227802093903847e-07,-0.04448572220544289
8.9650297164917,0.022243153766099866,-0.20473258738251054,0.15854180356786207,0.006136090214960532,2.1227802093903847e-07,-0.04448572220544289
8.970001220703125,0.022243153766099866,-0.20457918696301736,0.15854180356786207,0.006136090214960532,2.1227802093903847e-07,-0.04448572220544289
8.974935293197632,0.022243153766099866,-0.20457918696301736,0.15854180356786207,0.006136090214960532,2.1227802093903847e-07,-0.04448572220544289
8.980003118515015,0.022243153766099866,-0.2044603016379103,0.15854180356786207,0.006136090214960532,2.1227802093903847e-07,-0.04448572220544289
8.984890699386597,0.022243153766099866,-0.2044411265854733,0.15854180356786207,0.006136090214960532,2.1227802093903847e-07,-0.04448572220544289
8.989963054656982,0.022243153766099866,-0.2044411265854733,0.15854180356786207,0.006136090214960532,2.1227802093903847e-07,-0.04448572220544289
8.994899034500122,0.022243153766099866,-0.2044449615959607,0.15854180356786207,0.006136090214960532,2.1227802093903847e-07,-0.04448572220544289
8.999900341033936,0.022243153766099866,-0.2044449615959607,0.15854180356786207,0.006136090214960532,2.1227802093903847e-07,-0.04448572220544289
9.004899501800537,0.022243153766099866,-0.2044487966064481,0.15854180356786207,0.005369099821018075,2.1227802093903847e-07,-0.04448572220544289
9.009945631027222,0.022243153766099866,-0.2044487966064481,0.15854180356786207,0.005369099821018075,2.1227802093903847e-07,-0.04448572220544289
9.014950513839722,0.022243153766099866,-0.2044449615959607,0.15854180356786207,0.006136090214960532,2.1227802093903847e-07,-0.04448572220544289
9.019907712936401,0.022243153766099866,-0.2044449615959607,0.15854180356786207,0.006136090214960532,2.1227802093903847e-07,-0.04448572220544289
9.024894952774048,0.022243153766099866,-0.2044449615959607,0.15854180356786207,0.006136090214960532,2.1227802093903847e-07,-0.04448572220544289
9.0299711227417,0.022243153766099866,-0.2044449615959607,0.15854180356786207,0.006136090214960532,2.1227802093903847e-07,-0.04448572220544289
9.03489899635315,0.022243153766099866,-0.2044449615959607,0.15854180356786207,0.006136090214960532,2.1227802093903847e-07,-0.04448572220544289
9.039888620376587,0.022243153766099866,-0.2044411265854733,0.15854180356786207,0.006136090214960532,2.1227802093903847e-07,-0.04448572220544289
9.044968843460083,0.022243153766099866,-0.2044411265854733,0.15854180356786207,0.006136090214960532,2.1227802093903847e-07,-0.04448572220544289
9.049898147583008,0.022243153766099866,-0.2044411265854733,0.15854180356786207,0.006136090214960532,2.1227802093903847e-07,-0.04448572220544289
9.054903507232666,0.022243153766099866,-0.2044411265854733,0.15854180356786207,0.006136090214960532,2.1227802093903847e-07,-0.04448572220544289
9.05989694595337,0.022243153766099866,-0.2044372915749859,0.15854180356786207,0.006136090214960532,2.1227802093903847e-07,-0.04448572220544289
9.064899682998657,0.022243153766099866,-0.2044372915749859,0.15854180356786207,0.006136090214960532,2.1227802093903847e-07,-0.04448572220544289
9.069906949996948,0.022243153766099866,-0.2044372915749859,0.15854180356786207,0.006136090214960532,2.1227802093903847e-07,-0.04448572220544289
9.07504415512085,0.022243153766099866,-0.2044372915749859,0.15854180356786207,0.005369099821018075,2.1227802093903847e-07,-0.04448572220544289
9.079893350601196,0.022243153766099866,-0.2044372915749859,0.15854180356786207,0.005369099821018075,2.1227802093903847e-07,-0.04448572220544289
9.084911346435547,0.022243153766099866,-0.2044372915749859,0.15854180356786207,0.006136090214960532,2.1227802093903847e-07,-0.04448572220544289
9.08992314338684,0.022243153766099866,-0.2044372915749859,0.15854180356786207,0.006136090214960532,2.1227802093903847e-07,-0.04448572220544289
9.094892024993896,0.022243153766099866,-0.20443345656449896,0.15854180356786207,0.006136090214960532,2.1227802093903847e-07,-0.04448572220544289
9.099896907806396,0.022243153766099866,-0.20443345656449896,0.15854180356786207,0.006136090214960532,2.1227802093903847e-07,-0.04448572220544289
9.104911088943481,0.022243153766099866,-0.20443345656449896,0.15854180356786207,0.006136090214960532,0.0007672026719633962,-0.04448572220544289
9.109963655471802,0.022243153766099866,-0.20443345656449896,0.15854180356786207,0.006136090214960532,0.0007672026719633962,-0.04448572220544289
9.114891767501831,0.022243153766099866,-0.20443345656449896,0.15854180356786207,0.006136090214960532,0.0007672026719633962,-0.04448572220544289
9.120022058486938,0.022243153766099866,-0.20443345656449896,0.15854180356786207,0.006136090214960532,0.0007672026719633962,-0.04448572220544289
9.124916553497314,0.022243153766099866,-0.20443345656449896,0.15854180356786207,0.006136090214960532,0.0007672026719633962,-0.04448572220544289
9.129863262176514,0.022243153766099866,-0.20443345656449896,0.15854180356786207,0.006136090214960532,0.0007672026719633962,-0.04448572220544289
9.134857892990112,0.022243153766099866,-0.20443345656449896,0.15854180356786207,0.006136090214960532,0.0007672026719633962,-0.04448572220544289
9.139899492263794,0.022243153766099866,-0.20443345656449896,0.15854180356786207,0.006136090214960532,0.0015341930659058534,-0.04448572220544289
9.145010709762573,0.022243153766099866,-0.20443345656449896,0.15854180356786207,0.006136090214960532,0.0015341930659058534,-0.04448572220544289
9.149940252304077,0.022243153766099866,-0.20443345656449896,0.15854180356786207,0.005369099821018075,0.0015341930659058534,-0.04448572220544289
9.15495753288269,0.022243153766099866,-0.20443345656449896,0.15854180356786207,0.005369099821018075,0.0015341930659058534,-0.04448572220544289
9.159930229187012,0.022243153766099866,-0.20443345656449896,0.15854180356786207,0.006136090214960532,0.0023011834598491987,-0.04448572220544289
9.164918184280396,0.022243153766099866,-0.20442962155401112,0.15854180356786207,0.006136090214960532,0.003068173853791656,-0.04448572220544289
9.16994595527649,0.022243153766099866,-0.20442962155401112,0.15854180356786207,0.006136090214960532,0.003068173853791656,-0.04448572220544289
9.174893617630005,0.022243153766099866,-0.20442195153303633,0.15854180356786207,0.006136090214960532,0.003068173853791656,-0.04448572220544289
9.179940462112427,0.022243153766099866,-0.20442195153303633,0.15854180356786207,0.006136090214960532,0.003068173853791656,-0.04448572220544289
9.184864044189453,0.022243153766099866,-0.20442195153303633,0.15854180356786207,0.006136090214960532,0.003835164247734113,-0.04448572220544289
9.189882755279541,0.022243153766099866,-0.20442195153303633,0.15854180356786207,0.006136090214960532,0.003835164247734113,-0.04448572220544289
9.194952249526978,0.022243153766099866,-0.20441811652254938,0.15854180356786207,0.005369099821018075,0.004602154641677458,-0.04448572220544289
9.199981927871704,0.022243153766099866,-0.20441811652254938,0.15854180356786207,0.005369099821018075,0.004602154641677458,-0.04448572220544289
9.204907894134521,0.022243153766099866,-0.20441044650157458,0.15854180356786207,0.006136090214960532,0.004602154641677458,-0.04448572220544289
9.209890365600586,0.022243153766099866,-0.20439127144913805,0.15854180356786207,0.006136090214960532,0.005369145035620804,-0.04448572220544289
9.21505093574524,0.022243153766099866,-0.20439127144913805,0.15854180356786207,0.006136090214960532,0.005369145035620804,-0.04448572220544289
9.219868898391724,0.022243153766099866,-0.20436442637572672,0.15854180356786207,0.006136090214960532,0.005369145035620804,-0.04448572220544289
9.22486662864685,0.022243153766099866,-0.20436442637572672,0.15854180356786207,0.006136090214960532,0.005369145035620804,-0.04448572220544289
9.229861974716187,0.022243153766099866,-0.20434141631280278,0.15854180356786207,0.006136090214960532,0.006136135429563261,-0.04448572220544289
9.234924793243408,0.022243153766099866,-0.20434141631280278,0.15854180356786207,0.006136090214960532,0.006136135429563261,-0.04448572220544289
9.239903211593628,0.022243153766099866,-0.2043222412603658,0.15854180356786207,0.006136090214960532,0.006136135429563261,-0.04448572220544289
9.244903564453125,0.022243153766099866,-0.2043222412603658,0.15854180356786207,0.006136090214960532,0.006136135429563261,-0.04448572220544289
9.249878406524658,0.022243153766099866,-0.2042992311974423,0.15854180356786207,0.005369099821018075,0.006903125823505718,-0.04448572220544289
9.254891633987427,0.022243153766099866,-0.20428772616598012,0.15854180356786207,0.005369099821018075,0.006903125823505718,-0.04448572220544289
9.259894371032715,0.022243153766099866,-0.20428772616598012,0.15854180356786207,0.005369099821018075,0.006903125823505718,-0.04448572220544289
9.264864444732666,0.022243153766099866,-0.20428389115549273,0.15854180356786207,0.005369099821018075,0.006903125823505718,-0.04448572220544289
9.269912004470825,0.022243153766099866,-0.20428389115549273,0.15854180356786207,0.005369099821018075,0.006903125823505718,-0.04448572220544289
9.275005578994751,0.022243153766099866,-0.20428389115549273,0.15854180356786207,0.005369099821018075,0.006903125823505718,-0.04448572220544289
9.280078887939453,0.022243153766099866,-0.20428389115549273,0.15854180356786207,0.005369099821018075,0.006903125823505718,-0.04448572220544289
9.28486967086792,0.022243153766099866,-0.20427622113451793,0.15854180356786207,0.006136090214960532,0.006903125823505718,-0.04448572220544289
9.289896726608276,0.022243153766099866,-0.20427622113451793,0.15854180356786207,0.006136090214960532,0.006903125823505718,-0.04448572220544289
9.294868230819702,0.022243153766099866,-0.2042647161030562,0.15854563857834947,0.005369099821018075,0.006903125823505718,-0.04448572220544289
9.299880504608154,0.022243153766099866,-0.2042608810925688,0.15854563857834947,0.005369099821018075,0.006903125823505718,-0.04448572220544289
9.305022716522217,0.022243153766099866,-0.2042608810925688,0.15854563857834947,0.005369099821018075,0.006903125823505718,-0.04448572220544289
9.309886455535889,0.022243153766099866,-0.2042570460820814,0.15854563857834947,0.006136090214960532,0.006903125823505718,-0.04448572220544289
9.314927816390991,0.022243153766099866,-0.2042570460820814,0.15854563857834947,0.006136090214960532,0.006903125823505718,-0.04448572220544289
9.319889783859253,0.022243153766099866,-0.20425321107159444,0.15854563857834947,0.005369099821018075,0.006903125823505718,-0.04448572220544289
9.324886798858643,0.022243153766099866,-0.20425321107159444,0.15854563857834947,0.005369099821018075,0.006903125823505718,-0.04448572220544289
9.330002784729004,0.022243153766099866,-0.20424170604013225,0.15854563857834947,0.005369099821018075,0.006903125823505718,-0.04448572220544289
9.334916353225708,0.022243153766099866,-0.20424170604013225,0.15854563857834947,0.005369099821018075,0.006903125823505718,-0.04448572220544289
9.33989143371582,0.022243153766099866,-0.20423020100867006,0.15854563857834947,0.005369099821018075,0.006903125823505718,-0.04448572220544289
9.344935417175293,0.022243153766099866,-0.20423020100867006,0.15854563857834947,0.005369099821018075,0.006903125823505718,-0.04448572220544289
9.349959135055542,0.022243153766099866,-0.20421102595623353,0.15854563857834947,0.005369099821018075,0.006903125823505718,-0.04448572220544289
9.354870557785034,0.022243153766099866,-0.2041841808828222,0.15854563857834947,0.005369099821018075,0.006903125823505718,-0.04448572220544289
9.359919548034668,0.022243153766099866,-0.2041841808828222,0.15854563857834947,0.005369099821018075,0.006903125823505718,-0.04448572220544289
9.364901542663574,0.022243153766099866,-0.20414199576746173,0.15854563857834947,0.005369099821018075,0.006903125823505718,-0.04448572220544289
9.369948625564575,0.022243153766099866,-0.20414199576746173,0.15854563857834947,0.005369099821018075,0.006903125823505718,-0.04448572220544289
9.374998092651367,0.022243153766099866,-0.20409597564161341,0.15854947358883686,0.005369099821018075,0.006903125823505718,-0.04448572220544289
9.379958629608154,0.022243153766099866,-0.20409597564161341,0.15854947358883686,0.005369099821018075,0.006903125823505718,-0.04448572220544289
9.384941577911377,0.022243153766099866,-0.20401927543186726,0.15854947358883686,0.005369099821018075,0.006903125823505718,-0.04448572220544289
9.389836311340332,0.022243153766099866,-0.20392723518017108,0.15854947358883686,0.005369099821018075,0.006903125823505718,-0.04448572220544289
9.39491081237793,0.022243153766099866,-0.20392723518017108,0.15854947358883686,0.005369099821018075,0.006903125823505718,-0.04448572220544289
9.399859428405762,0.022243153766099866,-0.20375849471872876,0.15854947358883686,0.005369099821018075,0.006903125823505718,-0.04448572220544289
9.405015468597412,0.022243153766099866,-0.20375849471872876,0.15854947358883686,0.005369099821018075,0.006903125823505718,-0.04448572220544289
9.409865140914917,0.022243153766099866,-0.20356290918387465,0.15854947358883686,0.005369099821018075,0.006903125823505718,-0.04448572220544289
9.414907455444336,0.022243153766099866,-0.20356290918387465,0.15854947358883686,0.005369099821018075,0.006903125823505718,-0.04448572220544289
9.420031547546387,0.022243153766099866,-0.2032752833973248,0.15854947358883686,0.005369099821018075,0.006903125823505718,-0.04448572220544289
9.42489504814148,0.022243153766099866,-0.2032752833973248,0.15854947358883686,0.005369099821018075,0.006903125823505718,-0.04448572220544289
9.429889917373657,0.022243153766099866,-0.20273454691861126,0.15854947358883686,0.005369099821018075,0.006903125823505718,-0.04448572220544289
9.43506121635437,0.022243153766099866,-0.2021132752196637,0.15854947358883686,0.006136090214960532,0.006903125823505718,-0.04448572220544289
9.439992427825928,0.022243153766099866,-0.2021132752196637,0.15854947358883686,0.006136090214960532,0.006903125823505718,-0.04448572220544289
9.444893836975098,0.022243153766099866,-0.20146132343681789,0.15854947358883686,0.006136090214960532,0.006903125823505718,-0.04448572220544289
9.449960708618164,0.022243153766099866,-0.20146132343681789,0.15854947358883686,0.006136090214960532,0.006903125823505718,-0.04448572220544289
9.454907894134521,0.022243153766099866,-0.20057543601424443,0.15854947358883686,0.005369099821018075,0.006903125823505718,-0.04448572220544289
9.459982633590698,0.022243153766099866,-0.20057543601424443,0.15854947358883686,0.005369099821018075,0.006903125823505718,-0.04448572220544289
9.465018033981323,0.022243153766099866,-0.20008455467186614,0.15854947358883686,0.005369099821018075,0.006903125823505718,-0.04448572220544289
9.469964027404785,0.022243153766099866,-0.20008455467186614,0.15854947358883686,0.005369099821018075,0.006903125823505718,-0.04448572220544289
9.474917888641357,0.022243153766099866,-0.1992753674590393,0.15854947358883686,0.005369099821018075,0.006903125823505718,-0.04448572220544289
9.479899168014526,0.022243153766099866,-0.1992753674590393,0.15854947358883686,0.005369099821018075,0.006903125823505718,-0.04448572220544289
9.484967231750488,0.022243153766099866,-0.1989877416724899,0.15854947358883686,0.006136090214960532,0.006903125823505718,-0.04448572220544289
9.489916324615479,0.022243153766099866,-0.1986502607496048,0.15854947358883686,0.005369099821018075,0.006903125823505718,-0.04448572220544289
9.49500823020935,0.022243153766099866,-0.1986502607496048,0.15854947358883686,0.005369099821018075,0.006903125823505718,-0.04448572220544289
9.499918222427368,0.022243153766099866,-0.19841249009939022,0.15854947358883686,0.005369099821018075,0.006903125823505718,-0.04448572220544289
9.504931688308716,0.022243153766099866,-0.19841249009939022,0.15854947358883686,0.005369099821018075,0.006903125823505718,-0.04448572220544289
9.509959936141968,0.022243153766099866,-0.19819772951210002,0.15854947358883686,0.005369099821018075,0.006903125823505718,-0.04448572220544289
9.514951705932617,0.022243153766099866,-0.19819772951210002,0.15854947358883686,0.005369099821018075,0.006903125823505718,-0.04448572220544289
9.519942283630371,0.022243153766099866,-0.19796379387237284,0.15854947358883686,0.006136090214960532,0.006903125823505718,-0.04448572220544289
9.524999618530273,0.022243153766099866,-0.19761480791802555,0.15854947358883686,0.006136090214960532,0.006903125823505718,-0.04448572220544289
9.529945611953735,0.022243153766099866,-0.19761480791802555,0.15854947358883686,0.006136090214960532,0.006903125823505718,-0.04448572220544289
9.534905195236206,0.022243153766099866,-0.19705873139736285,0.15854947358883686,0.005369099821018075,0.006903125823505718,-0.04448572220544289
9.539921522140503,0.022243153766099866,-0.19705873139736285,0.15854947358883686,0.005369099821018075,0.006903125823505718,-0.04448572220544289
9.544898509979248,0.022243153766099866,-0.1964412947089027,0.15854947358883686,0.005369099821018075,0.006903125823505718,-0.04448572220544289
9.54997444152832,0.022243153766099866,-0.1964412947089027,0.15854947358883686,0.005369099821018075,0.006903125823505718,-0.04448572220544289
9.554908990859985,0.022243153766099866,-0.19608847374406846,0.15854947358883686,0.006136090214960532,0.006903125823505718,-0.04448572220544289
9.559913873672485,0.022243153766099866,-0.19608847374406846,0.15854947358883686,0.006136090214960532,0.006903125823505718,-0.04448572220544289
9.564972400665283,0.022243153766099866,-0.19547870707658266,0.15854947358883686,0.005369099821018075,0.006903125823505718,-0.04448572220544289
9.570059299468994,0.022243153766099866,-0.195221761373932,0.15854947358883686,0.005369099821018075,0.006903125823505718,-0.04448572220544289
9.574920654296875,0.022243153766099866,-0.195221761373932,0.15854947358883686,0.005369099821018075,0.006903125823505718,-0.04448572220544289
9.579889297485352,0.022243153766099866,-0.19511821609077362,0.15854947358883686,0.005369099821018075,0.006903125823505718,-0.04448572220544289
9.584890604019165,0.022243153766099866,-0.19511821609077362,0.15854947358883686,0.005369099821018075,0.006903125823505718,-0.04448572220544289
9.589917659759521,0.022243153766099866,-0.19512205110126102,0.15854947358883686,0.005369099821018075,0.007670116217449063,-0.04448572220544289
9.595020532608032,0.022243153766099866,-0.19512205110126102,0.15854947358883686,0.005369099821018075,0.007670116217449063,-0.04448572220544289
9.599942207336426,0.022243153766099866,-0.19514506116418495,0.15854947358883686,0.005369099821018075,0.007670116217449063,-0.04448572220544289
9.604959487915039,0.022243153766099866,-0.19514506116418495,0.15854947358883686,0.005369099821018075,0.007670116217449063,-0.04448572220544289
9.609927415847778,0.022243153766099866,-0.19514122615369756,0.15854947358883686,0.006136090214960532,0.007670116217449063,-0.04448572220544289
9.61505651473999,0.022243153766099866,-0.19513739114321016,0.15854947358883686,0.005369099821018075,0.00843710661139152,-0.04448572220544289
9.61997675895691,0.022243153766099866,-0.19513739114321016,0.15854947358883686,0.005369099821018075,0.00843710661139152,-0.04448572220544289
9.624868869781494,0.022243153766099866,-0.19513739114321016,0.15854947358883686,0.005369099821018075,0.00843710661139152,-0.04448572220544289
9.629892349243164,0.022243153766099866,-0.19513739114321016,0.15854947358883686,0.005369099821018075,0.00843710661139152,-0.04448572220544289
9.634895086288452,0.022243153766099866,-0.19513739114321016,0.15854947358883686,0.006136090214960532,0.009204097005333978,-0.04448572220544289
9.640014410018921,0.022243153766099866,-0.19513739114321016,0.15854947358883686,0.006136090214960532,0.009204097005333978,-0.04448572220544289
9.644888639450073,0.022243153766099866,-0.1951335561327232,0.15854947358883686,0.005369099821018075,0.009204097005333978,-0.04448572220544289
9.649953842163086,0.022243153766099866,-0.1951335561327232,0.15854947358883686,0.005369099821018075,0.009204097005333978,-0.04448572220544289
9.654865026473999,0.022243153766099866,-0.1951297211222358,0.15854947358883686,0.005369099821018075,0.009971087399277323,-0.04448572220544289
9.659837245941162,0.022243153766099866,-0.19512588611174841,0.15854947358883686,0.005369099821018075,0.009971087399277323,-0.04448572220544289
9.664942979812622,0.022243153766099866,-0.19512588611174841,0.15854947358883686,0.005369099821018075,0.009971087399277323,-0.04448572220544289
9.669889211654663,0.022243153766099866,-0.19512588611174841,0.15854947358883686,0.006136090214960532,0.01073807779321978,-0.04448572220544289
9.67489767074585,0.022243153766099866,-0.19512588611174841,0.15854947358883686,0.006136090214960532,0.01073807779321978,-0.04448572220544289
9.679889678955078,0.022243153766099866,-0.19512588611174841,0.15854947358883686,0.005369099821018075,0.01073807779321978,-0.04448572220544289
9.684959173202515,0.022243153766099866,-0.19512588611174841,0.15854947358883686,0.005369099821018075,0.01073807779321978,-0.04448572220544289
9.689871311187744,0.022243153766099866,-0.19512588611174841,0.15854947358883686,0.005369099821018075,0.01073807779321978,-0.04448572220544289
9.694959878921509,0.022243153766099866,-0.19512588611174841,0.15854947358883686,0.005369099821018075,0.01073807779321978,-0.04448572220544289
9.699962854385376,0.022243153766099866,-0.19512588611174841,0.15854947358883686,0.005369099821018075,0.011505068187163126,-0.04448572220544289
9.704958438873291,0.022243153766099866,-0.19512588611174841,0.15854947358883686,0.005369099821018075,0.011505068187163126,-0.04448572220544289
9.70993709564209,0.022243153766099866,-0.19512588611174841,0.15854947358883686,0.005369099821018075,0.011505068187163126,-0.04448572220544289
9.714911460876465,0.022243153766099866,-0.19512588611174841,0.15854947358883686,0.006136090214960532,0.011505068187163126,-0.04448572220544289
9.719908237457275,0.022243153766099866,-0.19512588611174841,0.15854947358883686,0.006136090214960532,0.011505068187163126,-0.04448572220544289
9.724928379058838,0.022243153766099866,-0.19512588611174841,0.15854947358883686,0.006136090214960532,0.012272058581105583,-0.04448572220544289
9.729912519454956,0.022243153766099866,-0.19512588611174841,0.15854947358883686,0.006136090214960532,0.012272058581105583,-0.04448572220544289
9.734947443008423,0.022243153766099866,-0.19512588611174841,0.15854947358883686,0.005369099821018075,0.012272058581105583,-0.04448572220544289
9.739926815032959,0.022243153766099866,-0.19512588611174841,0.15854947358883686,0.005369099821018075,0.012272058581105583,-0.04448572220544289
9.7449369430542,0.022243153766099866,-0.19512588611174841,0.15855139109408034,0.006136090214960532,0.012272058581105583,-0.04448572220544289
9.749882698059082,0.022243153766099866,-0.19512588611174841,0.15855330859932426,0.005369099821018075,0.012272058581105583,-0.04448572220544289
9.75487995147705,0.022243153766099866,-0.19512588611174841,0.15855330859932426,0.005369099821018075,0.012272058581105583,-0.04448572220544289
9.759921073913574,0.022243153766099866,-0.19512588611174841,0.15855330859932426,0.005369099821018075,0.012272058581105583,-0.04448572220544289
9.764991998672485,0.022243153766099866,-0.19512588611174841,0.15855330859932426,0.005369099821018075,0.012272058581105583,-0.04448572220544289
9.769920825958252,0.022243153766099866,-0.19512588611174841,0.15855330859932426,0.005369099821018075,0.012272058581105583,-0.04448572220544289
9.774913311004639,0.022243153766099866,-0.19512588611174841,0.15855330859932426,0.005369099821018075,0.012272058581105583,-0.04448572220544289
9.779874801635742,0.022243153766099866,-0.19512588611174841,0.15855330859932426,0.005369099821018075,0.012272058581105583,-0.04448572220544289
9.784913063049316,0.022243153766099866,-0.19512588611174841,0.15855330859932426,0.005369099821018075,0.012272058581105583,-0.04448572220544289
9.789864540100098,0.022243153766099866,-0.19512588611174841,0.1585571436098112,0.005369099821018075,0.012272058581105583,-0.04448572220544289
9.795193433761597,0.022243153766099866,-0.19512205110126102,0.1585571436098112,0.005369099821018075,0.012272058581105583,-0.04448572220544289
9.799945831298828,0.022243153766099866,-0.19512205110126102,0.1585571436098112,0.005369099821018075,0.012272058581105583,-0.04448572220544289
9.804904222488403,0.022243153766099866,-0.19512205110126102,0.1585571436098112,0.005369099821018075,0.012272058581105583,-0.04448572220544289
9.80999207496643,0.022243153766099866,-0.19512205110126102,0.1585571436098112,0.005369099821018075,0.012272058581105583,-0.04448572220544289
9.81490707397461,0.022243153766099866,-0.19512205110126102,0.15855906111505513,0.005369099821018075,0.012272058581105583,-0.04448572220544289
9.819945335388184,0.022243153766099866,-0.19512205110126102,0.15855906111505513,0.005369099821018075,0.012272058581105583,-0.04448572220544289
9.824911117553711,0.022243153766099866,-0.19512205110126102,0.15856097862029905,0.005369099821018075,0.012272058581105583,-0.04448572220544289
9.829994201660156,0.022243153766099866,-0.19512205110126102,0.15856097862029905,0.005369099821018075,0.012272058581105583,-0.04448572220544289
9.834908962249756,0.022243153766099866,-0.19512205110126102,0.15856097862029905,0.005369099821018075,0.012272058581105583,-0.04448572220544289
9.839990377426147,0.022243153766099866,-0.19511821609077362,0.15856097862029905,0.005369099821018075,0.012272058581105583,-0.04448572220544289
9.844958543777466,0.022243153766099866,-0.19511821609077362,0.15856097862029905,0.005369099821018075,0.012272058581105583,-0.04448572220544289
9.849908828735352,0.022243153766099866,-0.19511438108028667,0.158564813630786,0.005369099821018075,0.012272058581105583,-0.04448572220544289
9.854954242706299,0.022243153766099866,-0.19511438108028667,0.158564813630786,0.005369099821018075,0.012272058581105583,-0.04448572220544289
9.859901666641235,0.022243153766099866,-0.19511438108028667,0.158564813630786,0.005369099821018075,0.012272058581105583,-0.04448572220544289
9.8649160861969,0.022243153766099866,-0.19511438108028667,0.158564813630786,0.005369099821018075,0.012272058581105583,-0.04448572220544289
9.86993670463562,0.022243153766099866,-0.19511438108028667,0.158564813630786,0.005369099821018075,0.012272058581105583,-0.04448572220544289
9.874906063079834,0.022243153766099866,-0.19511438108028667,0.158564813630786,0.005369099821018075,0.012272058581105583,-0.04448572220544289
9.879897117614746,0.022243153766099866,-0.19511438108028667,0.1585686486412734,0.005369099821018075,0.012272058581105583,-0.04448572220544289
9.885024547576904,0.022243153766099866,-0.19511438108028667,0.1585686486412734,0.005369099821018075,0.012272058581105583,-0.04448572220544289
9.889891862869263,0.022243153766099866,-0.19511438108028667,0.1585686486412734,0.005369099821018075,0.012272058581105583,-0.04448572220544289
9.894888162612915,0.022243153766099866,-0.19511438108028667,0.1585724836517608,0.005369099821018075,0.012272058581105583,-0.04448572220544289
9.900058507919312,0.022243153766099866,-0.19511438108028667,0.1585724836517608,0.005369099821018075,0.012272058581105583,-0.04448572220544289
9.904896259307861,0.022243153766099866,-0.19511438108028667,0.15857823616749211,0.005369099821018075,0.012272058581105583,-0.04448572220544289
9.909918308258057,0.022243153766099866,-0.19511438108028667,0.15857823616749211,0.005369099821018075,0.012272058581105583,-0.04448572220544289
9.914949655532837,0.022243153766099866,-0.19511438108028667,0.15858207117797907,0.005369099821018075,0.012272058581105583,-0.04448572220544289
9.919942378997803,0.022243153766099866,-0.19511438108028667,0.15858207117797907,0.005369099821018075,0.012272058581105583,-0.04448572220544289
9.924974203109741,0.022243153766099866,-0.19511438108028667,0.15858398868322254,0.005369099821018075,0.012272058581105583,-0.04448572220544289
9.929981231689453,0.022243153766099866,-0.19511438108028667,0.15858782369371038,0.005369099821018075,0.012272058581105583,-0.04448572220544289
9.934921979904175,0.022243153766099866,-0.19511438108028667,0.15858782369371038,0.005369099821018075,0.012272058581105583,-0.04448572220544289
9.939898490905762,0.022243153766099866,-0.19511438108028667,0.15859165870419734,0.005369099821018075,0.012272058581105583,-0.04448572220544289
9.944896936416626,0.022243153766099866,-0.19511438108028667,0.15859165870419734,0.005369099821018075,0.012272058581105583,-0.04448572220544289
9.949961423873901,0.022243153766099866,-0.19511438108028667,0.15859549371468473,0.005369099821018075,0.012272058581105583,-0.04448572220544289
9.95490837097168,0.022243153766099866,-0.19511438108028667,0.15859549371468473,0.005369099821018075,0.012272058581105583,-0.04448572220544289
9.959887981414795,0.022243153766099866,-0.19511438108028667,0.15859741121992865,0.005369099821018075,0.012272058581105583,-0.04448572220544289
9.964881658554077,0.022243153766099866,-0.19511438108028667,0.15859741121992865,0.005369099821018075,0.012272058581105583,-0.04448572220544289
9.969869136810303,0.022243153766099866,-0.19511438108028667,0.15859932872517213,0.005369099821018075,0.012272058581105583,-0.04448572220544289
9.975041389465332,0.022243153766099866,-0.19511438108028667,0.15860316373565952,0.006136090214960532,0.012272058581105583,-0.04448572220544289
9.97986364364624,0.022243153766099866,-0.19511438108028667,0.15860316373565952,0.006136090214960532,0.012272058581105583,-0.04448572220544289
9.984869718551636,0.022243153766099866,-0.19511438108028667,0.15860699874614692,0.006136090214960532,0.012272058581105583,-0.04448572220544289
9.989976644515991,0.022243153766099866,-0.19511438108028667,0.15860699874614692,0.006136090214960532,0.012272058581105583,-0.04448572220544289
9.994890689849854,0.022243153766099866,-0.19511438108028667,0.15861083375663387,0.006136090214960532,0.012272058581105583,-0.04448572220544289
9.999959468841553,0.022243153766099866,-0.19511438108028667,0.15861083375663387,0.006136090214960532,0.012272058581105583,-0.04448572220544289
10.005006074905396,0.022243153766099866,-0.19511438108028667,0.1586146687671217,0.005369099821018075,0.012272058581105583,-0.04448572220544289
10.009978532791138,0.022243153766099866,-0.19511438108028667,0.1586146687671217,0.005369099821018075,0.012272058581105583,-0.04448572220544289
10.014912605285645,0.022243153766099866,-0.19511438108028667,0.15861850377760867,0.005369099821018075,0.012272058581105583,-0.04448572220544289
10.019979476928711,0.022243153766099866,-0.19511438108028667,0.15862425629333998,0.005369099821018075,0.012272058581105583,-0.04448572220544289
10.024967908859253,0.022243153766099866,-0.19511438108028667,0.15862425629333998,0.005369099821018075,0.012272058581105583,-0.04448572220544289
10.029889583587646,0.022243153766099866,-0.19511438108028667,0.15863000880907085,0.006136090214960532,0.012272058581105583,-0.04448572220544289
10.035030841827393,0.022243153766099866,-0.19511438108028667,0.15863000880907085,0.006136090214960532,0.012272058581105583,-0.04448572220544289
10.039905548095703,0.022243153766099866,-0.19511438108028667,0.1586376788300452,0.005369099821018075,0.012272058581105583,-0.04448572220544289
10.045007705688477,0.022243153766099866,-0.19511438108028667,0.1586376788300452,0.005369099821018075,0.012272058581105583,-0.04448572220544289
10.050008058547974,0.022243153766099866,-0.19511821609077362,0.15864534885102,0.005369099821018075,0.012272058581105583,-0.04448572220544289
10.054950714111328,0.022243153766099866,-0.19511821609077362,0.15864534885102,0.005369099821018075,0.012272058581105583,-0.04448572220544289
10.06000804901123,0.022243153766099866,-0.19511821609077362,0.1586530188719948,0.005369099821018075,0.012272058581105583,-0.04448572220544289
10.064868211746216,0.022243153766099866,-0.19511821609077362,0.15865685388248219,0.006136090214960532,0.012272058581105583,-0.04448572220544289
10.06992793083191,0.022243153766099866,-0.19511821609077362,0.15865685388248219,0.006136090214960532,0.012272058581105583,-0.04448572220544289
10.074864864349365,0.022243153766099866,-0.19511821609077362,0.15866835891394393,0.005369099821018075,0.012272058581105583,-0.04448572220544289
10.079969882965088,0.022243153766099866,-0.19511821609077362,0.15866835891394393,0.005369099821018075,0.012272058581105583,-0.04448572220544289
10.08489441871643,0.022243153766099866,-0.1951201335960171,0.15867219392443133,0.005369099821018075,0.012272058581105583,-0.04448572220544289
10.08993411064148,0.022243153766099866,-0.1951201335960171,0.15867219392443133,0.005369099821018075,0.012272058581105583,-0.04448572220544289
10.094928979873657,0.022243153766099866,-0.19512205110126102,0.15867602893491872,0.005369099821018075,0.012272058581105583,-0.04448572220544289
10.09993028640747,0.022243153766099866,-0.19512205110126102,0.15867602893491872,0.005369099821018075,0.012272058581105583,-0.04448572220544289
10.104881525039673,0.022243153766099866,-0.19512205110126102,0.1586875339663809,0.006136090214960532,0.012272058581105583,-0.04448572220544289
10.109902381896973,0.022243153766099866,-0.19512205110126102,0.15869520398735526,0.005369099821018075,0.012272058581105583,-0.04448572220544289
10.114863634109497,0.022243153766099866,-0.19512205110126102,0.15869520398735526,0.005369099821018075,0.012272058581105583,-0.04448572220544289
10.11989450454712,0.022243153766099866,-0.19512205110126102,0.15869903899784266,0.005369099821018075,0.012272058581105583,-0.04448572220544289
10.124866485595703,0.022243153766099866,-0.19512205110126102,0.15869903899784266,0.005369099821018075,0.012272058581105583,-0.04448572220544289
10.129913806915283,0.022243153766099866,-0.19512205110126102,0.15870287400833005,0.005369099821018075,0.012272058581105583,-0.04448572220544289
10.134927749633789,0.022243153766099866,-0.19512205110126102,0.15870287400833005,0.005369099821018075,0.012272058581105583,-0.04448572220544289
10.13986873626709,0.022243153766099866,-0.19512588611174841,0.15870670901881745,0.005369099821018075,0.012272058581105583,-0.04448572220544289
10.144920110702515,0.022243153766099866,-0.19512588611174841,0.15870670901881745,0.005369099821018075,0.012272058581105583,-0.04448572220544289
10.14988112449646,0.022243153766099866,-0.19512588611174841,0.1587105440293044,0.006136090214960532,0.012272058581105583,-0.04448572220544289
10.154830694198608,0.022243153766099866,-0.19512588611174841,0.15871629654503572,0.005369099821018075,0.012272058581105583,-0.04448572220544289
10.159897089004517,0.022243153766099866,-0.19512588611174841,0.15871629654503572,0.005369099821018075,0.012272058581105583,-0.04448572220544289
10.164933443069458,0.022243153766099866,-0.19512588611174841,0.1587182140502792,0.005369099821018075,0.012272058581105583,-0.04448572220544289
10.169895648956299,0.022243153766099866,-0.19512588611174841,0.1587182140502792,0.005369099821018075,0.012272058581105583,-0.04448572220544289
10.1748628616333,0.022243153766099866,-0.19512588611174841,0.15872204906076703,0.005369099821018075,0.012272058581105583,-0.04448572220544289
10.179951429367065,0.022243153766099866,-0.19512588611174841,0.15872204906076703,0.005369099821018075,0.012272058581105583,-0.04448572220544289
10.185033321380615,0.022243153766099866,-0.1951297211222358,0.158725884071254,0.005369099821018075,0.012272058581105583,-0.04448572220544289
10.189932107925415,0.022243153766099866,-0.1951297211222358,0.158725884071254,0.005369099821018075,0.012272058581105583,-0.04448572220544289
10.195001125335693,0.022243153766099866,-0.1951297211222358,0.15872971908174138,0.005369099821018075,0.012272058581105583,-0.04448572220544289
10.199968338012695,0.022243153766099866,-0.1951297211222358,0.15873355409222878,0.006136090214960532,0.012272058581105583,-0.04448572220544289
10.204893350601196,0.022243153766099866,-0.1951297211222358,0.15873355409222878,0.006136090214960532,0.012272058581105583,-0.04448572220544289
10.209867238998413,0.022243153766099866,-0.1951297211222358,0.15873738910271573,0.006136090214960532,0.012272058581105583,-0.04448572220544289
10.215031862258911,0.022243153766099866,-0.1951297211222358,0.15873738910271573,0.006136090214960532,0.012272058581105583,-0.04448572220544289
10.219887733459473,0.022243153766099866,-0.1951335561327232,0.15874122411320357,0.005369099821018075,0.012272058581105583,-0.04448572220544289
10.224884033203125,0.022243153766099866,-0.1951335561327232,0.15874122411320357,0.005369099821018075,0.012272058581105583,-0.04448572220544289
10.230056047439575,0.022243153766099866,-0.1951335561327232,0.15874314161844705,0.005369099821018075,0.012272058581105583,-0.04448572220544289
10.234901189804077,0.022243153766099866,-0.1951335561327232,0.15874314161844705,0.005369099821018075,0.012272058581105583,-0.04448572220544289
10.23993468284607,0.022243153766099866,-0.1951335561327232,0.15874505912369052,0.006136090214960532,0.012272058581105583,-0.04448572220544289
10.244918823242188,0.022243153766099866,-0.1951335561327232,0.15874505912369052,0.006136090214960532,0.012272058581105583,-0.04448572220544289
10.249860286712646,0.022243153766099866,-0.1951335561327232,0.15874505912369052,0.006136090214960532,0.012272058581105583,-0.04448572220544289
10.254883050918579,0.022243153766099866,-0.1951335561327232,0.15874505912369052,0.005369099821018075,0.012272058581105583,-0.04448572220544289
10.259866714477539,0.022243153766099866,-0.1951335561327232,0.15874505912369052,0.005369099821018075,0.012272058581105583,-0.04448572220544289
10.264890432357788,0.022243153766099866,-0.1951335561327232,0.15874889413417836,0.005369099821018075,0.012272058581105583,-0.04448572220544289
10.269888639450073,0.022243153766099866,-0.1951335561327232,0.15874889413417836,0.005369099821018075,0.012272058581105583,-0.04448572220544289
10.274961948394775,0.022243153766099866,-0.19513739114321016,0.15875272914466532,0.005369099821018075,0.012272058581105583,-0.04448572220544289
10.279896974563599,0.022243153766099866,-0.19513739114321016,0.15875272914466532,0.005369099821018075,0.012272058581105583,-0.04448572220544289
10.284895181655884,0.022243153766099866,-0.19513739114321016,0.1587546466499088,0.006136090214960532,0.012272058581105583,-0.04448572220544289
10.289987325668335,0.022243153766099866,-0.19513739114321016,0.15875848166039663,0.006136090214960532,0.012272058581105583,-0.04448572220544289
10.295006275177002,0.022243153766099866,-0.19513739114321016,0.15875848166039663,0.006136090214960532,0.012272058581105583,-0.04448572220544289
10.299902200698853,0.022243153766099866,-0.19513739114321016,0.15876423417612706,0.006136090214960532,0.012272058581105583,-0.04448572220544289
10.304893970489502,0.022243153766099866,-0.19513739114321016,0.15876423417612706,0.006136090214960532,0.012272058581105583,-0.04448572220544289
10.309943914413452,0.022243153766099866,-0.19514122615369756,0.15877190419710185,0.006136090214960532,0.012272058581105583,-0.04448572220544289
10.31496286392212,0.022243153766099866,-0.19514122615369756,0.15877190419710185,0.006136090214960532,0.012272058581105583,-0.04448572220544289
10.319939136505127,0.022243153766099866,-0.19514122615369756,0.15877765671283317,0.006136090214960532,0.012272058581105583,-0.04448572220544289
10.32495903968811,0.022243153766099866,-0.19514122615369756,0.15877765671283317,0.006136090214960532,0.012272058581105583,-0.04448572220544289
10.329972743988037,0.022243153766099866,-0.19514122615369756,0.15878724423905144,0.006136090214960532,0.012272058581105583,-0.04448572220544289
10.334975957870483,0.022243153766099866,-0.19514122615369756,0.1587968317652697,0.005369099821018075,0.012272058581105583,-0.04448572220544289
10.339901447296143,0.022243153766099866,-0.19514122615369756,0.1587968317652697,0.005369099821018075,0.012272058581105583,-0.04448572220544289
10.344870567321777,0.022243153766099866,-0.19514122615369756,0.15880258428100058,0.006136090214960532,0.012272058581105583,-0.04448572220544289
10.349861860275269,0.022243153766099866,-0.19514122615369756,0.15880258428100058,0.006136090214960532,0.012272058581105583,-0.04448572220544289
10.354866027832031,0.022243153766099866,-0.19514122615369756,0.1588045017862445,0.006136090214960532,0.012272058581105583,-0.04448572220544289
10.359909772872925,0.022243153766099866,-0.19514122615369756,0.1588045017862445,0.006136090214960532,0.012272058581105583,-0.04448572220544289
10.36486029624939,0.022243153766099866,-0.19514506116418495,0.15881408931246277,0.005369099821018075,0.012272058581105583,-0.04448572220544289
10.369895458221436,0.022243153766099866,-0.19514506116418495,0.15881408931246277,0.005369099821018075,0.012272058581105583,-0.04448572220544289
10.374918937683105,0.022243153766099866,-0.19514506116418495,0.15882367683868104,0.005369099821018075,0.012272058581105583,-0.04448572220544289
10.37993860244751,0.022243153766099866,-0.19514506116418495,0.1588294293544119,0.005369099821018075,0.012272058581105583,-0.04448572220544289
10.384969472885132,0.022243153766099866,-0.19514506116418495,0.1588294293544119,0.005369099821018075,0.012272058581105583,-0.04448572220544289
10.389893770217896,0.022243153766099866,-0.19514506116418495,0.1588332643648993,0.005369099821018075,0.012272058581105583,-0.04448572220544289
10.394902467727661,0.022243153766099866,-0.19514506116418495,0.1588332643648993,0.005369099821018075,0.012272058581105583,-0.04448572220544289
10.399956703186035,0.022243153766099866,-0.19514506116418495,0.1588332643648993,0.005369099821018075,0.012272058581105583,-0.04448572220544289
10.404888153076172,0.022243153766099866,-0.19514506116418495,0.1588332643648993,0.005369099821018075,0.012272058581105583,-0.04448572220544289
10.409868001937866,0.022243153766099866,-0.19514697866942843,0.1588409343858741,0.006136090214960532,0.012272058581105583,-0.04448572220544289
10.414865016937256,0.022243153766099866,-0.19514697866942843,0.1588409343858741,0.006136090214960532,0.012272058581105583,-0.04448572220544289
10.419903755187988,0.022243153766099866,-0.19514889617467235,0.15884476939636105,0.006136090214960532,0.012272058581105583,-0.04448572220544289
10.425088167190552,0.022243153766099866,-0.19514889617467235,0.1588486044068489,0.005369099821018075,0.012272058581105583,-0.04448572220544289
10.42990517616272,0.022243153766099866,-0.19514889617467235,0.1588486044068489,0.005369099821018075,0.012272058581105583,-0.04448572220544289
10.434873342514038,0.022243153766099866,-0.19514889617467235,0.15885627442782324,0.005369099821018075,0.012272058581105583,-0.04448572220544289
10.439907550811768,0.022243153766099866,-0.19514889617467235,0.15885627442782324,0.005369099821018075,0.012272058581105583,-0.04448572220544289
10.444861888885498,0.022243153766099866,-0.19514889617467235,0.1588639444487976,0.006136090214960532,0.012272058581105583,-0.04448572220544289
10.449948072433472,0.022243153766099866,-0.19514889617467235,0.1588639444487976,0.006136090214960532,0.012272058581105583,-0.04448572220544289
10.454865455627441,0.022243153766099866,-0.19514889617467235,0.15887544948026022,0.005369099821018075,0.012272058581105583,-0.04448572220544289
10.459867000579834,0.022243153766099866,-0.19514889617467235,0.15887544948026022,0.005369099821018075,0.012272058581105583,-0.04448572220544289
10.464932680130005,0.022243153766099866,-0.19514889617467235,0.1588850370064785,0.006136090214960532,0.012272058581105583,-0.04448572220544289
10.469959735870361,0.022243153766099866,-0.19515273118515974,0.1589022945536711,0.005369099821018075,0.012272058581105583,-0.04448572220544289
10.474921464920044,0.022243153766099866,-0.19515273118515974,0.1589022945536711,0.005369099821018075,0.012272058581105583,-0.04448572220544289
10.479912042617798,0.022243153766099866,-0.19515273118515974,0.1589214696061081,0.005369099821018075,0.012272058581105583,-0.04448572220544289
10.484947681427002,0.022243153766099866,-0.19515273118515974,0.1589214696061081,0.005369099821018075,0.012272058581105583,-0.04448572220544289
10.489892482757568,0.022243153766099866,-0.19515273118515974,0.15893297463756983,0.006136090214960532,0.012272058581105583,-0.04448572220544289
10.495007514953613,0.022243153766099866,-0.19515273118515974,0.15893297463756983,0.006136090214960532,0.012272058581105583,-0.04448572220544289
10.499896764755249,0.022243153766099866,-0.1951565661956467,0.15896173721622464,0.006136090214960532,0.012272058581105583,-0.04448572220544289
10.504915475845337,0.022243153766099866,-0.1951565661956467,0.15896173721622464,0.006136090214960532,0.012272058581105583,-0.04448572220544289
10.509915828704834,0.022243153766099866,-0.1951565661956467,0.1589828297739051,0.005369099821018075,0.012272058581105583,-0.04448572220544289
10.514947414398193,0.022243153766099866,-0.19516040120613454,0.1590077573420725,0.006136090214960532,0.012272058581105583,-0.04448572220544289
10.519955396652222,0.022243153766099866,-0.19516040120613454,0.1590077573420725,0.006136090214960532,0.012272058581105583,-0.04448572220544289
10.524901866912842,0.022243153766099866,-0.19516040120613454,0.15903651992072776,0.006136090214960532,0.012272058581105583,-0.04448572220544289
10.529916286468506,0.022243153766099866,-0.19516040120613454,0.15903651992072776,0.006136090214960532,0.012272058581105583,-0.04448572220544289
10.534895896911621,0.022243153766099866,-0.1951642362166215,0.15906911750986996,0.006136090214960532,0.012272058581105583,-0.04448572220544289
10.539888143539429,0.022243153766099866,-0.1951642362166215,0.15906911750986996,0.006136090214960532,0.012272058581105583,-0.04448572220544289
10.544889688491821,0.022243153766099866,-0.1951642362166215,0.15908445755181955,0.005369099821018075,0.012272058581105583,-0.04448572220544289
10.550020456314087,0.022243153766099866,-0.1951642362166215,0.15908445755181955,0.005369099821018075,0.012272058581105583,-0.04448572220544289
10.55492091178894,0.022243153766099866,-0.19516807122710889,0.15910746761474348,0.006136090214960532,0.012272058581105583,-0.04448572220544289
10.560009479522705,0.022243153766099866,-0.19516807122710889,0.15912089015144915,0.005369099821018075,0.012272058581105583,-0.04448572220544289
10.565086126327515,0.022243153766099866,-0.19516807122710889,0.15912089015144915,0.005369099821018075,0.012272058581105583,-0.04448572220544289
10.570122480392456,0.022243153766099866,-0.19517190623759628,0.1591323951829109,0.006136090214960532,0.012272058581105583,-0.04448572220544289
10.5749831199646,0.022243153766099866,-0.19517190623759628,0.1591323951829109,0.006136090214960532,0.012272058581105583,-0.04448572220544289
10.579976558685303,0.022243153766099866,-0.19517574124808368,0.15914581771961656,0.005369099821018075,0.012272058581105583,-0.04448572220544289
10.585137844085693,0.022243153766099866,-0.19517574124808368,0.15914581771961656,0.005369099821018075,0.012272058581105583,-0.04448572220544289
10.589903354644775,0.022243153766099866,-0.19517574124808368,0.15915924025632222,0.005369099821018075,0.012272058581105583,-0.04448572220544289
10.594898223876953,0.022243153766099866,-0.19517574124808368,0.15915924025632222,0.005369099821018075,0.012272058581105583,-0.04448572220544289
10.599939107894897,0.022243153766099866,-0.19517957625857107,0.15917649780351528,0.005369099821018075,0.012272058581105583,-0.04448572220544289
10.605077743530273,0.022243153766099866,-0.19517957625857107,0.15919183784546487,0.005369099821018075,0.012272058581105583,-0.04448572220544289
10.610073328018188,0.022243153766099866,-0.19517957625857107,0.15919183784546487,0.005369099821018075,0.012272058581105583,-0.04448572220544289
10.614871263504028,0.022243153766099866,-0.19517957625857107,0.1592052603821701,0.005369099821018075,0.012272058581105583,-0.04448572220544289
10.61989688873291,0.022243153766099866,-0.19517957625857107,0.1592052603821701,0.005369099821018075,0.012272058581105583,-0.04448572220544289
10.624895095825195,0.022243153766099866,-0.19517957625857107,0.1592186829188762,0.005369099821018075,0.012272058581105583,-0.04448572220544289
10.629950761795044,0.022243153766099866,-0.19517957625857107,0.1592186829188762,0.005369099821018075,0.012272058581105583,-0.04448572220544289
10.634900093078613,0.022243153766099866,-0.19517957625857107,0.15923210545558142,0.006136090214960532,0.012272058581105583,-0.04448572220544289
10.63995361328125,0.022243153766099866,-0.19517957625857107,0.15923210545558142,0.006136090214960532,0.012272058581105583,-0.04448572220544289
10.64490008354187,0.022243153766099866,-0.19517957625857107,0.15925319801326188,0.005369099821018075,0.012272058581105583,-0.04448572220544289
10.649945735931396,0.022243153766099866,-0.19517957625857107,0.15925319801326188,0.005369099821018075,0.012272058581105583,-0.04448572220544289
10.65490460395813,0.022243153766099866,-0.19517957625857107,0.1592762080761858,0.006136090214960532,0.012272058581105583,-0.04448572220544289
10.659892320632935,0.022243153766099866,-0.19517957625857107,0.1592992181391102,0.006136090214960532,0.012272058581105583,-0.04525271259938535
10.664903402328491,0.022243153766099866,-0.19517957625857107,0.1592992181391102,0.006136090214960532,0.012272058581105583,-0.04525271259938535
10.66997480392456,0.022243153766099866,-0.19517957625857107,0.1593203106967902,0.006136090214960532,0.012272058581105583,-0.04525271259938535
10.67491888999939,0.022243153766099866,-0.19517957625857107,0.1593203106967902,0.006136090214960532,0.012272058581105583,-0.04525271259938535
10.679940938949585,0.022243153766099866,-0.19517957625857107,0.15933756824398326,0.006136090214960532,0.012272058581105583,-0.04525271259938535
10.684916973114014,0.022243153766099866,-0.19517957625857107,0.15933756824398326,0.006136090214960532,0.012272058581105583,-0.04525271259938535
10.689943313598633,0.022243153766099866,-0.19517957625857107,0.15935099078068893,0.005369099821018075,0.012272058581105583,-0.04525271259938535
10.694980382919312,0.022243153766099866,-0.19517957625857107,0.15936824832788155,0.005369099821018075,0.012272058581105583,-0.04525271259938535
10.699949741363525,0.022243153766099866,-0.19517957625857107,0.15936824832788155,0.005369099821018075,0.012272058581105583,-0.04525271259938535
10.704892873764038,0.022243153766099866,-0.19517957625857107,0.15938167086458765,0.005369099821018075,0.012272058581105583,-0.04525271259938535
10.709900617599487,0.022243153766099866,-0.19517957625857107,0.15938167086458765,0.005369099821018075,0.012272058581105583,-0.04525271259938535
10.71489405632019,0.022243153766099866,-0.19517957625857107,0.15939892841178072,0.006136090214960532,0.012272058581105583,-0.04525271259938535
10.719994068145752,0.022243153766099866,-0.19517957625857107,0.15939892841178072,0.006136090214960532,0.012272058581105583,-0.04525271259938535
10.724921464920044,0.022243153766099866,-0.19517957625857107,0.15941618595897333,0.006136090214960532,0.012272058581105583,-0.04525271259938535
10.729989767074585,0.022243153766099866,-0.19517957625857107,0.15941618595897333,0.006136090214960532,0.012272058581105583,-0.04525271259938535
10.734993696212769,0.022243153766099866,-0.19517957625857107,0.1594411135271412,0.005369099821018075,0.012272058581105583,-0.04525271259938535
10.739901542663574,0.022243153766099866,-0.19517957625857107,0.1594411135271412,0.005369099821018075,0.012272058581105583,-0.04525271259938535
10.745079278945923,0.022243153766099866,-0.19517957625857107,0.15946987610579644,0.005369099821018075,0.012272058581105583,-0.04525271259938535
10.749923944473267,0.022243153766099866,-0.19517957625857107,0.1595158962316443,0.006136090214960532,0.012272058581105583,-0.04525271259938535
10.754895210266113,0.022243153766099866,-0.19517957625857107,0.1595158962316443,0.006136090214960532,0.012272058581105583,-0.04525271259938535
10.75990080833435,0.022243153766099866,-0.19517957625857107,0.15957150388371044,0.005369099821018075,0.012272058581105583,-0.04525271259938535
10.764877319335938,0.022243153766099866,-0.19517957625857107,0.15957150388371044,0.005369099821018075,0.012272058581105583,-0.04525271259938535
10.769909620285034,0.022243153766099866,-0.19517957625857107,0.1596539566091879,0.005369099821018075,0.012272058581105583,-0.04525271259938535
10.775019645690918,0.022243153766099866,-0.19517957625857107,0.1596539566091879,0.005369099821018075,0.012272058581105583,-0.04525271259938535
10.779996871948242,0.022243153766099866,-0.19517957625857107,0.15977475943953845,0.005369099821018075,0.012272058581105583,-0.04525271259938535
10.784817457199097,0.022243153766099866,-0.19517957625857107,0.1598878922489151,0.005369099821018075,0.012272058581105583,-0.04525271259938535
10.790003538131714,0.022243153766099866,-0.19517957625857107,0.1598878922489151,0.005369099821018075,0.012272058581105583,-0.04525271259938535
10.795046091079712,0.022243153766099866,-0.19517957625857107,0.1599588399429308,0.005369099821018075,0.012272058581105583,-0.04525271259938535
10.799956321716309,0.022243153766099866,-0.19517957625857107,0.1599588399429308,0.005369099821018075,0.012272058581105583,-0.04525271259938535
10.804888486862183,0.022243153766099866,-0.19517957625857107,0.16012949790961706,0.005369099821018075,0.012272058581105583,-0.04525271259938535
10.80989933013916,0.022243153766099866,-0.19517957625857107,0.16012949790961706,0.005369099821018075,0.012272058581105583,-0.04525271259938535
10.815006971359253,0.022243153766099866,-0.19517957625857107,0.16028289832911025,0.005369099821018075,0.012272058581105583,-0.04525271259938535
10.819995164871216,0.022243153766099866,-0.19517957625857107,0.16028289832911025,0.005369099821018075,0.012272058581105583,-0.04525271259938535
10.824954986572266,0.022243153766099866,-0.19517957625857107,0.16047656635871999,0.005369099821018075,0.012272058581105583,-0.04525271259938535
10.82992148399353,0.022243153766099866,-0.19517957625857107,0.16047656635871999,0.005369099821018075,0.012272058581105583,-0.04525271259938535
10.834996700286865,0.022243153766099866,-0.19517957625857107,0.1605590190841979,0.005369099821018075,0.012272058581105583,-0.04525271259938535
10.839919090270996,0.022243153766099866,-0.19517957625857107,0.16058969916809662,0.005369099821018075,0.012272058581105583,-0.04525271259938535
10.845074892044067,0.022243153766099866,-0.19517957625857107,0.16058969916809662,0.005369099821018075,0.012272058581105583,-0.04525271259938535
10.849893808364868,0.022243153766099866,-0.19517957625857107,0.16058586415760923,0.005369099821018075,0.012272058581105583,-0.04525271259938535
10.855005741119385,0.022243153766099866,-0.19517957625857107,0.16058586415760923,0.005369099821018075,0.012272058581105583,-0.04525271259938535
10.85993218421936,0.022243153766099866,-0.19518341126905803,0.16058586415760923,0.005369099821018075,0.012272058581105583,-0.04525271259938535
10.865005254745483,0.022243153766099866,-0.19518341126905803,0.16058586415760923,0.005369099821018075,0.012272058581105583,-0.04525271259938535
10.869945049285889,0.022243153766099866,-0.19518341126905803,0.16058586415760923,0.005369099821018075,0.012272058581105583,-0.04525271259938535
10.87495732307434,0.022243153766099866,-0.19518341126905803,0.16058586415760923,0.005369099821018075,0.012272058581105583,-0.04525271259938535
10.880005836486816,0.022243153766099866,-0.19518341126905803,0.16058586415760923,0.005369099821018075,0.012272058581105583,-0.04525271259938535
10.884897708892822,0.022243153766099866,-0.19518341126905803,0.16058586415760923,0.005369099821018075,0.012272058581105583,-0.04525271259938535
10.890001773834229,0.022243153766099866,-0.19518341126905803,0.16058586415760923,0.005369099821018075,0.012272058581105583,-0.04525271259938535
10.895033121109009,0.022243153766099866,-0.19518341126905803,0.16058586415760923,0.005369099821018075,0.012272058581105583,-0.04525271259938535
10.900068283081055,0.022243153766099866,-0.19518341126905803,0.16058586415760923,0.005369099821018075,0.012272058581105583,-0.04525271259938535
10.904895544052124,0.022243153766099866,-0.19518341126905803,0.16058586415760923,0.005369099821018075,0.012272058581105583,-0.04525271259938535
10.90993881225586,0.022243153766099866,-0.19518341126905803,0.16058586415760923,0.005369099821018075,0.012272058581105583,-0.04525271259938535
10.914962530136108,0.022243153766099866,-0.19518341126905803,0.16058586415760923,0.005369099821018075,0.012272058581105583,-0.04525271259938535
10.91998028755188,0.022243153766099866,-0.19518724627954587,0.16058586415760923,0.005369099821018075,0.012272058581105583,-0.04525271259938535
10.925038576126099,0.022243153766099866,-0.19518724627954587,0.16058586415760923,0.005369099821018075,0.012272058581105583,-0.04525271259938535
10.929890394210815,0.022243153766099866,-0.19518724627954587,0.16058586415760923,0.005369099821018075,0.012272058581105583,-0.04525271259938535
10.934900999069214,0.022243153766099866,-0.19518724627954587,0.16058586415760923,0.005369099821018075,0.012272058581105583,-0.04525271259938535
10.93990182876587,0.022243153766099866,-0.19518724627954587,0.16058586415760923,0.005369099821018075,0.012272058581105583,-0.04525271259938535
10.944896936416626,0.022243153766099866,-0.19518724627954587,0.16058586415760923,0.005369099821018075,0.012272058581105583,-0.04525271259938535
10.949962615966797,0.022243153766099866,-0.19518724627954587,0.16058586415760923,0.005369099821018075,0.012272058581105583,-0.04525271259938535
10.954947710037231,0.022243153766099866,-0.19518724627954587,0.16058586415760923,0.005369099821018075,0.012272058581105583,-0.04525271259938535
10.959918022155762,0.022243153766099866,-0.19518724627954587,0.16058586415760923,0.005369099821018075,0.012272058581105583,-0.04525271259938535
10.965019941329956,0.022243153766099866,-0.19518724627954587,0.16058586415760923,0.005369099821018075,0.012272058581105583,-0.04525271259938535
10.96998119354248,0.022243153766099866,-0.19518724627954587,0.16058586415760923,0.005369099821018075,0.012272058581105583,-0.04525271259938535
10.974898099899292,0.022243153766099866,-0.19518724627954587,0.16058586415760923,0.005369099821018075,0.012272058581105583,-0.04525271259938535
10.979910373687744,0.022243153766099866,-0.19518724627954587,0.16058586415760923,0.005369099821018075,0.012272058581105583,-0.04525271259938535
10.985010385513306,0.022243153766099866,-0.19518724627954587,0.16058586415760923,0.005369099821018075,0.012272058581105583,-0.04525271259938535
10.989941120147705,0.022243153766099866,-0.19518724627954587,0.16058586415760923,0.005369099821018075,0.012272058581105583,-0.04525271259938535
10.994935989379883,0.022243153766099866,-0.19518724627954587,0.16058586415760923,0.005369099821018075,0.012272058581105583,-0.04601970299332825
10.99999213218689,0.022243153766099866,-0.19518724627954587,0.16058586415760923,0.005369099821018075,0.012272058581105583,-0.04601970299332825
11.004890203475952,0.022243153766099866,-0.19518724627954587,0.16058586415760923,0.005369099821018075,0.012272058581105583,-0.04601970299332825
11.009994983673096,0.022243153766099866,-0.19518724627954587,0.16058586415760923,0.005369099821018075,0.012272058581105583,-0.04601970299332825
11.015037059783936,0.022243153766099866,-0.19518724627954587,0.16058586415760923,0.005369099821018075,0.012272058581105583,-0.04601970299332825
11.01988959312439,0.022243153766099866,-0.19518724627954587,0.16058586415760923,0.005369099821018075,0.012272058581105583,-0.04601970299332825
11.025070428848267,0.022243153766099866,-0.19518724627954587,0.16058586415760923,0.005369099821018075,0.012272058581105583,-0.04601970299332825
11.029866218566895,0.022243153766099866,-0.19518724627954587,0.16058586415760923,0.005369099821018075,0.012272058581105583,-0.04601970299332825
11.035005807876587,0.022243153766099866,-0.19518724627954587,0.16058586415760923,0.005369099821018075,0.012272058581105583,-0.04601970299332825
11.03989577293396,0.022243153766099866,-0.19518724627954587,0.16058586415760923,0.005369099821018075,0.012272058581105583,-0.04601970299332825
11.044947624206543,0.022243153766099866,-0.19518724627954587,0.16058586415760923,0.005369099821018075,0.012272058581105583,-0.04601970299332825
11.049911499023438,0.022243153766099866,-0.19518724627954587,0.16058969916809662,0.005369099821018075,0.012272058581105583,-0.04601970299332825
11.054957389831543,0.022243153766099866,-0.19518724627954587,0.16058969916809662,0.005369099821018075,0.012272058581105583,-0.04601970299332825
11.059880018234253,0.022243153766099866,-0.19518724627954587,0.16058969916809662,0.005369099821018075,0.012272058581105583,-0.04601970299332825
11.064860343933105,0.022243153766099866,-0.19518724627954587,0.16058969916809662,0.005369099821018075,0.012272058581105583,-0.04601970299332825
11.069898843765259,0.022243153766099866,-0.19518724627954587,0.16058969916809662,0.005369099821018075,0.012272058581105583,-0.04601970299332825
11.074892044067383,0.022243153766099866,-0.19518724627954587,0.16058969916809662,0.005369099821018075,0.012272058581105583,-0.04601970299332825
11.079997301101685,0.022243153766099866,-0.19518724627954587,0.16058969916809662,0.005369099821018075,0.012272058581105583,-0.04601970299332825
11.084893703460693,0.022243153766099866,-0.19518724627954587,0.16058969916809662,0.005369099821018075,0.012272058581105583,-0.04601970299332825
11.09000563621521,0.022243153766099866,-0.19518724627954587,0.16058969916809662,0.005369099821018075,0.012272058581105583,-0.04601970299332825
11.095000505447388,0.022243153766099866,-0.19518724627954587,0.16058969916809662,0.005369099821018075,0.012272058581105583,-0.04601970299332825
11.10007381439209,0.022243153766099866,-0.19518724627954587,0.16058969916809662,0.005369099821018075,0.012272058581105583,-0.04601970299332825
11.10488748550415,0.022243153766099866,-0.19518724627954587,0.16058969916809662,0.005369099821018075,0.012272058581105583,-0.04601970299332825
11.110021352767944,0.022243153766099866,-0.19518724627954587,0.16058969916809662,0.005369099821018075,0.012272058581105583,-0.04601970299332825
11.11500334739685,0.022243153766099866,-0.19518724627954587,0.16058969916809662,0.005369099821018075,0.012272058581105583,-0.04601970299332825
11.119975566864014,0.022243153766099866,-0.19518724627954587,0.16058969916809662,0.005369099821018075,0.012272058581105583,-0.04601970299332825
11.125101327896118,0.022243153766099866,-0.19518724627954587,0.16058969916809662,0.005369099821018075,0.012272058581105583,-0.04601970299332825
11.130011558532715,0.022243153766099866,-0.19518724627954587,0.16058969916809662,0.005369099821018075,0.012272058581105583,-0.04601970299332825
11.134989738464355,0.022243153766099866,-0.19518724627954587,0.16058969916809662,0.005369099821018075,0.012272058581105583,-0.04601970299332825
11.140097379684448,0.022243153766099866,-0.19518724627954587,0.16058969916809662,0.005369099821018075,0.012272058581105583,-0.04601970299332825
11.145134210586548,0.022243153766099866,-0.19518724627954587,0.16058969916809662,0.005369099821018075,0.012272058581105583,-0.04601970299332825
11.150021076202393,0.022243153766099866,-0.19518724627954587,0.16058969916809662,0.005369099821018075,0.012272058581105583,-0.04601970299332825
11.154891967773438,0.022243153766099866,-0.19518724627954587,0.16058969916809662,0.005369099821018075,0.012272058581105583,-0.04601970299332825
11.159944295883179,0.022243153766099866,-0.19518724627954587,0.16058969916809662,0.005369099821018075,0.012272058581105583,-0.04601970299332825
11.16495394706726,0.022243153766099866,-0.19518724627954587,0.1605916166733401,0.005369099821018075,0.012272058581105583,-0.04601970299332825
11.169947385787964,0.022243153766099866,-0.19518724627954587,0.1605916166733401,0.005369099821018075,0.012272058581105583,-0.04601970299332825
11.17494249343872,0.022243153766099866,-0.19518724627954587,0.16059353417858357,0.005369099821018075,0.012272058581105583,-0.04601970299332825
11.180011987686157,0.022243153766099866,-0.19518724627954587,0.16059353417858357,0.005369099821018075,0.012272058581105583,-0.04601970299332825
11.185008764266968,0.022243153766099866,-0.19518724627954587,0.16059353417858357,0.005369099821018075,0.012272058581105583,-0.04601970299332825
11.190133094787598,0.022243153766099866,-0.19518724627954587,0.16059353417858357,0.005369099821018075,0.012272058581105583,-0.04601970299332825
11.194901704788208,0.022243153766099866,-0.19518724627954587,0.16059353417858357,0.005369099821018075,0.012272058581105583,-0.04601970299332825
11.199941873550415,0.022243153766099866,-0.19518724627954587,0.16059353417858357,0.005369099821018075,0.012272058581105583,-0.04601970299332825
11.204904794692993,0.022243153766099866,-0.19518724627954587,0.16059353417858357,0.005369099821018075,0.012272058581105583,-0.04601970299332825
11.209972620010376,0.022243153766099866,-0.19518724627954587,0.16059353417858357,0.005369099821018075,0.012272058581105583,-0.04601970299332825
11.215107202529907,0.022243153766099866,-0.19518724627954587,0.16059353417858357,0.005369099821018075,0.012272058581105583,-0.04601970299332825
11.219972133636475,0.022243153766099866,-0.19518724627954587,0.16059353417858357,0.005369099821018075,0.012272058581105583,-0.04601970299332825
11.224984645843506,0.022243153766099866,-0.19518724627954587,0.16059353417858357,0.005369099821018075,0.012272058581105583,-0.04601970299332825
11.229989767074585,0.022243153766099866,-0.19518724627954587,0.16059353417858357,0.005369099821018075,0.012272058581105583,-0.04601970299332825
11.234939575195312,0.022243153766099866,-0.19518724627954587,0.16059353417858357,0.005369099821018075,0.012272058581105583,-0.04601970299332825
11.24051570892334,0.022243153766099866,-0.19518724627954587,0.16059353417858357,0.005369099821018075,0.012272058581105583,-0.04601970299332825
11.244895458221436,0.022243153766099866,-0.19518724627954587,0.16059353417858357,0.005369099821018075,0.012272058581105583,-0.04601970299332825
11.249957084655762,0.022243153766099866,-0.19518724627954587,0.16059353417858357,0.005369099821018075,0.012272058581105583,-0.04601970299332825
11.254889488220215,0.022243153766099866,-0.19518724627954587,0.16059353417858357,0.005369099821018075,0.012272058581105583,-0.04601970299332825
11.259954690933228,0.022243153766099866,-0.19518724627954587,0.16059353417858357,0.005369099821018075,0.012272058581105583,-0.04601970299332825
11.264987707138062,0.022243153766099866,-0.19518724627954587,0.16059353417858357,0.005369099821018075,0.012272058581105583,-0.04601970299332825
11.269993305206299,0.022243153766099866,-0.19518724627954587,0.16059353417858357,0.005369099821018075,0.012272058581105583,-0.04601970299332825
11.27492094039917,0.022243153766099866,-0.19518724627954587,0.16059353417858357,0.005369099821018075,0.012272058581105583,-0.04601970299332825
11.279887914657593,0.022243153766099866,-0.19518724627954587,0.16059353417858357,0.005369099821018075,0.012272058581105583,-0.04601970299332825
11.284893035888672,0.022243153766099866,-0.19518724627954587,0.16059353417858357,0.005369099821018075,0.012272058581105583,-0.04601970299332825
11.28989291191101,0.022243153766099866,-0.19518724627954587,0.16059353417858357,0.005369099821018075,0.012272058581105583,-0.04601970299332825
11.295014381408691,0.022243153766099866,-0.19518724627954587,0.16059353417858357,0.005369099821018075,0.012272058581105583,-0.04601970299332825
11.299985885620117,0.022243153766099866,-0.19518724627954587,0.16059353417858357,0.005369099821018075,0.012272058581105583,-0.04601970299332825
11.304946422576904,0.022243153766099866,-0.19518724627954587,0.16059353417858357,0.005369099821018075,0.012272058581105583,-0.04601970299332825
11.30991244316101,0.022243153766099866,-0.19518724627954587,0.16059353417858357,0.005369099821018075,0.012272058581105583,-0.04601970299332825
11.314972639083862,0.022243153766099866,-0.19518724627954587,0.16059353417858357,0.005369099821018075,0.012272058581105583,-0.04601970299332825
11.31993556022644,0.022243153766099866,-0.19518724627954587,0.16059353417858357,0.005369099821018075,0.012272058581105583,-0.04601970299332825
11.324869155883789,0.022243153766099866,-0.19518724627954587,0.16059353417858357,0.005369099821018075,0.012272058581105583,-0.04601970299332825
11.32999563217163,0.022243153766099866,-0.19518724627954587,0.16059353417858357,0.005369099821018075,0.012272058581105583,-0.04601970299332825
11.334894895553589,0.022243153766099866,-0.19518724627954587,0.16059353417858357,0.005369099821018075,0.012272058581105583,-0.04601970299332825
11.340041399002075,0.022243153766099866,-0.19518724627954587,0.16059353417858357,0.005369099821018075,0.012272058581105583,-0.04601970299332825
11.344976902008057,0.022243153766099866,-0.19518724627954587,0.16059353417858357,0.005369099821018075,0.012272058581105583,-0.04601970299332825
11.35009765625,0.022243153766099866,-0.19518724627954587,0.16059353417858357,0.005369099821018075,0.012272058581105583,-0.04601970299332825
11.354982852935791,0.022243153766099866,-0.19518724627954587,0.16059353417858357,0.005369099821018075,0.012272058581105583,-0.04601970299332825
11.359948873519897,0.022243153766099866,-0.19518724627954587,0.16059353417858357,0.005369099821018075,0.012272058581105583,-0.04601970299332825
11.365001916885376,0.022243153766099866,-0.19518724627954587,0.16059353417858357,0.005369099821018075,0.012272058581105583,-0.04601970299332825
11.370164394378662,0.022243153766099866,-0.19518724627954587,0.16059353417858357,0.005369099821018075,0.012272058581105583,-0.04601970299332825
11.374987602233887,0.022243153766099866,-0.19518724627954587,0.16059353417858357,0.005369099821018075,0.012272058581105583,-0.04601970299332825
11.380026578903198,0.022243153766099866,-0.19518724627954587,0.16059353417858357,0.005369099821018075,0.012272058581105583,-0.04601970299332825
11.385002851486206,0.022243153766099866,-0.19518724627954587,0.16059353417858357,0.005369099821018075,0.012272058581105583,-0.04601970299332825
11.389889478683472,0.022243153766099866,-0.19518724627954587,0.16059353417858357,0.005369099821018075,0.012272058581105583,-0.04601970299332825
11.394993782043457,0.022243153766099866,-0.19518724627954587,0.16059353417858357,0.005369099821018075,0.012272058581105583,-0.04601970299332825
11.399982452392578,0.022243153766099866,-0.19518724627954587,0.16059353417858357,0.005369099821018075,0.012272058581105583,-0.04601970299332825
11.405018091201782,0.022243153766099866,-0.19518724627954587,0.16059353417858357,0.005369099821018075,0.012272058581105583,-0.04601970299332825
11.409916400909424,0.022243153766099866,-0.19518724627954587,0.16059353417858357,0.005369099821018075,0.012272058581105583,-0.04601970299332825
11.414883375167847,0.022243153766099866,-0.19518724627954587,0.16059353417858357,0.005369099821018075,0.012272058581105583,-0.04601970299332825
11.419896602630615,0.022243153766099866,-0.19518724627954587,0.16059353417858357,0.005369099821018075,0.012272058581105583,-0.04601970299332825
11.42489218711853,0.022243153766099866,-0.19518724627954587,0.16059353417858357,0.005369099821018075,0.012272058581105583,-0.04601970299332825
11.430003881454468,0.022243153766099866,-0.19518724627954587,0.16059353417858357,0.005369099821018075,0.012272058581105583,-0.04601970299332825
11.434991836547852,0.022243153766099866,-0.19518724627954587,0.16059353417858357,0.005369099821018075,0.012272058581105583,-0.04601970299332825
11.440000057220459,0.022243153766099866,-0.19518724627954587,0.16059353417858357,0.005369099821018075,0.012272058581105583,-0.04601970299332825
11.444921255111694,0.022243153766099866,-0.19518724627954587,0.16059353417858357,0.005369099821018075,0.012272058581105583,-0.04601970299332825
11.450002908706665,0.022243153766099866,-0.19518724627954587,0.16059353417858357,0.005369099821018075,0.012272058581105583,-0.04601970299332825
11.455023288726807,0.022243153766099866,-0.19518724627954587,0.16059353417858357,0.005369099821018075,0.012272058581105583,-0.04601970299332825
11.460193395614624,0.022243153766099866,-0.19518724627954587,0.16059353417858357,0.005369099821018075,0.012272058581105583,-0.04601970299332825
11.464925289154053,0.022243153766099866,-0.19518724627954587,0.16059353417858357,0.005369099821018075,0.012272058581105583,-0.04601970299332825
11.469890594482422,0.022243153766099866,-0.19518724627954587,0.16059353417858357,0.005369099821018075,0.012272058581105583,-0.04601970299332825
11.474993467330933,0.022243153766099866,-0.19518724627954587,0.16059353417858357,0.005369099821018075,0.012272058581105583,-0.04601970299332825
11.479902505874634,0.022243153766099866,-0.19518724627954587,0.16059353417858357,0.005369099821018075,0.012272058581105583,-0.04601970299332825
11.484923839569092,0.022243153766099866,-0.19518724627954587,0.16059353417858357,0.005369099821018075,0.012272058581105583,-0.04601970299332825
11.489943027496338,0.022243153766099866,-0.19518724627954587,0.16059353417858357,0.005369099821018075,0.012272058581105583,-0.04601970299332825
11.494916200637817,0.022243153766099866,-0.19518724627954587,0.16059353417858357,0.005369099821018075,0.012272058581105583,-0.04601970299332825
11.499978303909302,0.022243153766099866,-0.19518724627954587,0.16059353417858357,0.005369099821018075,0.012272058581105583,-0.04601970299332825
11.50506067276001,0.022243153766099866,-0.19518724627954587,0.16059353417858357,0.005369099821018075,0.012272058581105583,-0.04601970299332825
11.509979963302612,0.022243153766099866,-0.19518724627954587,0.16059353417858357,0.005369099821018075,0.012272058581105583,-0.04601970299332825
11.514907598495483,0.022243153766099866,-0.19518724627954587,0.16059353417858357,0.005369099821018075,0.012272058581105583,-0.04601970299332825
11.519906282424927,0.022243153766099866,-0.19518724627954587,0.16059353417858357,0.005369099821018075,0.012272058581105583,-0.04601970299332825
11.524948835372925,0.022243153766099866,-0.19518724627954587,0.16059353417858357,0.005369099821018075,0.012272058581105583,-0.04601970299332825
11.529953718185425,0.022243153766099866,-0.19518724627954587,0.16059353417858357,0.005369099821018075,0.012272058581105583,-0.04601970299332825
11.534947156906128,0.022243153766099866,-0.19518724627954587,0.16059353417858357,0.005369099821018075,0.012272058581105583,-0.04601970299332825
11.539936065673828,0.022243153766099866,-0.19518724627954587,0.16059353417858357,0.005369099821018075,0.012272058581105583,-0.04601970299332825
11.544934511184692,0.022243153766099866,-0.19518724627954587,0.16059353417858357,0.005369099821018075,0.012272058581105583,-0.04601970299332825
11.550140857696533,0.022243153766099866,-0.19518724627954587,0.16059353417858357,0.005369099821018075,0.012272058581105583,-0.04601970299332825
11.554903507232666,0.022243153766099866,-0.19518724627954587,0.16059353417858357,0.005369099821018075,0.012272058581105583,-0.04601970299332825
11.559887409210205,0.022243153766099866,-0.19518724627954587,0.16059353417858357,0.005369099821018075,0.012272058581105583,-0.04601970299332825
11.564932107925415,0.022243153766099866,-0.19518724627954587,0.16059353417858357,0.005369099821018075,0.012272058581105583,-0.04601970299332825
11.569909572601318,0.022243153766099866,-0.19518724627954587,0.16059353417858357,0.005369099821018075,0.012272058581105583,-0.04601970299332825
11.575007200241089,0.022243153766099866,-0.19518724627954587,0.16059353417858357,0.005369099821018075,0.012272058581105583,-0.04601970299332825
11.580023765563965,0.022243153766099866,-0.19518724627954587,0.16059353417858357,0.005369099821018075,0.012272058581105583,-0.04601970299332825
11.58507251739502,0.022243153766099866,-0.19518724627954587,0.16059353417858357,0.005369099821018075,0.012272058581105583,-0.04601970299332825
11.590047359466553,0.022243153766099866,-0.19518724627954587,0.16059353417858357,0.005369099821018075,0.012272058581105583,-0.04601970299332825
11.595065593719482,0.022243153766099866,-0.19518724627954587,0.16059353417858357,0.005369099821018075,0.012272058581105583,-0.04601970299332825
11.600089311599731,0.022243153766099866,-0.19518724627954587,0.16059353417858357,0.005369099821018075,0.012272058581105583,-0.04601970299332825
11.60489273071289,0.022243153766099866,-0.19518724627954587,0.16059353417858357,0.005369099821018075,0.012272058581105583,-0.04601970299332825
11.610014915466309,0.022243153766099866,-0.19518724627954587,0.16059353417858357,0.005369099821018075,0.012272058581105583,-0.04601970299332825
11.614967823028564,0.022243153766099866,-0.19518724627954587,0.16059353417858357,0.005369099821018075,0.012272058581105583,-0.04601970299332825
11.61989164352417,0.022243153766099866,-0.19518724627954587,0.16059353417858357,0.005369099821018075,0.012272058581105583,-0.04601970299332825
11.62489938735962,0.022243153766099866,-0.19518724627954587,0.16059353417858357,0.005369099821018075,0.012272058581105583,-0.04601970299332825
11.629939794540405,0.022243153766099866,-0.19518724627954587,0.16059353417858357,0.005369099821018075,0.012272058581105583,-0.04601970299332825
11.63489294052124,0.022243153766099866,-0.19518724627954587,0.16059353417858357,0.005369099821018075,0.012272058581105583,-0.04601970299332825
11.639892816543579,0.022243153766099866,-0.19518724627954587,0.16059353417858357,0.005369099821018075,0.012272058581105583,-0.04601970299332825
11.644965171813965,0.022243153766099866,-0.19518724627954587,0.16059353417858357,0.005369099821018075,0.012272058581105583,-0.04601970299332825
11.649888038635254,0.022243153766099866,-0.19518724627954587,0.16059353417858357,0.005369099821018075,0.012272058581105583,-0.04601970299332825
11.654895067214966,0.022243153766099866,-0.19518724627954587,0.16059353417858357,0.005369099821018075,0.012272058581105583,-0.04601970299332825
11.659881353378296,0.022243153766099866,-0.19518724627954587,0.16059353417858357,0.005369099821018075,0.012272058581105583,-0.04601970299332825
11.66488265991211,0.022243153766099866,-0.19518724627954587,0.16059353417858357,0.005369099821018075,0.012272058581105583,-0.04601970299332825
11.669881820678711,0.022243153766099866,-0.19518724627954587,0.16059353417858357,0.005369099821018075,0.012272058581105583,-0.04601970299332825
11.674951076507568,0.022243153766099866,-0.19518724627954587,0.16059353417858357,0.005369099821018075,0.012272058581105583,-0.04601970299332825
11.679909944534302,0.022243153766099866,-0.19518724627954587,0.16059353417858357,0.005369099821018075,0.012272058581105583,-0.04601970299332825
11.684950590133667,0.022243153766099866,-0.19518724627954587,0.16059353417858357,0.005369099821018075,0.012272058581105583,-0.04601970299332825
11.68991208076477,0.022243153766099866,-0.19518724627954587,0.16059353417858357,0.005369099821018075,0.012272058581105583,-0.04601970299332825
11.694868564605713,0.022243153766099866,-0.19518724627954587,0.16059353417858357,0.005369099821018075,0.012272058581105583,-0.04601970299332825
11.699862480163574,0.022243153766099866,-0.19518724627954587,0.16059353417858357,0.005369099821018075,0.012272058581105583,-0.04601970299332825
11.7048659324646,0.022243153766099866,-0.19518724627954587,0.16059353417858357,0.005369099821018075,0.012272058581105583,-0.04601970299332825
11.709928035736084,0.022243153766099866,-0.19518724627954587,0.16059353417858357,0.005369099821018075,0.012272058581105583,-0.04601970299332825
11.714911460876465,0.022243153766099866,-0.19518724627954587,0.16059353417858357,0.005369099821018075,0.012272058581105583,-0.04601970299332825
11.719958066940308,0.022243153766099866,-0.19518724627954587,0.16059353417858357,0.005369099821018075,0.012272058581105583,-0.04601970299332825
11.724900722503662,0.022243153766099866,-0.19518724627954587,0.16059353417858357,0.005369099821018075,0.012272058581105583,-0.04601970299332825
11.729896306991577,0.022243153766099866,-0.19518724627954587,0.16059353417858357,0.005369099821018075,0.012272058581105583,-0.04601970299332825
11.734928369522095,0.022243153766099866,-0.19518724627954587,0.16059353417858357,0.005369099821018075,0.012272058581105583,-0.04601970299332825
11.739893674850464,0.022243153766099866,-0.19518724627954587,0.16059353417858357,0.005369099821018075,0.012272058581105583,-0.04601970299332825
11.745004177093506,0.022243153766099866,-0.19518724627954587,0.16059353417858357,0.005369099821018075,0.012272058581105583,-0.04601970299332825
11.749900817871094,0.022243153766099866,-0.19518724627954587,0.16059353417858357,0.005369099821018075,0.012272058581105583,-0.04601970299332825
11.754889965057373,0.022243153766099866,-0.19518724627954587,0.16059353417858357,0.005369099821018075,0.012272058581105583,-0.04601970299332825
11.759888887405396,0.022243153766099866,-0.19518724627954587,0.16059353417858357,0.005369099821018075,0.012272058581105583,-0.04601970299332825
11.764902114868164,0.022243153766099866,-0.19518724627954587,0.16059353417858357,0.005369099821018075,0.012272058581105583,-0.04601970299332825
11.770022869110107,0.022243153766099866,-0.19518724627954587,0.16059353417858357,0.005369099821018075,0.012272058581105583,-0.04601970299332825
11.774907112121582,0.022243153766099866,-0.19518724627954587,0.16059353417858357,0.005369099821018075,0.012272058581105583,-0.04601970299332825
11.779966592788696,0.022243153766099866,-0.19518724627954587,0.16059353417858357,0.005369099821018075,0.012272058581105583,-0.04601970299332825
11.784895658493042,0.022243153766099866,-0.19518724627954587,0.16059353417858357,0.005369099821018075,0.012272058581105583,-0.04601970299332825
11.789984226226807,0.022243153766099866,-0.19518724627954587,0.16059353417858357,0.005369099821018075,0.012272058581105583,-0.04601970299332825
11.794893026351929,0.022243153766099866,-0.19518724627954587,0.16059353417858357,0.005369099821018075,0.012272058581105583,-0.04601970299332825
11.800000429153442,0.022243153766099866,-0.19518724627954587,0.16059353417858357,0.005369099821018075,0.012272058581105583,-0.04601970299332825
11.804957389831543,0.022243153766099866,-0.19518724627954587,0.16059353417858357,0.005369099821018075,0.012272058581105583,-0.04601970299332825
11.810024499893188,0.022243153766099866,-0.19518724627954587,0.16059353417858357,0.005369099821018075,0.012272058581105583,-0.04601970299332825
11.815033435821533,0.022243153766099866,-0.19518724627954587,0.16059353417858357,0.005369099821018075,0.012272058581105583,-0.04601970299332825
11.819882154464722,0.022243153766099866,-0.19518724627954587,0.16059353417858357,0.005369099821018075,0.012272058581105583,-0.04601970299332825
11.824995517730713,0.022243153766099866,-0.19518724627954587,0.16059353417858357,0.005369099821018075,0.012272058581105583,-0.04601970299332825
11.82988977432251,0.022243153766099866,-0.19518724627954587,0.16059353417858357,0.005369099821018075,0.012272058581105583,-0.04601970299332825
11.834864139556885,0.022243153766099866,-0.19518724627954587,0.16059353417858357,0.005369099821018075,0.012272058581105583,-0.04601970299332825
11.839897155761719,0.022243153766099866,-0.19518724627954587,0.16059353417858357,0.005369099821018075,0.012272058581105583,-0.04601970299332825
11.844899654388428,0.022243153766099866,-0.19518724627954587,0.16059353417858357,0.005369099821018075,0.012272058581105583,-0.04601970299332825
11.849895238876343,0.022243153766099866,-0.19518724627954587,0.16059353417858357,0.005369099821018075,0.012272058581105583,-0.04601970299332825
11.854913473129272,0.022243153766099866,-0.19518724627954587,0.16059353417858357,0.005369099821018075,0.012272058581105583,-0.04601970299332825
11.859862327575684,0.022243153766099866,-0.19518724627954587,0.16059353417858357,0.005369099821018075,0.012272058581105583,-0.04601970299332825
11.865219593048096,0.022243153766099866,-0.19518724627954587,0.16059353417858357,0.005369099821018075,0.012272058581105583,-0.04601970299332825
11.86993932723999,0.022243153766099866,-0.19518724627954587,0.16059353417858357,0.005369099821018075,0.012272058581105583,-0.04601970299332825
11.874896764755249,0.022243153766099866,-0.19518724627954587,0.16059353417858357,0.005369099821018075,0.012272058581105583,-0.04601970299332825
11.879979372024536,0.022243153766099866,-0.19518724627954587,0.16059353417858357,0.005369099821018075,0.012272058581105583,-0.04601970299332825
11.884895324707031,0.022243153766099866,-0.19518724627954587,0.16059353417858357,0.005369099821018075,0.012272058581105583,-0.04601970299332825
11.88996171951294,0.022243153766099866,-0.19518724627954587,0.16059353417858357,0.005369099821018075,0.012272058581105583,-0.04601970299332825
11.894896984100342,0.022243153766099866,-0.19518724627954587,0.16059353417858357,0.005369099821018075,0.012272058581105583,-0.04601970299332825
11.899896144866943,0.022243153766099866,-0.19518724627954587,0.16059353417858357,0.005369099821018075,0.012272058581105583,-0.04601970299332825
11.904973030090332,0.022243153766099866,-0.19518724627954587,0.16059353417858357,0.005369099821018075,0.012272058581105583,-0.04601970299332825
11.909968137741089,0.022243153766099866,-0.19518724627954587,0.16059353417858357,0.005369099821018075,0.012272058581105583,-0.04601970299332825
11.914917945861816,0.022243153766099866,-0.19518724627954587,0.16059353417858357,0.005369099821018075,0.012272058581105583,-0.04601970299332825
11.919865608215332,0.022243153766099866,-0.19518724627954587,0.16059353417858357,0.005369099821018075,0.012272058581105583,-0.04601970299332825
11.924896955490112,0.022243153766099866,-0.19518724627954587,0.16059353417858357,0.005369099821018075,0.012272058581105583,-0.04601970299332825
11.929888725280762,0.022243153766099866,-0.19518724627954587,0.16059353417858357,0.005369099821018075,0.012272058581105583,-0.04601970299332825
11.935003519058228,0.022243153766099866,-0.19518724627954587,0.16059353417858357,0.005369099821018075,0.012272058581105583,-0.04601970299332825
11.9399995803833,0.022243153766099866,-0.19518724627954587,0.16059353417858357,0.005369099821018075,0.012272058581105583,-0.04601970299332825
11.94499135017395,0.022243153766099866,-0.19518724627954587,0.16059353417858357,0.005369099821018075,0.012272058581105583,-0.04601970299332825
11.949972867965698,0.022243153766099866,-0.19518724627954587,0.16059353417858357,0.005369099821018075,0.012272058581105583,-0.04601970299332825
11.95502233505249,0.022243153766099866,-0.19518724627954587,0.16059353417858357,0.005369099821018075,0.012272058581105583,-0.04601970299332825
11.959943056106567,0.022243153766099866,-0.19518724627954587,0.16059353417858357,0.005369099821018075,0.012272058581105583,-0.04601970299332825
11.964890718460083,0.022243153766099866,-0.19518724627954587,0.16059353417858357,0.005369099821018075,0.012272058581105583,-0.04601970299332825
11.969900846481323,0.022243153766099866,-0.19518724627954587,0.16059353417858357,0.005369099821018075,0.012272058581105583,-0.04601970299332825
11.974896669387817,0.022243153766099866,-0.19518724627954587,0.16059353417858357,0.005369099821018075,0.012272058581105583,-0.04601970299332825
11.979887962341309,0.022243153766099866,-0.19518724627954587,0.16059353417858357,0.005369099821018075,0.012272058581105583,-0.04601970299332825
11.984996318817139,0.022243153766099866,-0.19518724627954587,0.16059353417858357,0.005369099821018075,0.012272058581105583,-0.04601970299332825
11.98996090888977,0.022243153766099866,-0.19518724627954587,0.16059353417858357,0.005369099821018075,0.012272058581105583,-0.04601970299332825
11.99490213394165,0.022243153766099866,-0.19518724627954587,0.16059353417858357,0.005369099821018075,0.012272058581105583,-0.04601970299332825
12.000144243240356,0.022243153766099866,-0.19518724627954587,0.16059353417858357,0.005369099821018075,0.012272058581105583,-0.04601970299332825
12.004909753799438,0.022243153766099866,-0.19518724627954587,0.16059353417858357,0.005369099821018075,0.012272058581105583,-0.04601970299332825
12.009865283966064,0.022243153766099866,-0.19518724627954587,0.16059353417858357,0.005369099821018075,0.012272058581105583,-0.04601970299332825
12.014954566955566,0.022243153766099866,-0.19518724627954587,0.16059353417858357,0.005369099821018075,0.012272058581105583,-0.04601970299332825
12.019891023635864,0.022243153766099866,-0.19518724627954587,0.16059353417858357,0.005369099821018075,0.012272058581105583,-0.04601970299332825
12.025001287460327,0.022243153766099866,-0.19518724627954587,0.16059353417858357,0.005369099821018075,0.012272058581105583,-0.04601970299332825
12.02992844581604,0.022243153766099866,-0.19518724627954587,0.16059353417858357,0.005369099821018075,0.012272058581105583,-0.04601970299332825
12.034953594207764,0.022243153766099866,-0.19518724627954587,0.16059353417858357,0.005369099821018075,0.012272058581105583,-0.04601970299332825
12.039990186691284,0.022243153766099866,-0.19518724627954587,0.16059353417858357,0.005369099821018075,0.012272058581105583,-0.04601970299332825
12.044904470443726,0.022243153766099866,-0.19518724627954587,0.16059353417858357,0.005369099821018075,0.012272058581105583,-0.04601970299332825
12.050088167190552,0.022243153766099866,-0.19518724627954587,0.16059353417858357,0.005369099821018075,0.012272058581105583,-0.04601970299332825
12.054908037185669,0.022243153766099866,-0.19518724627954587,0.16059353417858357,0.005369099821018075,0.012272058581105583,-0.04601970299332825
12.060023307800293,0.022243153766099866,-0.19518724627954587,0.16059353417858357,0.005369099821018075,0.012272058581105583,-0.04601970299332825
12.064973831176758,0.022243153766099866,-0.19518724627954587,0.16059353417858357,0.005369099821018075,0.012272058581105583,-0.04601970299332825
12.06997561454773,0.022243153766099866,-0.19518724627954587,0.16059353417858357,0.005369099821018075,0.012272058581105583,-0.04601970299332825
12.075092077255249,0.022243153766099866,-0.19518724627954587,0.16059353417858357,0.005369099821018075,0.012272058581105583,-0.04601970299332825
12.079972267150879,0.022243153766099866,-0.19518724627954587,0.16059353417858357,0.005369099821018075,0.012272058581105583,-0.04601970299332825
12.085104703903198,0.022243153766099866,-0.19518724627954587,0.16059353417858357,0.005369099821018075,0.012272058581105583,-0.04601970299332825
12.090025663375854,0.022243153766099866,-0.19518724627954587,0.1605954516838275,0.005369099821018075,0.012272058581105583,-0.04601970299332825
12.09499216079712,0.022243153766099866,-0.19518724627954587,0.1605954516838275,0.005369099821018075,0.012272058581105583,-0.04601970299332825
12.099889993667603,0.022243153766099866,-0.19518724627954587,0.1605954516838275,0.005369099821018075,0.012272058581105583,-0.04601970299332825
12.104949474334717,0.022243153766099866,-0.19518724627954587,0.1605954516838275,0.005369099821018075,0.012272058581105583,-0.04601970299332825
12.109891176223755,0.022243153766099866,-0.19518724627954587,0.1605954516838275,0.005369099821018075,0.012272058581105583,-0.04601970299332825
12.11499834060669,0.022243153766099866,-0.19518724627954587,0.1605954516838275,0.005369099821018075,0.012272058581105583,-0.04601970299332825
12.120000123977661,0.022243153766099866,-0.19518724627954587,0.16059736918907142,0.005369099821018075,0.012272058581105583,-0.04601970299332825
12.124975204467773,0.022243153766099866,-0.19518724627954587,0.16059736918907142,0.005369099821018075,0.012272058581105583,-0.04601970299332825
12.13000226020813,0.022243153766099866,-0.19518724627954587,0.16059736918907142,0.005369099821018075,0.012272058581105583,-0.04601970299332825
12.135092973709106,0.022243153766099866,-0.19518724627954587,0.16059736918907142,0.005369099821018075,0.012272058581105583,-0.04601970299332825
12.140079021453857,0.022243153766099866,-0.19518724627954587,0.16059736918907142,0.005369099821018075,0.012272058581105583,-0.04601970299332825
12.144891500473022,0.022243153766099866,-0.19518724627954587,0.16059736918907142,0.005369099821018075,0.012272058581105583,-0.04601970299332825
12.14996862411499,0.022243153766099866,-0.19518724627954587,0.16059736918907142,0.005369099821018075,0.012272058581105583,-0.04601970299332825
12.15496039390564,0.022243153766099866,-0.19518724627954587,0.16059736918907142,0.005369099821018075,0.012272058581105583,-0.04601970299332825
12.160024642944336,0.022243153766099866,-0.19518724627954587,0.16059736918907142,0.005369099821018075,0.012272058581105583,-0.04601970299332825
12.164960622787476,0.022243153766099866,-0.19518724627954587,0.16059736918907142,0.005369099821018075,0.012272058581105583,-0.04601970299332825
12.17008924484253,0.022243153766099866,-0.19518724627954587,0.16059736918907142,0.005369099821018075,0.012272058581105583,-0.04601970299332825
12.174996137619019,0.022243153766099866,-0.19518724627954587,0.16059736918907142,0.005369099821018075,0.012272058581105583,-0.04601970299332825
12.179931879043579,0.022243153766099866,-0.19518724627954587,0.16059736918907142,0.005369099821018075,0.012272058581105583,-0.04601970299332825
12.18489933013916,0.022243153766099866,-0.19518724627954587,0.16059736918907142,0.005369099821018075,0.012272058581105583,-0.04601970299332825
12.189866065979004,0.022243153766099866,-0.19518724627954587,0.16059736918907142,0.005369099821018075,0.012272058581105583,-0.04601970299332825
12.194902658462524,0.022243153766099866,-0.19518724627954587,0.16059736918907142,0.005369099821018075,0.012272058581105583,-0.04601970299332825
12.19991683959961,0.022243153766099866,-0.19518724627954587,0.16059736918907142,0.005369099821018075,0.012272058581105583,-0.04601970299332825
12.205056428909302,0.022243153766099866,-0.19518724627954587,0.16059736918907142,0.005369099821018075,0.012272058581105583,-0.04601970299332825
12.210003852844238,0.022243153766099866,-0.19518724627954587,0.16059736918907142,0.005369099821018075,0.012272058581105583,-0.04601970299332825
12.2149498462677,0.022243153766099866,-0.19518724627954587,0.16059736918907142,0.005369099821018075,0.012272058581105583,-0.04601970299332825
12.219990968704224,0.022243153766099866,-0.19518724627954587,0.16059736918907142,0.005369099821018075,0.012272058581105583,-0.04601970299332825
12.224933862686157,0.022243153766099866,-0.19518724627954587,0.16059736918907142,0.005369099821018075,0.012272058581105583,-0.04601970299332825
12.229900598526001,0.022243153766099866,-0.19518724627954587,0.16059736918907142,0.005369099821018075,0.012272058581105583,-0.04601970299332825
12.234890222549438,0.022243153766099866,-0.19518724627954587,0.16059736918907142,0.005369099821018075,0.012272058581105583,-0.04601970299332825
12.239995241165161,0.022243153766099866,-0.19518724627954587,0.16059736918907142,0.005369099821018075,0.012272058581105583,-0.04601970299332825
12.245102405548096,0.022243153766099866,-0.19518724627954587,0.16059736918907142,0.005369099821018075,0.012272058581105583,-0.04601970299332825
12.250114440917969,0.022243153766099866,-0.19518724627954587,0.16059736918907142,0.005369099821018075,0.012272058581105583,-0.04601970299332825
12.255007028579712,0.022243153766099866,-0.19518724627954587,0.16059736918907142,0.005369099821018075,0.012272058581105583,-0.04601970299332825
12.260116338729858,0.022243153766099866,-0.19518724627954587,0.16059736918907142,0.005369099821018075,0.012272058581105583,-0.04601970299332825
12.264898538589478,0.022243153766099866,-0.19518724627954587,0.16059736918907142,0.005369099821018075,0.012272058581105583,-0.04601970299332825
12.270058870315552,0.022243153766099866,-0.19518724627954587,0.16059736918907142,0.005369099821018075,0.012272058581105583,-0.04601970299332825
12.274895191192627,0.022243153766099866,-0.19518724627954587,0.16059736918907142,0.005369099821018075,0.012272058581105583,-0.04601970299332825
12.279921293258667,0.022243153766099866,-0.19518724627954587,0.16059736918907142,0.005369099821018075,0.012272058581105583,-0.04601970299332825
12.284924745559692,0.022243153766099866,-0.19518724627954587,0.16059736918907142,0.005369099821018075,0.012272058581105583,-0.04601970299332825
12.289865732192993,0.022243153766099866,-0.19518724627954587,0.16059736918907142,0.005369099821018075,0.012272058581105583,-0.04601970299332825
12.2948739528656,0.022243153766099866,-0.19518724627954587,0.16059736918907142,0.005369099821018075,0.012272058581105583,-0.04601970299332825
12.299863576889038,0.022243153766099866,-0.19518724627954587,0.16059736918907142,0.005369099821018075,0.012272058581105583,-0.04601970299332825
12.304893732070923,0.022243153766099866,-0.19518724627954587,0.16059736918907142,0.005369099821018075,0.012272058581105583,-0.04601970299332825
12.309948921203613,0.022243153766099866,-0.19518724627954587,0.16059736918907142,0.005369099821018075,0.012272058581105583,-0.04601970299332825
12.314983367919922,0.022243153766099866,-0.19518724627954587,0.16059736918907142,0.005369099821018075,0.012272058581105583,-0.04601970299332825
12.319950580596924,0.022243153766099866,-0.19518724627954587,0.16059736918907142,0.005369099821018075,0.012272058581105583,-0.04601970299332825
12.324899911880493,0.022243153766099866,-0.19518724627954587,0.16059736918907142,0.005369099821018075,0.012272058581105583,-0.04601970299332825
12.329938411712646,0.022243153766099866,-0.19518724627954587,0.16059736918907142,0.005369099821018075,0.012272058581105583,-0.04601970299332825
12.334876298904419,0.022243153766099866,-0.19518724627954587,0.16059736918907142,0.005369099821018075,0.012272058581105583,-0.04601970299332825
12.339869499206543,0.022243153766099866,-0.19518724627954587,0.16059736918907142,0.005369099821018075,0.012272058581105583,-0.04601970299332825
12.344901323318481,0.022243153766099866,-0.19518724627954587,0.16059736918907142,0.005369099821018075,0.012272058581105583,-0.04601970299332825
12.349900484085083,0.022243153766099866,-0.19518724627954587,0.16059736918907142,0.005369099821018075,0.012272058581105583,-0.04601970299332825
12.354867696762085,0.022243153766099866,-0.19518724627954587,0.16059736918907142,0.005369099821018075,0.012272058581105583,-0.04601970299332825
12.359980821609497,0.022243153766099866,-0.19518724627954587,0.16059736918907142,0.005369099821018075,0.012272058581105583,-0.04601970299332825
12.364943504333496,0.022243153766099866,-0.19518724627954587,0.16059736918907142,0.005369099821018075,0.012272058581105583,-0.04601970299332825
12.369894981384277,0.022243153766099866,-0.19518724627954587,0.16059736918907142,0.005369099821018075,0.012272058581105583,-0.04601970299332825
12.374871492385864,0.022243153766099866,-0.19518724627954587,0.16059736918907142,0.005369099821018075,0.012272058581105583,-0.04601970299332825
12.37987494468689,0.022243153766099866,-0.19518724627954587,0.16059736918907142,0.005369099821018075,0.012272058581105583,-0.04601970299332825
12.384958505630493,0.022243153766099866,-0.19518724627954587,0.16059736918907142,0.005369099821018075,0.012272058581105583,-0.04601970299332825
12.389899015426636,0.022243153766099866,-0.19518724627954587,0.16059736918907142,0.005369099821018075,0.012272058581105583,-0.04601970299332825
12.394909381866455,0.022243153766099866,-0.19518724627954587,0.16059736918907142,0.005369099821018075,0.012272058581105583,-0.04601970299332825
12.400018215179443,0.022243153766099866,-0.19518724627954587,0.16059736918907142,0.005369099821018075,0.012272058581105583,-0.04601970299332825
12.404940128326416,0.022243153766099866,-0.19518724627954587,0.16059736918907142,0.005369099821018075,0.012272058581105583,-0.04601970299332825
12.409908533096313,0.022243153766099866,-0.19518724627954587,0.16059736918907142,0.005369099821018075,0.012272058581105583,-0.04601970299332825
12.414890050888062,0.022243153766099866,-0.19518724627954587,0.16059736918907142,0.005369099821018075,0.012272058581105583,-0.04601970299332825
12.420004844665527,0.022243153766099866,-0.19518724627954587,0.16059736918907142,0.005369099821018075,0.012272058581105583,-0.04601970299332825
12.42490005493164,0.022243153766099866,-0.19518724627954587,0.16059736918907142,0.005369099821018075,0.012272058581105583,-0.04601970299332825
12.429896831512451,0.022243153766099866,-0.19518724627954587,0.16059736918907142,0.005369099821018075,0.012272058581105583,-0.04601970299332825
12.434907913208008,0.022243153766099866,-0.19518724627954587,0.16059736918907142,0.005369099821018075,0.012272058581105583,-0.04601970299332825
12.44002389907837,0.022243153766099866,-0.19518724627954587,0.16059736918907142,0.005369099821018075,0.012272058581105583,-0.04601970299332825
12.444897413253784,0.022243153766099866,-0.19518724627954587,0.16059736918907142,0.005369099821018075,0.012272058581105583,-0.04601970299332825
12.449942111968994,0.022243153766099866,-0.19518724627954587,0.16059736918907142,0.005369099821018075,0.012272058581105583,-0.04601970299332825
12.454998254776001,0.022243153766099866,-0.19518724627954587,0.16059736918907142,0.005369099821018075,0.012272058581105583,-0.04601970299332825
12.459891319274902,0.022243153766099866,-0.19518724627954587,0.16059736918907142,0.005369099821018075,0.012272058581105583,-0.04601970299332825
12.464961528778076,0.022243153766099866,-0.19518724627954587,0.16059736918907142,0.005369099821018075,0.012272058581105583,-0.04601970299332825
12.469909429550171,0.022243153766099866,-0.19518724627954587,0.16059736918907142,0.005369099821018075,0.012272058581105583,-0.04601970299332825
12.474892854690552,0.022243153766099866,-0.19518724627954587,0.16059736918907142,0.005369099821018075,0.012272058581105583,-0.04601970299332825
12.4799063205719,0.022243153766099866,-0.19518724627954587,0.16059736918907142,0.005369099821018075,0.012272058581105583,-0.04601970299332825
12.484900951385498,0.022243153766099866,-0.19518724627954587,0.16059736918907142,0.005369099821018075,0.012272058581105583,-0.04601970299332825
12.489950895309448,0.022243153766099866,-0.19518724627954587,0.16059736918907142,0.005369099821018075,0.012272058581105583,-0.04601970299332825
12.495056390762329,0.022243153766099866,-0.19518724627954587,0.16059736918907142,0.005369099821018075,0.012272058581105583,-0.04601970299332825
12.499996185302734,0.022243153766099866,-0.19518724627954587,0.16059736918907142,0.005369099821018075,0.012272058581105583,-0.04601970299332825
12.504881381988525,0.022243153766099866,-0.19518724627954587,0.16059736918907142,0.005369099821018075,0.012272058581105583,-0.04601970299332825
12.51002812385559,0.022243153766099866,-0.19518724627954587,0.16059736918907142,0.005369099821018075,0.012272058581105583,-0.04601970299332825
12.514891862869263,0.022243153766099866,-0.19518724627954587,0.16059736918907142,0.005369099821018075,0.012272058581105583,-0.04601970299332825
12.520004272460938,0.022243153766099866,-0.19518724627954587,0.16059736918907142,0.005369099821018075,0.012272058581105583,-0.04601970299332825
12.524970293045044,0.022243153766099866,-0.19518724627954587,0.16059736918907142,0.005369099821018075,0.012272058581105583,-0.04601970299332825
12.530005693435669,0.022243153766099866,-0.19518724627954587,0.16059736918907142,0.005369099821018075,0.012272058581105583,-0.04601970299332825
12.535006523132324,0.022243153766099866,-0.19518724627954587,0.16059736918907142,0.005369099821018075,0.012272058581105583,-0.04601970299332825
12.539950847625732,0.022243153766099866,-0.19518724627954587,0.16059736918907142,0.005369099821018075,0.012272058581105583,-0.04601970299332825
12.544938087463379,0.022243153766099866,-0.19518724627954587,0.16059736918907142,0.005369099821018075,0.012272058581105583,-0.04601970299332825
12.549867391586304,0.022243153766099866,-0.19518724627954587,0.16059736918907142,0.005369099821018075,0.012272058581105583,-0.04601970299332825
12.554986000061035,0.022243153766099866,-0.19518724627954587,0.16059736918907142,0.005369099821018075,0.012272058581105583,-0.04601970299332825
12.559964656829834,0.022243153766099866,-0.19518724627954587,0.16059736918907142,0.005369099821018075,0.012272058581105583,-0.04601970299332825
12.56509518623352,0.022243153766099866,-0.19518724627954587,0.16059736918907142,0.005369099821018075,0.012272058581105583,-0.04601970299332825
12.569989204406738,0.022243153766099866,-0.19518724627954587,0.16059736918907142,0.005369099821018075,0.012272058581105583,-0.04601970299332825
12.57502818107605,0.022243153766099866,-0.19518724627954587,0.16059736918907142,0.005369099821018075,0.012272058581105583,-0.04601970299332825
12.580016136169434,0.022243153766099866,-0.19518724627954587,0.16059736918907142,0.005369099821018075,0.012272058581105583,-0.04601970299332825
12.58490514755249,0.022243153766099866,-0.19518724627954587,0.16059736918907142,0.005369099821018075,0.012272058581105583,-0.04601970299332825
12.590005874633789,0.022243153766099866,-0.19518724627954587,0.16059736918907142,0.005369099821018075,0.012272058581105583,-0.04601970299332825
12.594945192337036,0.022243153766099866,-0.19518724627954587,0.16059736918907142,0.005369099821018075,0.012272058581105583,-0.04601970299332825
12.600096464157104,0.022243153766099866,-0.19518724627954587,0.16059736918907142,0.005369099821018075,0.012272058581105583,-0.04601970299332825
12.60496711730957,0.022243153766099866,-0.19518724627954587,0.16060120419955837,0.005369099821018075,0.012272058581105583,-0.04601970299332825
12.610122442245483,0.022243153766099866,-0.19518724627954587,0.16060120419955837,0.005369099821018075,0.012272058581105583,-0.04601970299332825
12.614980220794678,0.022243153766099866,-0.19518724627954587,0.16060120419955837,0.005369099821018075,0.012272058581105583,-0.04601970299332825
12.62010645866394,0.022243153766099866,-0.19518724627954587,0.16060120419955837,0.005369099821018075,0.012272058581105583,-0.04601970299332825
12.624984502792358,0.022243153766099866,-0.19518724627954587,0.16060120419955837,0.005369099821018075,0.012272058581105583,-0.04601970299332825
12.630169153213501,0.022243153766099866,-0.19518724627954587,0.16060120419955837,0.005369099821018075,0.012272058581105583,-0.04601970299332825
12.634990692138672,0.022243153766099866,-0.19518724627954587,0.16060120419955837,0.005369099821018075,0.012272058581105583,-0.04601970299332825
12.639871597290039,0.022243153766099866,-0.19518724627954587,0.16060120419955837,0.005369099821018075,0.012272058581105583,-0.04601970299332825
12.644859313964844,0.022243153766099866,-0.19518724627954587,0.16060120419955837,0.005369099821018075,0.012272058581105583,-0.04601970299332825
12.649892807006836,0.022243153766099866,-0.19518724627954587,0.16060120419955837,0.005369099821018075,0.012272058581105583,-0.04601970299332825
12.654861450195312,0.022243153766099866,-0.19518724627954587,0.16060120419955837,0.005369099821018075,0.012272058581105583,-0.04601970299332825
12.660097122192383,0.022243153766099866,-0.19518724627954587,0.16060120419955837,0.005369099821018075,0.012272058581105583,-0.04601970299332825
12.664977788925171,0.022243153766099866,-0.19518724627954587,0.16060120419955837,0.005369099821018075,0.012272058581105583,-0.04601970299332825
12.670013904571533,0.022243153766099866,-0.19518724627954587,0.16060120419955837,0.005369099821018075,0.012272058581105583,-0.04601970299332825
12.674877405166626,0.022243153766099866,-0.19518724627954587,0.16060120419955837,0.005369099821018075,0.012272058581105583,-0.04601970299332825
12.67998456954956,0.022243153766099866,-0.19518724627954587,0.16060120419955837,0.005369099821018075,0.012272058581105583,-0.04601970299332825
12.684908628463745,0.022243153766099866,-0.19518724627954587,0.16060120419955837,0.005369099821018075,0.012272058581105583,-0.04601970299332825
12.690005540847778,0.022243153766099866,-0.19518724627954587,0.16060120419955837,0.005369099821018075,0.012272058581105583,-0.04601970299332825
12.69493579864502,0.022243153766099866,-0.19518724627954587,0.16060120419955837,0.005369099821018075,0.012272058581105583,-0.04601970299332825
12.69990849494934,0.022243153766099866,-0.19518724627954587,0.16060120419955837,0.005369099821018075,0.012272058581105583,-0.04601970299332825
12.704900741577148,0.022243153766099866,-0.19518724627954587,0.16060120419955837,0.005369099821018075,0.012272058581105583,-0.04601970299332825
12.709962368011475,0.022243153766099866,-0.19518724627954587,0.16060120419955837,0.005369099821018075,0.012272058581105583,-0.04601970299332825
12.714900970458984,0.022243153766099866,-0.19518724627954587,0.16060120419955837,0.005369099821018075,0.012272058581105583,-0.04601970299332825
